flower_0591.jp,3828,4857,4065,2484,2325,2763,3573,3093,2262,750
fruit_0064.jp,24,324,555,2019,3237,4884,5535,2040,732,10650
plane_0681.jp,972,1719,1380,1449,3777,5499,8586,3504,1566,1548
0576.jp,3594,1374,1179,864,912,1212,909,2001,10848,7107
otorbike_0574.jp,17733,2067,2031,1578,1422,1215,846,972,723,1413
plane_0299.jp,1125,4416,5718,6678,7152,1287,705,444,399,2076
plane_0657.jp,81,438,2307,7356,5190,5022,3726,4530,990,360
plane_0279.jp,942,2940,1419,915,828,1182,5115,16473,150,36
person_0059.jp,2076,1980,1686,3444,3726,5373,5769,5187,405,354
plane_0360.jp,39,468,2205,3249,4941,11472,1563,753,1311,3999
0173.jp,7614,3891,2976,2955,2694,2583,2406,1692,1113,2076
plane_0124.jp,1413,1353,1773,2520,4539,4368,5997,2778,1476,3783
person_0157.jp,234,816,2310,3669,3771,4404,4185,3087,1710,5814
fruit_0521.jp,7059,7344,4491,2100,1200,534,228,201,108,6735
0192.jp,5754,3903,4053,5229,2910,2004,3069,2406,507,165
plane_0697.jp,2430,1344,4254,6066,5031,2982,1653,1389,1842,3009
otorbike_0032.jp,4449,2106,2403,5196,3036,3102,1866,1512,2844,3486
flower_0062.jp,1200,2307,4380,3927,2787,1614,1221,1278,1752,9534
plane_0586.jp,348,1356,1641,2187,16998,2289,909,924,1200,2148
plane_0127.jp,1287,2604,1194,906,951,18360,1839,747,1596,516
plane_0688.jp,162,537,1803,2991,2688,4929,2457,12834,891,708
plane_0220.jp,2730,1395,1470,1749,18984,1347,1182,771,210,162
fruit_0947.jp,7143,6921,732,219,99,96,78,156,210,14346
flower_0239.jp,402,1041,1017,1140,1887,3720,4701,6063,9489,540
plane_0442.jp,1941,1599,1362,5433,13626,588,771,2025,2556,99
og_0005.jp,402,1863,4791,6561,5796,4629,3243,1449,651,615
plane_0548.jp,42,576,798,666,876,17838,3255,807,1314,3828
0616.jp,4479,3219,4041,6198,2385,1311,1347,1689,1233,4098
fruit_0400.jp,792,1068,849,795,804,840,2811,2913,5229,13899
0238.jp,7491,7140,1791,1323,2655,3894,1515,1488,1572,1131
plane_0605.jp,2601,2640,984,17532,600,654,939,1548,1287,1215
0855.jp,975,4476,5919,4806,3309,2844,4044,2628,669,330
person_0090.jp,3972,1383,1212,2196,3483,5772,2973,507,381,8121
person_0543.jp,3795,3543,7986,2781,3123,3267,2106,2145,783,471
plane_0364.jp,222,1623,1734,1323,1476,14427,3183,1644,1161,3207
plane_0471.jp,381,2037,1620,2079,5976,9249,1116,1296,1602,4644
plane_0185.jp,4083,1314,708,1179,5529,5097,4338,3789,3096,867
plane_0295.jp,1137,1803,1794,4521,15831,1899,621,654,807,933
0205.jp,14343,1971,1257,744,945,4833,2073,639,1254,1941
person_0962.jp,4767,1770,2136,4617,2910,1842,1341,867,3006,6744
0295.jp,24,48,477,1827,8649,10623,5394,2172,384,402
plane_0483.jp,837,13881,3963,1929,2394,1107,960,1002,1698,2229
otorbike_0005.jp,2565,1482,1413,1248,1227,1482,1374,1482,1068,16659
plane_0301.jp,678,1794,3888,10686,3213,2160,1176,1209,1848,3348
flower_0517.jp,12759,2385,3063,3006,3576,2052,1371,1023,633,132
plane_0396.jp,1104,2523,8994,9555,717,816,1161,1749,3006,375
person_0374.jp,2778,4368,1659,1728,3207,3573,3258,2262,4515,2652
person_0980.jp,1554,2646,3063,2391,3207,4629,3654,3075,1746,4035
otorbike_0542.jp,2421,1044,897,999,1119,1263,1593,1467,2136,17061
0247.jp,5202,2526,2310,4176,4515,5112,1335,900,579,3345
plane_0251.jp,201,2778,10962,4638,1476,1668,2055,1155,1551,3516
0721.jp,3759,9063,5706,2124,1092,1182,2751,3714,402,207
person_0183.jp,3192,1431,1965,2301,3012,3189,2202,996,1161,10551
flower_0784.jp,6198,6072,2412,2013,1635,1155,963,1143,2766,5643
0290.jp,4548,1716,2439,3039,3531,2175,1242,3159,5916,2235
plane_0284.jp,555,5829,2217,1977,1341,2073,2742,9975,3195,96
plane_0590.jp,1065,3102,1707,1659,2034,17400,1155,633,657,588
plane_0163.jp,294,1695,2478,2754,5298,10548,5487,927,411,108
plane_0677.jp,693,1125,738,507,570,17985,2856,1410,2055,2061
fruit_0415.jp,1203,2025,2088,2052,2466,4833,4626,1551,291,8865
og_0437.jp,210,1944,3396,4674,4365,3552,2073,1338,1179,7269
plane_0157.jp,366,924,1365,2565,4335,6969,7365,3261,1413,1437
plane_0067.jp,1668,7983,4245,2532,4296,1665,1938,2253,1518,1902
og_0357.jp,114,441,570,828,2922,4320,7041,6039,3906,3819
plane_0711.jp,315,1068,3105,4782,10878,4254,1188,1194,1290,1926
plane_0326.jp,921,1497,1905,10494,3894,1743,4134,1059,1413,2940
plane_0121.jp,1626,5151,7665,4977,3567,2322,1638,972,1344,738
plane_0288.jp,345,951,1287,17412,1026,966,801,1002,1512,4698
plane_0648.jp,2316,2568,3531,2448,7059,5574,4155,1347,657,345
otorbike_0402.jp,1533,3360,6312,2370,1452,1350,1005,1002,903,10713
plane_0143.jp,4443,6738,8067,4035,2511,1956,1533,387,81,249
otorbike_0609.jp,2466,1467,2088,1890,1719,1485,1614,1779,1947,13545
plane_0400.jp,1344,5298,12102,1290,1782,1377,1374,3132,2283,18
0738.jp,7239,2085,4131,2703,2331,2163,1869,1467,1644,4368
person_0140.jp,4686,2247,1716,2451,2685,3645,3813,3309,5130,318
0910.jp,2289,3051,4710,2889,3204,1404,2007,3042,5430,1974
person_0237.jp,3942,2631,4644,5133,6342,3477,1656,1233,759,183
plane_0341.jp,1335,2937,2583,6867,8241,1494,918,831,840,3954
flower_0557.jp,5088,6408,4611,762,861,2439,3186,2535,3312,798
otorbike_0306.jp,6039,4320,4161,10875,1734,993,1278,537,36,27
plane_0569.jp,1488,2709,3729,3189,5853,4974,3147,921,1392,2598
0584.jp,462,771,1440,2715,3588,3183,1992,7299,4965,3585
plane_0457.jp,1902,8145,4821,3834,2658,2055,810,1050,846,3879
plane_0059.jp,1806,4188,3549,5688,3870,3726,1929,1824,1368,2052
0543.jp,3438,2124,2235,3528,3216,2136,1701,2103,1926,7593
flower_0178.jp,7938,3690,3402,3783,5151,3201,1515,531,324,465
plane_0620.jp,414,1842,3330,7269,8889,2466,1278,2025,1638,849
otorbike_0342.jp,5286,3786,3696,3879,1497,993,1908,6528,1527,900
otorbike_0556.jp,5568,2319,2274,2757,3846,4050,3522,2133,1716,1815
0711.jp,1926,4314,4290,4245,3960,3033,2544,1581,1263,2844
fruit_0180.jp,3450,5184,4962,2415,1926,1581,1794,1101,315,7272
0034.jp,5676,3363,4413,3399,4011,3717,2655,1497,840,429
plane_0186.jp,2538,2418,4281,5535,3810,5079,2730,1980,1419,210
plane_0545.jp,2190,2439,2352,1707,13122,2757,867,717,801,3048
0435.jp,6699,7773,3024,1644,1131,1005,2835,2682,2529,678
plane_0098.jp,1644,4998,5034,5367,3450,3291,2781,930,939,1566
plane_0568.jp,81,585,894,972,19785,906,1266,1977,1266,2268
plane_0679.jp,1296,5376,9249,4977,2871,2217,1860,1701,399,54
person_0522.jp,600,2475,4629,3270,6408,3285,2508,4281,2364,180
plane_0355.jp,63,639,1548,2547,4032,15831,1521,1026,1479,1314
plane_0348.jp,105,600,1968,2838,8703,5967,1851,4161,2763,1044
fruit_0587.jp,1080,960,1182,2055,1791,2136,1998,771,375,17652
plane_0247.jp,1188,6996,3303,6684,5187,1155,1626,1209,1527,1125
plane_0630.jp,2841,1785,801,7443,11964,696,843,996,981,1650
0810.jp,10074,9717,4326,2109,1662,1287,585,174,60,6
plane_0151.jp,600,1236,1530,2712,4218,7608,6081,3258,2127,630
plane_0032.jp,4041,6129,10356,5382,2358,801,309,138,156,330
otorbike_0581.jp,4581,1902,1464,1119,1251,1188,1458,1506,2511,13020
plane_0211.jp,2583,3765,1956,1254,1701,3471,5409,7773,2052,36
person_0330.jp,6219,1914,4116,4104,2127,3423,3237,2103,1704,1053
plane_0314.jp,2778,2931,1983,17214,585,564,777,1119,1569,480
fruit_0289.jp,4278,4587,4755,3612,2871,1788,495,174,57,7383
0895.jp,5646,4239,3006,2232,2511,1704,4185,3255,2310,912
plane_0710.jp,1422,2139,1179,2937,6198,8721,5394,1779,189,42
plane_0307.jp,1782,4140,2301,1575,16779,1608,921,651,225,18
0704.jp,8511,999,540,534,579,681,1995,10410,3714,2037
plane_0353.jp,210,1428,2898,6468,9096,2319,1647,582,873,4479
fruit_0178.jp,2580,2418,3636,4506,5475,3966,864,174,108,6273
person_0406.jp,7515,2706,2547,3987,3657,2712,2184,2622,1755,315
plane_0150.jp,924,3156,3807,2958,7020,2133,2262,4368,1587,1785
plane_0046.jp,1284,5691,8256,5388,2358,1161,1128,1038,1035,2661
plane_0444.jp,1200,972,1539,10293,8343,810,1017,1767,2952,1107
plane_0339.jp,1104,2289,4974,5676,6315,5265,1308,618,447,2004
plane_0083.jp,849,2169,2655,3408,7218,7263,4050,921,1110,357
0254.jp,8418,3390,2298,3531,3057,2595,2010,1857,1332,1512
0697.jp,2712,3009,4080,4737,6171,4374,2274,1968,486,189
og_0003.jp,2367,2751,4989,5238,2547,2061,1680,2697,4770,900
plane_0401.jp,429,2004,2091,18300,732,753,846,873,1518,2454
fruit_0905.jp,270,684,531,774,1011,1683,2655,3771,2706,15915
og_0119.jp,7749,2586,2772,2535,3366,4479,4332,1482,435,264
plane_0303.jp,5235,6531,7785,5580,1686,717,678,972,639,177
plane_0240.jp,1584,3735,2862,14754,897,705,861,1209,1452,1941
fruit_0476.jp,60,1692,5745,5205,4659,3081,1326,630,210,7392
fruit_0119.jp,120,630,1257,1425,2265,2760,4044,4383,3342,9774
plane_0582.jp,1632,2148,2007,20616,825,516,438,369,1101,348
plane_0305.jp,897,6501,6066,5463,2850,2640,2583,1344,1359,297
otorbike_0027.jp,3210,3387,1986,903,954,897,1089,1026,1437,15111
fruit_0440.jp,75,249,582,4293,6957,6258,903,384,312,9987
plane_0139.jp,1929,3507,14205,4281,1731,2808,918,462,141,18
0823.jp,5595,3429,5589,4041,3237,1938,1020,945,2478,1728
plane_0273.jp,543,2415,3753,6270,7107,2985,2277,1455,1032,2163
plane_0594.jp,912,1671,1545,14157,5616,945,651,915,1029,2559
person_0476.jp,9561,1917,2154,1113,1482,2775,2997,4254,3246,501
plane_0503.jp,1329,1665,1413,849,17376,3129,948,840,888,1563
plane_0280.jp,2106,2784,2343,3684,4434,2811,6627,5004,192,15
flower_0470.jp,5970,11205,6993,1581,1158,897,654,519,495,528
plane_0578.jp,1647,489,714,3141,2448,474,558,19587,504,438
plane_0276.jp,1176,2001,2205,1530,1095,6381,13227,600,648,1137
plane_0492.jp,3273,3096,900,1152,16059,651,711,1020,939,2199
otorbike_0030.jp,5019,3678,2262,1494,1356,1260,1296,1173,1227,11235
plane_0172.jp,330,1806,1959,2841,2043,1797,1545,1659,13185,2835
plane_0126.jp,324,2142,3915,7818,4371,3099,3768,2076,1059,1428
otorbike_0616.jp,1056,2715,2604,1710,1518,1305,1497,1791,6687,9117
plane_0652.jp,2343,3696,2931,5394,11379,3516,525,171,24,21
plane_0160.jp,669,1884,1263,1008,12741,3900,984,1896,2970,2685
og_0399.jp,219,1401,3219,5463,8916,4737,3900,1524,540,81
plane_0049.jp,5298,1701,1998,2856,4344,4887,4221,1722,1371,1602
og_0464.jp,135,429,1026,2280,7935,5400,3693,1827,2640,4635
plane_0250.jp,66,384,2868,3084,7653,10866,804,867,1251,2157
plane_0529.jp,276,1836,1224,2358,11073,6864,2676,1500,1020,1173
plane_0366.jp,120,516,1356,1836,2916,7407,12342,1215,1005,1287
og_0374.jp,474,1179,1278,1902,4197,7137,4839,3384,2934,2676
flower_0400.jp,1812,1023,1548,2598,5334,8214,5109,2283,1620,459
plane_0213.jp,2271,3087,2361,1701,1212,13230,2433,3564,84,57
plane_0363.jp,369,1128,1812,2718,3753,13947,1287,795,1188,3003
og_0057.jp,2733,5979,6981,3714,1626,1164,846,918,1194,4845
plane_0075.jp,10569,9696,2322,1254,561,606,1389,2787,777,39
0875.jp,6087,2616,1440,1803,2922,2355,2301,1833,2700,5943
plane_0047.jp,3303,2349,6498,9735,4899,864,777,873,519,183
plane_0205.jp,834,3309,2370,12759,3996,1062,1281,894,954,2541
otorbike_0294.jp,9615,4320,4242,3732,3819,1656,975,597,432,612
0346.jp,8598,2577,3066,2223,1959,1911,3372,5442,678,174
person_0677.jp,2280,2064,1710,3969,5655,6606,4341,2421,837,117
plane_0249.jp,492,2337,10416,6522,1641,1710,2172,1056,1032,2622
flower_0617.jp,4737,5088,7638,5088,2370,1428,1401,1029,789,432
0606.jp,1341,1284,2880,5295,6207,6156,3777,1773,891,396
plane_0507.jp,480,1380,1923,1791,19371,1179,828,912,822,1314
og_0218.jp,3669,6711,5301,4302,2487,2304,2223,1767,732,504
otorbike_0120.jp,1731,1998,2199,3252,2841,2505,2250,2526,3183,7515
otorbike_0315.jp,3288,2880,3555,3669,3093,2646,2373,2247,2445,3804
fruit_0334.jp,87,309,1461,1032,1497,1593,2142,4779,4977,12123
plane_0494.jp,2976,2148,1263,1167,5682,13935,357,267,405,1800
og_0672.jp,540,3348,2505,3561,6810,5229,3801,2442,1263,501
plane_0359.jp,297,945,1392,1554,6885,7182,4467,2640,2079,2559
plane_0118.jp,852,2547,7431,5253,3714,3369,2703,1518,1518,1095
og_0328.jp,2787,8148,6399,2049,684,459,585,1380,2988,4521
og_0061.jp,1836,3786,5235,2376,3099,4779,3975,2472,1740,702
0200.jp,306,270,378,774,2568,7113,10254,5673,2202,462
0778.jp,12561,3153,3261,2355,3681,3204,816,432,267,270
og_0380.jp,1260,2463,3732,5154,3687,4002,2259,1227,1635,4581
0612.jp,5007,5871,5337,3357,2343,1083,1047,846,3552,1557
0187.jp,1119,4107,4578,4389,4020,2859,1845,2811,3900,372
plane_0443.jp,1935,1923,1371,2445,16983,2223,1401,939,357,423
plane_0434.jp,771,5604,5631,4911,3120,2262,2061,1263,1749,2628
plane_0692.jp,495,1053,1599,2310,3333,13869,2199,1761,1563,1818
0893.jp,4917,2199,1809,1863,2154,2643,6219,2463,3594,2139
og_0339.jp,882,1512,1695,2757,6756,9222,4806,1698,426,246
plane_0683.jp,2169,1563,1410,1575,1320,1656,2622,4422,9255,4008
person_0615.jp,2445,573,522,1314,3000,3519,3891,3744,4614,6378
plane_0392.jp,1032,3153,6861,9990,933,1455,1794,2064,2655,63
otorbike_0161.jp,4953,3600,3828,3039,2817,2772,2838,2517,2112,1524
person_0005.jp,258,1206,2895,3906,7050,4875,2871,3366,3333,240
fruit_0408.jp,4968,9918,3291,1404,924,651,534,549,354,7407
0954.jp,12867,4320,3459,1275,699,843,675,198,204,5460
otorbike_0722.jp,19401,3384,1797,1497,1215,882,612,378,303,531
plane_0463.jp,117,345,1107,1929,3477,15087,1686,1149,1398,3705
fruit_0265.jp,2013,5646,8289,4542,1140,603,165,192,144,7266
plane_0565.jp,3201,1599,993,693,597,849,16422,3891,1317,438
og_0054.jp,186,2853,6342,7902,6138,2757,1554,1155,699,414
plane_0460.jp,594,1425,3066,3456,1818,1923,987,9276,4290,3165
plane_0446.jp,693,1572,2652,16266,951,1080,1431,2199,1569,1587
plane_0114.jp,261,1278,2049,7329,6492,6159,3075,2736,417,204
plane_0678.jp,1392,723,567,588,699,2187,18171,1161,894,3618
0475.jp,141,1416,8277,7530,4668,3201,1683,1140,903,1041
plane_0179.jp,1596,2655,3972,5007,4974,3933,1008,1035,5748,72
person_0428.jp,141,789,1143,2196,5970,7005,6270,4470,1686,330
person_0252.jp,3513,3348,5877,4365,2664,2919,3000,2958,1155,201
flower_0055.jp,15207,2685,1743,1698,1782,2211,2343,1638,579,114
plane_0656.jp,2103,1395,1563,6483,9654,3531,1125,507,741,2898
0350.jp,4908,5091,3267,1818,1740,1125,636,2031,5688,3696
0011.jp,777,3255,6441,5172,4278,5097,2898,1296,645,141
plane_0315.jp,6153,3495,17784,1731,216,126,135,132,105,123
og_0367.jp,4023,3957,4428,1851,1527,1596,1842,2007,3576,5193
plane_0331.jp,201,1128,948,1599,1866,2265,4272,9003,7959,759
0849.jp,4941,3168,6129,2130,5106,1806,1701,3462,1440,117
plane_0708.jp,585,2250,3576,5871,5979,8025,1794,1263,402,255
og_0185.jp,10884,2229,2166,2193,1968,1554,1200,2283,3801,1722
fruit_0922.jp,4851,6855,4614,2313,1329,780,555,192,144,8367
plane_0101.jp,1404,1857,1734,1413,2523,16989,1806,1425,678,171
plane_0340.jp,867,1413,1548,4185,8472,8325,1248,1014,729,2199
flower_0350.jp,1941,4116,4452,3321,1428,660,951,2100,5181,5850
plane_0335.jp,339,1116,1329,1344,2397,16242,3480,1200,951,1602
plane_0408.jp,750,3033,3723,16176,1335,1113,1242,1296,1233,99
plane_0501.jp,2070,1983,1416,852,13377,5781,711,774,1023,2013
person_0257.jp,2550,5841,2805,1455,1569,2721,4299,6600,1383,777
fruit_0707.jp,708,2895,3816,3552,2883,3156,4470,957,201,7362
flower_0717.jp,468,1797,4404,4626,6696,4674,3441,2205,1056,633
fruit_0776.jp,168,2337,3639,4008,3219,807,270,294,378,14880
otorbike_0193.jp,5193,9939,3801,2163,2127,1653,1326,1455,1866,477
fruit_0592.jp,1170,3417,5496,5835,1566,252,192,264,273,11535
plane_0266.jp,1473,2802,5850,5889,4083,3171,1599,2448,2163,522
og_0323.jp,4845,5013,3594,2670,4752,4908,3153,876,186,3
plane_0628.jp,225,1281,2085,4839,16773,696,843,948,981,1329
og_0578.jp,6324,4953,2304,1614,1470,1023,1851,2709,5454,2298
plane_0174.jp,1365,1350,1440,834,1026,1302,3774,16629,1878,402
person_0587.jp,3189,2043,3915,4167,4200,3600,3033,3615,2133,105
og_0125.jp,315,273,864,3876,5349,5265,8199,3150,1692,1017
0337.jp,402,2403,6096,6597,4545,2538,1683,2355,1962,1419
0299.jp,393,1905,4707,5193,3780,3873,4143,3204,2154,648
otorbike_0667.jp,525,1023,3723,3360,1626,1278,1872,5229,8913,2451
0676.jp,8106,3021,2418,1962,1302,1080,987,735,927,9462
0837.jp,1893,4956,6549,5619,3720,2271,1764,1872,1050,306
og_0168.jp,2364,4881,8268,4200,1272,1290,1464,1497,1947,2817
0834.jp,3405,4467,4971,5256,3228,1629,1560,624,2250,2610
plane_0202.jp,459,957,1446,2685,15933,780,750,675,1443,4872
flower_0011.jp,2577,1281,3909,2742,2175,3789,7167,4875,1257,228
plane_0497.jp,2352,2199,1140,1065,16872,1353,804,1092,1008,2115
plane_0209.jp,2958,1602,669,837,13131,3861,2361,1551,1095,1935
plane_0518.jp,2187,2385,1170,738,12774,6381,1815,945,507,1098
0737.jp,1368,2367,2349,2286,2889,3765,3648,6108,2892,2328
plane_0274.jp,3351,2904,1332,546,924,1356,1200,5457,11901,1029
plane_0387.jp,942,2958,13878,6942,2307,2022,687,147,66,51
plane_0112.jp,4629,4965,2775,2655,2490,2241,1482,4116,3933,714
otorbike_0052.jp,2214,2781,2049,1407,1200,990,1395,1077,1248,15639
fruit_0306.jp,36,465,1356,2724,5382,8385,2838,1161,612,7041
otorbike_0625.jp,1425,2079,3534,4347,5667,4464,3570,2109,2253,552
plane_0356.jp,60,378,1197,2739,5808,14253,1746,1278,1158,1383
person_0055.jp,6081,1350,1563,1983,4464,4998,3033,891,1251,4386
plane_0255.jp,2325,4095,1560,624,7800,8907,645,735,927,2382
og_0252.jp,108,378,1371,2682,4146,5826,4122,3591,4359,3417
fruit_0873.jp,42,405,696,1440,2076,3429,5211,5451,969,10281
0683.jp,2583,4542,5448,3717,2328,1677,1182,1179,1530,5814
plane_0191.jp,2556,693,732,1617,16662,3120,1713,1722,1134,51
plane_0275.jp,2772,1494,1308,1032,783,3993,15933,885,678,1122
0587.jp,2364,6714,6498,3402,2172,2418,2559,2277,852,744
plane_0539.jp,1158,939,2157,6681,10641,3825,1914,2244,357,84
og_0555.jp,2082,2115,963,1767,2817,1371,3660,2391,7521,5313
0770.jp,7680,5340,4272,2454,2223,1653,1479,1359,1539,2001
plane_0721.jp,678,2403,1824,4695,13830,1146,699,801,1155,2769
plane_0097.jp,6741,9255,5340,3477,2181,1047,561,684,660,54
plane_0022.jp,816,657,1170,1542,2091,2826,12117,6372,1353,1056
plane_0024.jp,2184,1701,1587,2877,3252,3615,3888,2292,1518,7086
fruit_0590.jp,213,396,363,378,531,885,1593,4242,9036,12363
otorbike_0131.jp,3915,3345,3027,1968,1791,1800,1812,2058,2895,7389
person_0978.jp,7128,1335,1086,2217,2877,4089,5145,2985,3108,30
0190.jp,228,1665,3624,4464,5445,3846,2262,1704,2238,4524
0942.jp,6882,6711,3804,1437,1482,1908,1614,1329,1650,3183
0672.jp,5928,2802,2208,4464,5850,3720,1824,1113,645,1446
0863.jp,9564,2304,1224,981,1092,924,861,1251,2163,9636
plane_0365.jp,408,1131,1962,2253,2457,15885,1194,930,789,2991
otorbike_0140.jp,2412,6561,3927,1806,1311,1224,1191,1377,2013,8178
og_0674.jp,1743,1845,1413,3681,5946,6552,6240,1722,594,264
plane_0062.jp,723,5244,3672,4863,3345,3378,945,1569,3225,3036
plane_0217.jp,2772,1875,1821,1455,15279,4515,855,810,291,327
plane_0433.jp,876,4758,5649,4995,4104,1542,1413,1233,2055,3375
fruit_0096.jp,1677,7794,4524,3573,3204,1548,315,261,210,6894
plane_0468.jp,618,1947,1173,2613,4611,10851,999,1017,1143,5028
plane_0330.jp,375,672,972,3360,11442,2976,3021,4008,1287,1887
flower_0188.jp,1263,1518,3180,3336,1980,1710,3438,6723,5589,1263
plane_0104.jp,1611,4602,2946,1557,903,1242,15027,1650,438,24
0100.jp,2826,3105,5355,2310,3876,5016,3705,2184,1197,426
fruit_0101.jp,3936,3924,5235,4734,2028,810,972,417,213,7731
plane_0608.jp,216,996,1716,20778,897,705,717,981,1233,1761
fruit_0433.jp,19701,1719,594,306,312,252,276,288,225,6327
plane_0242.jp,2889,3684,7308,3102,1266,4653,6495,366,147,90
person_0758.jp,2370,231,309,780,1761,2967,7935,7611,4029,2007
og_0558.jp,966,1425,2529,4719,7677,6900,3126,1467,786,405
flower_0270.jp,3075,3354,5298,6822,5772,3675,993,735,237,39
fruit_0247.jp,1851,3558,3297,4257,5745,3222,501,207,135,7227
plane_0006.jp,2601,1704,1296,1002,732,702,825,7023,11097,3018
otorbike_0089.jp,12045,3315,2571,3048,2367,1674,1056,906,1053,1965
plane_0023.jp,2772,1977,2751,2013,2253,2988,2394,1410,3381,8061
plane_0178.jp,1383,2448,3189,3321,4818,7488,1437,1134,2067,2715
plane_0653.jp,270,1995,3927,14730,1056,1203,2103,1695,1572,1449
plane_0636.jp,1569,1614,936,1092,13884,6294,750,777,870,2214
person_0185.jp,3768,3342,1530,1662,2121,3864,6213,3375,3240,885
og_0270.jp,5211,5127,3558,1647,972,867,2742,5637,4086,153
plane_0412.jp,162,1491,3114,1935,1371,14412,3381,2118,1599,417
plane_0496.jp,1677,1728,1926,1428,19206,759,753,1302,1101,120
plane_0669.jp,879,5412,8463,2952,4251,1788,936,1092,1170,3057
0446.jp,4980,2802,2241,3171,4026,3984,2487,2436,2523,1350
otorbike_0600.jp,900,2334,2799,2169,4893,10161,3264,1026,1320,1134
0000.jp,2877,2130,3084,3576,3777,3651,2916,2919,3591,1479
flower_0173.jp,375,1590,2574,2130,2850,5064,7062,5424,2643,288
plane_0439.jp,1836,927,1005,3471,16350,1173,966,930,1767,1575
otorbike_0459.jp,4926,2592,2172,2121,2004,1752,1866,1935,1500,9132
otorbike_0656.jp,8022,6402,5016,2805,1575,1368,1383,1230,1302,897
plane_0465.jp,345,828,1035,1950,2466,10170,7218,1998,1320,2670
plane_0370.jp,663,3234,3444,2970,4152,3765,9933,855,507,477
og_0473.jp,3672,3651,2073,1245,1251,1563,2400,5553,6141,2451
plane_0449.jp,315,912,2604,3522,16074,993,924,924,1404,2328
0408.jp,1608,1914,2829,3069,3633,4665,5406,2676,2496,1704
plane_0504.jp,477,270,432,1245,2118,20214,561,708,870,3105
0820.jp,2352,3399,4347,2886,2877,2943,2340,2388,3651,2817
person_0438.jp,7764,3276,2328,2688,5217,1866,2424,1680,1068,1689
flower_0334.jp,1560,4698,2565,2988,1998,2520,3534,5550,4179,408
0933.jp,3087,1305,3198,10530,4665,2862,2325,1518,441,69
0687.jp,10008,7410,2715,1620,702,486,420,345,2355,3939
plane_0161.jp,252,1836,2898,3828,4011,4797,3546,3504,3633,1695
otorbike_0423.jp,3768,2391,1113,924,1887,1617,1827,12489,2184,1800
0233.jp,363,1554,2805,4233,3219,3975,4593,6864,1389,1005
og_0382.jp,1761,4761,4230,3807,2937,3024,3318,2760,2277,1125
plane_0587.jp,417,2652,2658,1896,13725,4383,2253,1137,507,372
otorbike_0075.jp,3432,4437,5646,4797,5445,2934,1590,720,507,492
plane_0430.jp,771,3165,3003,3855,7020,3630,2235,963,1332,4026
plane_0486.jp,309,1830,3195,3471,3369,9564,2520,2715,1740,1287
0176.jp,1326,3834,3417,864,855,2103,5052,6780,5049,720
0558.jp,2121,2811,1815,1092,1125,1650,4161,3201,5079,6945
plane_0537.jp,3252,3183,2811,3885,5889,4863,2940,1149,1404,624
plane_0715.jp,1293,2076,2766,17967,600,309,318,348,900,3423
plane_0674.jp,429,1086,1404,906,1149,19437,774,741,1071,3003
person_0297.jp,3408,7014,957,1872,3195,4485,4851,2592,1563,63
fruit_0447.jp,5331,2421,2022,1893,3717,4353,1827,705,54,7677
plane_0358.jp,468,2073,1983,2013,14709,2379,1452,912,945,3066
fruit_0074.jp,1830,2289,1578,1593,1779,2529,3879,1683,663,12177
plane_0704.jp,258,981,1371,2955,7011,6330,8211,1140,1308,435
og_0422.jp,117,1263,3771,7548,7122,2346,2850,4368,570,45
plane_0040.jp,4905,4164,2763,2835,1923,2361,1992,2205,2199,4653
0373.jp,3894,5619,5274,3801,4053,3501,1533,633,435,1257
plane_0026.jp,963,1833,1599,1071,1248,2220,1593,5034,13572,867
og_0178.jp,285,1392,5502,7866,3657,2769,4134,2598,735,1062
flower_0298.jp,126,1695,4038,6252,5703,4410,4497,2469,681,129
plane_0035.jp,2970,1311,1257,993,1698,1851,1818,618,531,16953
plane_0262.jp,1179,1905,2436,2844,6816,6651,2598,1707,1458,2406
plane_0034.jp,4752,1398,1893,1932,1248,2133,3033,2172,1737,9702
0698.jp,3642,2406,3279,6765,4179,2136,2955,3750,792,96
flower_0090.jp,1386,5886,7311,5979,3435,1824,1614,1350,927,288
plane_0051.jp,4257,3855,3147,2469,2283,4473,4338,3036,1878,264
og_0075.jp,600,699,1908,5019,6051,5649,3648,2178,1734,2514
plane_0718.jp,2121,1716,1359,2442,8562,5133,2538,2622,993,2514
fruit_0183.jp,84,3312,5154,3591,4572,2808,1347,399,216,8517
fruit_0268.jp,108,414,1113,1503,2148,3147,4425,6840,2862,7440
plane_0667.jp,597,1449,4461,7812,6774,3546,1164,1161,1518,1518
plane_0115.jp,759,4947,3963,4392,4638,6480,1602,945,837,1437
0490.jp,5445,8277,3897,1500,2346,2499,2010,2094,1461,471
plane_0073.jp,7635,3969,4080,2583,1266,1395,1611,2034,4359,1068
fruit_0689.jp,60,870,1749,1896,2286,2688,3162,5031,3642,8616
flower_0200.jp,1290,1128,1326,1668,2253,2295,2448,2862,3804,10926
plane_0105.jp,993,1401,2271,7545,6732,6129,2010,1650,873,396
plane_0313.jp,459,1398,2466,1863,1215,18561,1917,771,795,555
plane_0615.jp,57,585,1389,2904,8715,13899,1368,975,75,33
flower_0529.jp,9,66,2196,3654,2901,4632,5250,3564,5604,2124
plane_0552.jp,321,1521,1911,1176,1182,6606,10140,1245,1548,4350
plane_0428.jp,165,411,8298,6921,5682,618,915,1632,2829,2529
plane_0152.jp,1584,6870,6261,3822,3564,2823,1788,1143,1542,603
0103.jp,5418,2061,2211,2559,2652,4758,5979,1467,1041,1854
0331.jp,321,3261,5862,5574,7041,3828,2577,1017,363,156
plane_0381.jp,2706,5298,6726,6705,2853,1386,1194,2121,936,75
plane_0724.jp,696,1755,1422,912,1185,18633,1218,1188,1008,1983
plane_0482.jp,1926,2598,5028,6642,6930,1860,1008,747,1080,2181
plane_0606.jp,477,1569,1053,21930,771,543,504,438,807,1908
plane_0517.jp,747,3141,1587,1056,699,1128,16620,2736,759,1527
plane_0415.jp,1005,2337,3393,5778,15687,489,492,564,225,30
plane_0577.jp,510,1809,2034,3852,7446,3255,5328,1398,1041,3327
plane_0215.jp,60,129,477,2559,7944,2760,5937,4932,1962,3240
plane_0164.jp,1203,1881,5784,7413,4725,3111,2001,1263,1314,1305
og_0589.jp,1317,2652,5118,6954,5448,1464,1290,2661,2175,921
plane_0048.jp,7167,1617,1023,657,1524,4857,2658,918,1365,8214
otorbike_0520.jp,2868,3057,2103,1788,1560,1320,1320,1467,4695,9822
plane_0662.jp,174,531,2436,8202,7269,4998,2085,1050,984,2271
otorbike_0685.jp,3243,5277,3303,2232,1206,1275,1254,1110,1266,9834
flower_0346.jp,546,2691,5622,5136,4755,3675,2889,2577,1461,648
fruit_0754.jp,17694,2376,750,387,297,357,312,285,291,7251
og_0510.jp,1395,4185,5793,5793,4068,2301,1581,2445,1032,1407
fruit_0271.jp,1962,5412,3243,2649,3252,1959,798,336,243,10146
plane_0473.jp,1269,1392,879,1557,5238,14082,1026,1011,753,2793
plane_0221.jp,3639,876,801,1014,16761,4902,1308,399,234,66
plane_0559.jp,813,3690,1476,1476,7155,14139,768,294,150,39
plane_0003.jp,3138,2619,4113,2058,888,987,1047,2604,7881,4665
plane_0452.jp,816,858,8133,7227,3939,2280,2481,1866,849,1551
plane_0316.jp,1203,1893,2340,16467,3735,585,471,495,714,2097
plane_0265.jp,1653,3879,6444,8724,2694,999,1107,1620,1830,1050
plane_0058.jp,4410,4257,7044,4437,2466,2394,2076,1677,1014,225
0612.jp,7665,5793,2268,1467,615,2427,3243,3723,1362,1437
fruit_0090.jp,339,1200,1467,1770,2385,2478,1542,408,108,18303
plane_0445.jp,2244,1503,1632,2283,17358,819,675,915,2535,36
0242.jp,3129,2019,2553,2088,3231,4833,4503,2682,2112,2850
0944.jp,9423,4503,4995,3492,2247,2019,1032,948,999,342
person_0390.jp,2880,1479,1005,1653,3129,3768,3483,3417,2823,6363
plane_0572.jp,1662,4251,2058,597,426,543,19977,432,33,21
plane_0583.jp,762,1008,2271,4032,3279,6717,8166,852,876,2037
0771.jp,3843,2424,2427,3126,4905,5238,3855,3837,306,39
og_0407.jp,1011,9750,2439,987,2652,3822,4422,3150,1683,84
plane_0585.jp,681,4410,1443,1434,17343,1533,939,744,594,879
plane_0317.jp,660,3636,1926,9906,8682,747,828,774,840,2001
plane_0088.jp,2763,1275,1974,699,654,558,19434,1638,372,633
person_0721.jp,2730,5811,3087,5346,4077,2049,2253,1722,1257,1668
plane_0651.jp,1254,3927,4737,4875,5274,3054,990,963,1359,3567
plane_0052.jp,363,909,1998,2661,5886,8256,5802,1815,1839,471
plane_0663.jp,195,2574,2646,9756,9033,3699,1395,450,213,39
fruit_0855.jp,261,1407,2433,5007,6540,699,363,363,381,12546
person_0899.jp,3636,3600,2457,2160,2754,3009,3258,3396,3258,2472
0918.jp,4557,3549,5553,2826,1593,1842,3036,3042,2403,1599
otorbike_0013.jp,3915,2196,1314,1374,1248,858,804,711,1005,16575
plane_0379.jp,2544,6894,5883,4182,3747,1890,2142,2247,423,48
flower_0498.jp,939,939,1677,1980,6006,8061,4512,2418,2754,714
0274.jp,7194,4338,5205,3522,3327,2901,3222,165,108,18
plane_0684.jp,2343,1470,1902,1233,1389,1554,3573,5853,4434,6249
plane_0173.jp,207,1440,2868,4290,2259,2157,5448,7737,3255,339
plane_0071.jp,555,1611,3432,7350,6624,2844,2511,1641,2247,1185
otorbike_0682.jp,3390,1677,2016,2781,2787,2772,3201,3675,3531,4170
plane_0079.jp,4047,3774,1581,1740,3273,5592,3873,3651,1548,921
plane_0698.jp,1575,3429,5526,3273,5202,3663,3093,1887,2238,114
0851.jp,5583,1887,6969,1239,1191,2031,3327,3369,2649,1755
plane_0133.jp,903,3135,11970,6120,1629,639,963,2889,1707,45
otorbike_0255.jp,1269,2982,3234,4905,5145,3510,3363,1920,2763,909
plane_0180.jp,1596,2382,3303,3105,4113,6387,2523,1158,2364,3069
plane_0516.jp,1998,1629,1749,867,600,7812,9546,3666,816,1317
plane_0031.jp,2547,888,1044,1092,1230,846,1215,2328,11514,7296
otorbike_0748.jp,4911,3426,2745,2157,2190,1968,1182,5358,4470,1593
plane_0614.jp,1140,1323,2199,2271,17343,2373,903,714,633,1101
plane_0218.jp,3933,984,990,957,19575,1401,939,867,279,75
plane_0464.jp,198,636,678,1149,2568,12675,6294,1323,1167,3312
person_0240.jp,1260,1740,1689,5586,6930,5922,3537,1668,1359,309
og_0391.jp,1377,3357,5301,4356,2973,2700,2925,4008,2559,444
plane_0224.jp,1128,1623,2640,5037,7032,3384,6363,1149,1113,531
fruit_0330.jp,651,1704,3291,3339,993,150,129,93,105,19545
plane_0324.jp,588,1788,1179,1887,5646,5238,4086,2502,2682,4404
plane_0238.jp,1335,7005,5775,5007,3936,1800,807,597,705,3033
plane_0526.jp,1875,1803,1185,633,933,1077,6483,9738,4737,1536
plane_0703.jp,474,1863,2481,3393,4173,7596,6792,1434,978,816
otorbike_0673.jp,6759,5277,3084,2793,3042,2745,1872,1395,1005,2028
person_0081.jp,309,1710,4980,5343,9846,5655,972,504,90,591
og_0307.jp,7395,3837,4491,3366,2661,1587,1032,1320,2190,2121
0658.jp,3432,2967,1818,1896,3588,4809,4533,2691,1641,2625
plane_0597.jp,669,2715,2133,18954,759,450,345,573,885,2517
fruit_0993.jp,7926,5424,4101,2172,1221,855,573,243,231,7254
plane_0383.jp,750,4983,6066,8013,2886,5583,261,267,639,552
plane_0357.jp,252,1308,3219,3423,5535,10617,1890,1887,1005,864
plane_0017.jp,2775,2577,3093,2091,1233,843,1236,4197,8436,3519
flower_0003.jp,2379,6345,8085,4146,1440,609,1920,2094,1689,1293
0110.jp,4815,5862,3210,5811,1371,1266,1008,1122,789,4746
plane_0367.jp,273,810,2337,2409,2991,12141,2061,1065,1422,4491
plane_0720.jp,1986,2259,1287,825,768,3078,7050,9291,3087,369
plane_0113.jp,918,1794,1791,1653,1593,1407,1041,1269,1557,16977
fruit_0743.jp,450,951,2487,3387,5331,5022,3009,564,387,8412
0310.jp,4161,2340,3558,1632,2937,1851,3411,2085,6426,1599
person_0500.jp,3351,4659,1392,4665,6564,5256,2916,600,465,132
plane_0291.jp,2097,9342,8790,2268,2133,1290,987,948,1161,984
person_0177.jp,1491,2535,6438,2115,6369,6942,2559,273,396,882
otorbike_0662.jp,1494,4755,4008,4353,3633,3897,3888,1554,729,1689
otorbike_0696.jp,5235,8418,5295,4245,2439,1461,783,780,474,870
plane_0343.jp,375,1038,1209,3252,6261,10938,2607,582,978,2760
otorbike_0690.jp,4215,3072,1797,1647,1899,2373,1383,1098,1578,10938
plane_0505.jp,759,516,1872,2325,19701,528,567,486,804,2442
og_0101.jp,9237,7740,1878,1473,774,498,810,1200,2934,3456
plane_0478.jp,327,2184,1182,939,894,1203,1038,15252,6561,420
plane_0237.jp,1164,1965,1404,795,15666,2121,1323,1260,1350,2952
plane_0402.jp,1980,1824,1275,16893,1365,927,921,1503,2931,381
fruit_0585.jp,1980,1902,2079,1863,2529,3273,4539,3924,933,6978
0146.jp,2808,4383,2556,4026,5433,6558,2793,1371,51,21
plane_0623.jp,489,4035,2406,1965,17667,744,414,507,711,1062
og_0574.jp,270,1803,8787,7464,4008,3261,2526,1401,438,42
person_0913.jp,15201,3537,1821,2274,2118,2514,1572,801,111,51
plane_0011.jp,1350,1623,1872,2793,2163,6366,7485,2004,1143,3201
0352.jp,186,639,3267,4806,3081,3375,4329,3882,2982,3453
plane_0294.jp,441,2682,9531,6861,2724,2112,3603,705,669,672
fruit_0019.jp,591,2187,2574,1704,1683,1113,1260,696,396,17796
plane_0162.jp,2598,2976,1344,846,846,834,1167,17586,1716,87
plane_0081.jp,4605,4656,4656,4500,3633,3690,1356,966,963,975
plane_0066.jp,1380,1482,4539,2334,1257,1281,1692,5634,9240,1161
person_0748.jp,2433,1077,1407,4374,5934,3111,2409,7221,1800,234
otorbike_0180.jp,885,2256,4203,3903,3300,3501,3453,2400,2385,3714
person_0164.jp,1224,1986,3192,3345,3513,3354,7740,4530,939,177
0955.jp,10782,6327,4254,2643,2727,1581,759,477,255,195
fruit_0572.jp,2403,4590,5028,3930,2616,456,183,204,204,10386
plane_0099.jp,927,2814,5148,4629,5070,5106,2838,1467,1353,648
plane_0581.jp,1386,3321,2970,2145,2292,3921,4008,3801,2418,3738
flower_0436.jp,5415,6873,6480,3276,1917,1605,1590,1422,1116,306
0503.jp,4653,3639,2508,2709,3495,4479,1506,1269,2355,3387
0610.jp,7845,3435,1722,1047,699,918,2580,2139,3396,6219
flower_0560.jp,5487,3882,1005,804,996,1503,1569,3276,5559,5919
flower_0150.jp,2223,3165,3912,3975,4401,4404,3798,2295,1272,555
plane_0304.jp,393,1518,1800,2580,6738,13899,828,921,993,330
flower_0407.jp,633,987,1512,1887,2682,3879,5277,4482,1896,6765
plane_0695.jp,2553,1740,2028,3366,2301,4077,9888,1572,777,1698
person_0800.jp,3147,2889,3486,5013,4866,2439,888,489,5148,1635
person_0482.jp,1566,2124,3093,4740,4104,4935,4797,3147,1323,171
0249.jp,3072,1938,2682,2307,1776,2367,3225,8349,3039,1245
flower_0287.jp,360,1467,4200,4734,3543,2631,2385,3978,3066,3636
plane_0397.jp,774,7038,9510,1143,1323,1968,2223,4611,1392,18
plane_0671.jp,1875,3732,6672,5322,3627,1956,990,1140,1917,2769
otorbike_0510.jp,4059,1917,2352,2043,2304,1998,2016,1284,1554,10473
0041.jp,3219,2193,2727,1911,3264,3729,2214,3369,2658,4716
plane_0406.jp,1191,2559,5835,8130,7566,1113,993,747,1737,129
plane_0534.jp,1983,2928,2370,1557,1257,2589,14637,804,756,1119
plane_0108.jp,1359,1059,1557,1437,765,1032,18900,1905,1170,816
fruit_0051.jp,282,696,1554,2469,3744,6060,5058,813,231,9093
0209.jp,5667,1539,1614,1344,1395,1230,1488,2082,2850,10791
person_0450.jp,4491,3537,3297,3519,2940,2682,2730,3753,2520,531
otorbike_0607.jp,1365,2748,4533,2742,2289,1764,1236,1008,6726,5589
otorbike_0115.jp,1431,3111,3144,4107,2412,2844,7413,3807,1290,441
person_0710.jp,4284,2898,1335,1368,2094,2544,2643,3789,8334,711
plane_0394.jp,288,1590,13431,3849,1473,1740,2817,3633,1149,30
person_0418.jp,2244,3021,2514,3045,4665,5700,5172,1659,1005,975
plane_0201.jp,546,3078,1032,942,6912,12696,1611,1110,822,1251
0203.jp,4854,2535,4644,5430,3009,2880,3246,1521,741,1140
plane_0380.jp,801,3498,9186,9402,4554,1395,666,348,90,60
flower_0831.jp,3423,4803,6957,5016,3381,1827,1131,873,702,1887
fruit_0014.jp,1347,2769,2613,2607,2874,2952,2343,2361,1221,8913
otorbike_0302.jp,987,1473,3123,3519,3744,3246,2025,3450,7989,444
0221.jp,60,48,120,885,6939,2241,5835,8040,4815,1017
0325.jp,1479,2274,4311,2370,2151,4410,4110,3525,3201,2169
plane_0588.jp,264,1887,2148,2973,5007,6135,7359,981,1377,1869
plane_0171.jp,1155,2202,3639,2403,1947,1986,13866,729,912,1161
plane_0635.jp,5907,1923,1488,1290,15330,498,384,414,624,2142
plane_0041.jp,1740,2805,4872,2580,2652,3162,4191,1536,1818,4644
person_0636.jp,5784,3288,3624,3240,3276,2556,2139,2451,2763,879
plane_0467.jp,318,819,3144,6768,5049,4797,3858,1371,1329,2547
og_0202.jp,1716,1350,2694,4419,5328,5427,4188,3117,1218,543
plane_0256.jp,456,1461,2382,2055,8625,10212,837,939,915,2118
plane_0268.jp,5226,1026,678,573,657,15684,1323,1233,1701,1899
otorbike_0747.jp,6297,4605,4044,4797,5379,1854,1038,648,549,789
otorbike_0617.jp,2025,1959,1782,1476,2175,2145,1620,2058,6660,8100
plane_0555.jp,1071,3297,2214,993,1269,16902,1641,843,816,954
0432.jp,6078,3060,2223,1188,1644,5901,5556,4074,126,150
plane_0404.jp,1026,3702,16011,1818,717,972,1098,1380,2205,1071
person_0456.jp,546,2523,4290,7170,4680,3543,3444,3156,441,207
plane_0398.jp,1785,7008,10479,1191,1113,1713,1833,3831,1017,30
otorbike_0567.jp,627,1344,1347,1218,1416,1569,1725,1899,2286,16569
0449.jp,1575,4899,7380,3633,2673,3054,1095,732,828,4131
plane_0309.jp,2541,2871,1596,1383,19194,525,486,468,396,540
plane_0054.jp,957,2217,1785,1368,933,975,1257,4815,9087,6606
plane_0601.jp,498,2166,1605,17229,2838,894,744,756,666,2604
og_0379.jp,459,3171,5337,5712,3288,2490,2697,3105,1587,2154
fruit_0871.jp,126,591,2343,2154,3396,4230,4566,4398,1617,6579
plane_0131.jp,1539,3075,4185,4056,3312,2223,2643,5391,3531,45
og_0139.jp,3693,6936,5853,3441,2451,1272,669,525,2499,2661
fruit_0087.jp,1017,8037,4452,3312,3012,1689,369,273,210,7629
fruit_0242.jp,1509,1395,1653,1644,2559,3546,4980,4491,1494,6729
otorbike_0349.jp,231,1323,2733,4062,4725,6102,8169,1977,435,243
plane_0621.jp,474,1098,5190,5238,6297,3054,4167,1806,741,1935
plane_0368.jp,2361,3435,2082,1950,3312,3381,12396,612,402,69
plane_0257.jp,219,1560,2913,9498,12900,519,486,372,522,1011
plane_0448.jp,204,741,1062,5820,14673,1053,921,1155,1212,3159
fruit_0419.jp,1902,7503,3732,2640,2448,1563,267,186,168,9591
plane_0547.jp,4548,2922,2568,1584,1554,6888,9693,153,45,45
plane_0351.jp,123,1299,2169,3879,11907,4770,1797,1179,1290,1587
plane_0230.jp,2877,1449,891,1371,1071,981,1116,2757,16854,633
plane_0495.jp,1650,1596,1167,1011,19647,954,774,918,2049,234
plane_0690.jp,648,2394,2418,2319,1917,10338,3219,1308,1863,3576
plane_0426.jp,1194,1140,9048,3981,3099,5535,1650,1230,1656,1467
plane_0337.jp,465,2097,1353,1893,3198,13221,6810,585,279,99
person_0370.jp,4980,6480,4596,5964,4113,2025,996,465,291,90
plane_0306.jp,129,1485,2412,1593,1224,20253,1497,645,642,120
plane_0223.jp,2955,1326,600,702,18597,777,963,993,1035,2052
plane_0579.jp,1218,1767,2445,1182,831,645,702,20442,366,402
fruit_0996.jp,15,321,1110,1551,2262,6285,10038,1959,267,6192
flower_0291.jp,12336,861,675,453,489,591,417,1044,7353,5781
fruit_0824.jp,5586,7530,3303,1650,1008,561,483,399,357,9123
plane_0286.jp,261,750,2481,2187,2214,15729,1464,2268,2388,258
plane_0417.jp,2517,1629,1155,2391,17406,1185,972,1290,1215,240
plane_0293.jp,1098,9093,9276,4665,2583,1035,546,414,510,780
0702.jp,7002,8562,4986,2091,1887,1941,1224,1167,531,609
flower_0262.jp,135,771,1932,3537,5457,6192,6078,4275,1338,285
plane_0345.jp,1083,2082,1884,4059,4248,4995,5691,2331,1065,2562
og_0147.jp,8379,3534,3402,3474,3294,3642,2634,1020,426,195
plane_0144.jp,2583,1125,804,1314,1503,1452,1131,14691,3012,2385
0420.jp,1512,2997,2607,1719,3666,4428,7668,3822,1140,441
person_0813.jp,1797,6321,1014,1137,2541,2844,3522,4254,3960,2610
plane_0413.jp,495,4245,6477,3804,3210,9006,1878,648,186,51
plane_0090.jp,1482,2394,2916,4698,5016,4350,6261,2424,441,18
og_0671.jp,351,1020,3522,3396,3999,2190,3171,4308,3312,4731
fruit_0884.jp,285,696,1062,1689,3336,4491,3177,1371,432,13461
plane_0260.jp,807,1893,3372,2511,1131,6876,5604,3567,3450,789
fruit_0324.jp,3921,4419,3564,3366,3405,2787,1194,225,180,6939
plane_0672.jp,204,933,4368,1899,14214,897,1029,1578,2550,2328
plane_0650.jp,717,3489,3060,3468,8100,5052,3975,1029,750,360
otorbike_0007.jp,1893,2004,1938,1698,1509,1725,1818,1680,1647,14088
plane_0177.jp,10659,3198,3948,5952,4368,816,429,342,249,39
plane_0002.jp,3003,1302,1887,2340,6708,10740,3201,660,132,27
fruit_0174.jp,321,744,1875,4452,3306,3675,2109,1104,480,11934
plane_0074.jp,4881,1290,1344,1392,843,1296,5046,9498,3552,858
flower_0673.jp,627,1455,2535,1896,3057,5136,5847,3033,3273,3141
plane_0685.jp,1287,1968,1836,1287,2241,4917,5043,10866,516,39
plane_0369.jp,159,621,1290,2058,3531,8454,11532,1122,678,555
0536.jp,762,3105,4485,5379,8508,4233,1884,999,339,306
plane_0661.jp,297,2046,4551,8979,4509,1866,1380,1443,1803,3126
plane_0297.jp,531,651,2382,11754,7296,1830,1080,945,1290,2241
plane_0600.jp,555,1731,1968,14631,3972,3153,513,363,630,2484
plane_0030.jp,2643,2253,3369,1677,2523,681,705,1644,6432,8073
plane_0282.jp,1905,7854,8235,3891,1851,2466,2709,876,168,45
plane_0182.jp,8775,2097,1161,1428,4854,4170,3393,1431,1284,1407
0832.jp,12165,2085,1458,3006,2469,2478,3897,1857,396,189
plane_0165.jp,909,1965,1608,1488,3330,9819,7098,1812,1749,222
otorbike_0137.jp,3114,2625,4545,5280,5814,6426,1059,591,384,162
plane_0484.jp,1422,1209,1365,6462,4965,6915,3273,1803,825,1761
plane_0696.jp,3612,3903,2097,2235,3123,5913,2790,1929,1689,2709
fruit_0110.jp,1497,7284,7794,3744,861,162,165,174,138,8181
0733.jp,5322,1788,5439,6096,4122,4806,1017,621,597,192
fruit_0084.jp,2034,1569,3342,6405,3630,246,120,87,150,12417
plane_0350.jp,723,2175,2214,2457,3915,5070,2139,4731,5166,1410
flower_0019.jp,3087,3651,2583,1374,4374,7152,4170,2274,1170,165
0407.jp,7311,3444,4107,3564,3162,2076,1560,1452,1293,2031
fruit_0651.jp,1332,6393,4146,3159,2271,1011,240,255,252,10941
0102.jp,2457,1332,2379,3231,4230,3975,5817,3075,2460,1044
plane_0300.jp,2670,4971,3924,5424,4545,3216,1410,909,756,2175
plane_0234.jp,1917,1785,4476,14082,1287,1002,924,1053,1725,1749
0302.jp,7533,7503,4131,4641,3333,816,525,432,492,594
plane_0190.jp,3795,657,180,744,747,2394,4101,2799,7452,7131
plane_0619.jp,1875,3732,4596,3993,2940,3447,5166,3582,585,84
flower_0767.jp,837,1395,2820,4314,6666,6282,3945,2040,1032,669
plane_0491.jp,3555,3009,933,6408,10221,552,684,921,1062,2655
og_0580.jp,288,702,2637,3303,4029,4689,3606,2259,1476,7011
plane_0076.jp,10350,8382,3066,3051,1608,1356,1461,426,0,300
og_0680.jp,5946,1746,2637,2925,2703,2994,3009,3891,3066,1083
fruit_0429.jp,2274,6666,9546,2856,1086,669,192,138,138,6435
plane_0617.jp,1506,3486,4479,4650,6891,3750,3237,1686,198,117
flower_0564.jp,1821,5781,9417,5364,4128,2244,687,369,177,12
plane_0332.jp,1485,1935,816,972,1164,4290,14472,1722,1290,1854
flower_0126.jp,1947,2955,3798,4095,4059,2964,3798,2754,963,2667
0745.jp,7878,6297,5766,2451,1062,1392,1080,678,927,2469
plane_0183.jp,2520,1905,1482,3540,4338,3183,3153,4035,3597,2247
plane_0509.jp,2049,1686,1023,777,2886,17643,927,900,702,1407
plane_0068.jp,2787,4737,3258,2325,4320,3036,2223,1710,1929,3675
plane_0469.jp,1167,1617,1152,1332,2454,15357,906,1101,1083,3831
person_0712.jp,3909,1821,3156,6804,5439,2613,1596,1479,2454,729
plane_0479.jp,450,2772,2676,15111,5631,396,276,315,696,1677
otorbike_0224.jp,1263,3549,2850,3426,3564,3219,4080,2109,2460,3480
plane_0106.jp,1218,3294,2214,1647,1065,1296,2109,5067,5040,7050
plane_0094.jp,1269,3552,6894,6408,5823,3147,1416,1257,165,69
otorbike_0548.jp,2211,2184,1377,1266,1314,1443,1452,1518,1851,15384
plane_0036.jp,6288,2463,2322,2484,1641,1077,432,366,2103,10824
plane_0092.jp,1491,2130,4479,11841,3069,1185,1395,1482,1479,1449
flower_0044.jp,804,1791,3771,3702,3375,3534,3360,4365,2697,2601
plane_0248.jp,318,4656,9756,2118,2307,5115,849,1203,1410,2268
plane_0181.jp,543,2544,5061,5685,5910,6330,2076,1320,360,171
flower_0244.jp,4773,7224,5586,1539,1602,1536,1557,1383,1434,3366
plane_0716.jp,3675,2526,2616,1476,2007,16893,504,138,129,36
plane_0523.jp,2433,1251,1320,969,16992,2904,717,666,1062,1686
plane_0421.jp,5457,3039,5478,3618,2883,2508,1380,2004,2616,1017
plane_0085.jp,1401,5343,7902,6045,2739,2796,2007,1146,453,168
person_0350.jp,6834,2199,1674,1137,1821,4305,4848,1920,993,4269
plane_0709.jp,570,1563,4860,5256,4299,4080,3810,2337,2472,753
plane_0472.jp,1488,1215,2268,1959,15954,888,888,945,1239,3156
og_0543.jp,6549,3270,3000,2475,1683,2184,3273,2673,3168,1725
flower_0046.jp,3465,7314,5622,3351,1743,1071,1155,2385,1365,2529
og_0197.jp,141,1062,3957,3369,1947,2292,3204,3399,4728,5901
0849.jp,2274,3012,5700,4953,3615,3207,1896,1710,2148,1485
plane_0712.jp,1452,3042,11379,8301,879,627,660,846,1095,1719
otorbike_0728.jp,15189,3804,2907,1779,1596,1545,1368,855,630,327
plane_0514.jp,1371,2061,1110,762,3108,16953,807,1026,897,1905
0345.jp,84,312,1236,3915,8199,10011,5628,609,3,3
plane_0609.jp,459,2097,1428,11970,8895,591,519,714,969,2358
flower_0005.jp,5928,2226,2271,2550,2478,2124,2781,4452,4281,909
plane_0159.jp,558,2154,1995,9456,7680,1176,1548,1785,3042,606
plane_0532.jp,180,603,1341,2064,2790,4563,16866,675,474,444
plane_0629.jp,2175,1335,1404,7626,11970,573,648,900,1029,2340
og_0627.jp,8001,9492,6066,1962,405,285,285,333,465,2706
plane_0117.jp,1044,3144,5781,4062,4668,2538,3030,2085,2688,960
0587.jp,504,2037,4176,6192,6027,5436,3204,1329,720,375
fruit_0635.jp,5088,3204,2163,2040,3339,4161,1317,804,81,7803
flower_0394.jp,19248,927,900,1065,1698,2010,2163,1224,525,240
og_0619.jp,5055,2910,2121,2793,3300,6744,6282,648,120,27
plane_0592.jp,588,2928,1182,7884,4338,6558,2310,513,1284,2415
flower_0292.jp,1446,1254,993,1185,2664,3684,4689,6195,5382,2508
fruit_0885.jp,2646,8415,4437,3222,2988,1692,324,192,225,5859
plane_0149.jp,708,1533,4485,10101,10071,2103,582,207,129,81
0912.jp,3315,2553,2193,2913,5379,3087,4461,1503,3465,1131
otorbike_0558.jp,576,1857,2325,1701,1845,2049,1722,1272,1179,15474
fruit_0952.jp,1146,1947,1863,2403,3678,6498,2370,675,441,8979
person_0335.jp,2976,1119,1332,3489,5079,3501,3066,2793,5820,825
plane_0490.jp,1473,1701,1239,19278,2319,453,423,426,504,2184
plane_0254.jp,402,5619,10245,3444,2562,4788,930,825,750,435
plane_0659.jp,846,1284,2613,6375,6261,3750,3075,1122,1146,3528
plane_0520.jp,2154,2811,1251,2211,17355,1158,762,711,477,1110
0703.jp,4347,3063,2385,4071,4035,2823,3570,2583,2160,963
0524.jp,3684,7212,6828,5019,2469,2001,735,894,858,300
plane_0640.jp,339,1341,2904,8925,7323,3294,1227,822,894,2931
otorbike_0029.jp,3738,1932,2175,3321,2076,4380,1752,1734,2541,6351
person_0840.jp,11688,1377,978,1515,3372,3462,3243,1461,528,2376
otorbike_0740.jp,2181,1806,2073,1827,1452,2166,9414,5172,1401,2508
plane_0147.jp,3453,3396,4875,4491,4911,3960,2439,843,1599,33
og_0677.jp,1014,3423,8535,7410,2151,1692,1854,2322,1428,171
plane_0204.jp,603,2535,2577,4329,4995,10803,1935,1548,549,126
plane_0155.jp,1107,1245,4395,5271,7494,6270,2190,1488,492,48
0465.jp,6351,3315,2820,4299,3912,4803,1764,1083,984,669
plane_0015.jp,8361,3831,2595,2250,2052,1893,2112,2178,2295,2433
flower_0719.jp,3444,3609,6729,6078,4224,1989,1734,1146,729,318
flower_0739.jp,519,2547,3003,3711,4824,5889,4239,3255,1479,534
0370.jp,7173,9450,11766,684,366,309,108,54,39,51
plane_0535.jp,669,4104,2433,876,951,7746,10947,849,639,786
plane_0493.jp,2466,3675,921,762,16761,627,591,642,972,2583
0186.jp,2439,4764,3717,2451,3135,2931,1866,3813,3762,1122
0526.jp,6369,3192,2550,2550,3426,2736,3462,1977,1941,1797
person_0705.jp,1128,1800,4392,1749,2826,4014,3810,2436,7179,666
person_0695.jp,4995,3186,2280,2490,2685,3588,3894,999,825,5058
flower_0819.jp,2847,7281,9915,5415,1674,510,387,342,531,1098
plane_0055.jp,528,1317,2418,1188,1143,957,1227,7149,11598,2475
otorbike_0081.jp,3438,16770,2661,1677,1146,786,513,621,243,2145
plane_0376.jp,594,10458,7350,2202,2289,1152,1110,2352,1710,783
plane_0498.jp,1464,2874,1206,930,17502,2034,795,750,930,1515
plane_0511.jp,969,1773,1458,1152,1719,19764,798,795,645,927
plane_0531.jp,450,1842,1998,2115,1788,15462,3582,735,693,1335
flower_0786.jp,141,1986,6309,9615,6465,2757,2157,438,99,33
0779.jp,3033,5688,3912,3801,2799,2997,3183,1596,1254,1737
0193.jp,4497,2385,1305,1299,1209,831,6585,4332,1761,5796
0466.jp,5385,1743,1647,1452,2220,3921,3981,3750,3930,1971
plane_0010.jp,2487,3057,3393,2808,3222,1032,525,1473,8391,3612
0890.jp,8244,2130,1785,1776,1770,1788,1947,7701,1314,1545
person_0779.jp,3972,3915,1752,2277,3189,4170,3330,3594,2946,855
0307.jp,1683,2469,1839,2400,2235,1674,2265,4656,5895,4884
0731.jp,2796,2703,2871,1959,2454,4017,4056,3222,4065,1857
person_0250.jp,3603,1851,2235,5559,5055,4869,2289,1314,2217,1008
fruit_0187.jp,33,276,1629,3096,6897,8376,2544,300,279,6570
fruit_0567.jp,648,2643,4626,3801,1641,669,348,156,222,15246
otorbike_0738.jp,1413,2511,3717,3072,1149,942,1086,1002,885,14223
og_0173.jp,10275,5295,3381,2376,2076,801,543,1071,2526,1656
otorbike_0430.jp,2913,2382,2034,1401,1257,1389,1614,1962,2628,12420
plane_0264.jp,2547,2532,4515,5631,6417,2742,1083,816,1767,1950
flower_0348.jp,189,1275,1689,2925,3231,3357,6078,7089,3849,318
plane_0542.jp,840,2028,3693,3873,6987,5730,2406,1671,2439,333
plane_0086.jp,1410,1161,3573,6864,7407,5538,2385,768,699,195
0637.jp,39,270,966,1992,3663,5310,7263,3603,4197,2697
plane_0389.jp,2913,3702,4761,5094,5202,2613,2175,3054,435,51
person_0073.jp,87,765,2034,3708,4029,4134,4566,4722,3675,2280
fruit_0732.jp,90,396,948,1485,3216,5763,5979,1200,249,10674
flower_0707.jp,2607,4452,5415,6015,4821,2844,1722,1293,774,57
plane_0072.jp,2769,4128,4350,3396,5247,1638,1569,2400,4305,198
plane_0562.jp,1506,1713,1035,19962,1017,1308,1170,1458,735,96
otorbike_0404.jp,4068,3294,1938,1194,1149,1290,1377,1239,1218,13233
plane_0641.jp,774,1248,1776,3585,4842,5574,6315,1575,1293,3018
plane_0135.jp,933,2547,4920,3297,2280,1440,1407,1761,1836,9579
person_0264.jp,4659,5775,6396,1863,1461,1827,2256,2457,2601,705
plane_0064.jp,1971,954,2715,5439,5682,5625,3408,1275,1536,1395
flower_0194.jp,2544,4119,2244,1080,1452,1899,4101,3873,1980,6708
plane_0013.jp,1470,1278,1149,1521,1323,4968,11532,1713,1974,3072
0412.jp,2508,4113,3948,3801,4581,3852,3141,1638,447,1971
0143.jp,5553,4440,2853,3846,4545,2922,2457,1620,1296,468
plane_0373.jp,4719,4605,1431,714,549,540,567,12342,4440,93
plane_0571.jp,1572,813,1086,954,1200,20457,654,594,927,1743
0862.jp,4935,2529,2664,2850,1956,3525,2751,5262,2898,630
person_0551.jp,6012,3609,2061,2730,5904,5388,1053,267,324,2652
0288.jp,8997,9039,4233,2052,1503,1698,900,1269,198,111
0860.jp,5475,1083,2193,3495,3234,3747,4035,3201,3069,468
plane_0323.jp,1074,2583,960,936,831,1164,6015,9723,3063,3651
plane_0289.jp,621,2283,4227,16029,984,792,936,645,828,2655
plane_0197.jp,2871,1938,777,1230,4410,13143,903,831,1527,2370
person_0936.jp,1185,1731,3138,2736,3306,6333,5346,3186,993,2046
plane_0169.jp,5577,5157,5058,2661,2841,4011,2706,894,651,444
plane_0043.jp,2880,2052,1830,2379,4854,2193,2073,1419,1578,8742
person_0865.jp,6864,1431,1401,2313,2745,3414,3792,3489,2292,2259
plane_0342.jp,162,1275,1326,2955,8244,9993,1314,960,969,2802
og_0084.jp,111,888,2778,5676,7026,5103,3990,2820,1182,426
fruit_0036.jp,10881,6204,2763,702,468,342,147,141,162,8190
otorbike_0004.jp,2427,1989,1812,1425,1239,1086,1407,1317,1026,16272
0828.jp,13776,3717,2727,2619,4629,1749,330,174,150,129
plane_0574.jp,450,1542,1020,2097,2301,912,19776,537,561,804
person_0707.jp,8079,3672,3003,3243,2382,3213,2976,2703,150,579
plane_0354.jp,168,1362,1557,1986,13494,2868,1689,1245,1788,3843
otorbike_0764.jp,1863,4152,2301,2100,2154,5169,9846,1647,438,330
og_0646.jp,1776,2433,2388,2559,3198,3522,4236,4092,2109,3687
plane_0070.jp,381,657,1443,2244,4161,6381,5811,2778,5910,234
0694.jp,4908,2772,5496,2859,2328,6642,2553,1287,564,591
0014.jp,4431,3540,3573,5544,2577,1749,1851,2424,2082,2229
plane_0686.jp,1527,1788,1629,1890,3630,6840,10848,1143,333,372
0375.jp,9516,3759,2364,2256,5247,1662,933,918,1047,2298
plane_0278.jp,1233,2889,1695,966,5055,12972,3006,1113,876,195
fruit_0810.jp,15,90,417,906,1743,2679,3714,3882,3750,12804
plane_0258.jp,762,1377,2529,21579,813,657,609,534,471,669
og_0368.jp,411,3333,2328,4344,5796,5421,5523,2049,624,171
flower_0100.jp,237,1107,4548,7365,5868,5334,3972,1284,192,93
plane_0655.jp,141,558,2583,7698,5202,5373,2097,1101,1092,4155
og_0098.jp,324,711,1014,3465,4272,3813,5211,4761,3168,3261
person_0668.jp,10923,2505,1452,1788,2334,6039,3231,1044,402,282
0596.jp,3693,3966,6987,3966,2382,2172,1605,1233,1509,2487
fruit_0815.jp,138,654,876,801,963,1095,2391,2877,1110,19095
plane_0431.jp,660,3477,3609,2964,5502,4293,2907,1005,1362,4221
otorbike_0085.jp,3786,2145,2409,2361,2295,5280,5103,3288,2568,765
plane_0447.jp,348,819,1536,7176,12399,990,1014,1317,2307,2094
0754.jp,1437,6840,7611,6318,3765,1413,654,510,315,1137
fruit_0155.jp,2451,3645,3228,2013,1524,1041,600,357,330,14811
0445.jp,5157,3498,3132,3324,3720,3633,4710,2379,411,36
plane_0456.jp,873,1710,2757,1374,1629,1542,1683,5721,8226,4485
plane_0723.jp,837,3045,1044,1293,933,1557,18918,1440,600,333
person_0031.jp,6522,4968,2079,1626,1362,1404,1806,1959,1851,6423
otorbike_0218.jp,2760,4422,6270,5355,4743,3303,957,366,633,1191
fruit_0237.jp,183,1089,1596,2355,4728,3678,3822,2937,1314,8298
person_0900.jp,1680,4482,4461,3558,4326,3282,1887,1119,4152,1053
plane_0244.jp,321,7566,9522,1626,1722,2091,1311,1173,1356,3312
flower_0630.jp,5070,4374,5010,6603,5994,1803,774,225,60,87
0448.jp,1737,627,1218,1173,1638,2814,3897,5934,4206,6756
0239.jp,2967,1839,2463,4308,7308,3585,3786,2184,1152,408
otorbike_0610.jp,5964,4446,3228,4536,3822,1782,840,498,447,4437
0579.jp,5472,699,699,1839,5316,5418,3570,3000,3396,591
0850.jp,6693,3114,3636,3414,1821,1047,3843,4500,1587,345
plane_0042.jp,813,1023,2367,1506,1770,3669,4797,5262,5466,3327
fruit_0123.jp,2595,2769,4266,5706,2799,1554,741,375,411,8784
0425.jp,5334,2061,1839,2922,4251,2706,3072,1896,174,5745
plane_0132.jp,2457,3537,2778,3189,4491,1992,2580,6684,1578,714
person_0471.jp,3255,2043,2376,3270,2769,2379,2937,5085,4566,1320
plane_0435.jp,495,7008,4443,6942,4197,1707,1416,1476,1482,834
0844.jp,10290,3864,3237,2826,1524,1419,1365,1200,1116,3159
otorbike_0363.jp,162,6711,5295,7107,2880,1716,1608,2697,1335,489
og_0332.jp,981,993,3300,2700,5286,3711,2835,3141,3876,3177
flower_0208.jp,4884,9756,6654,1896,504,1413,1248,1092,1572,981
person_0785.jp,3270,4104,1104,693,1356,3420,7023,5757,2415,858
plane_0714.jp,4245,2058,2484,7290,12960,480,228,156,63,36
plane_0065.jp,282,624,3420,13896,3213,2166,1791,1746,1710,1152
person_0032.jp,1665,2982,2919,3129,9105,3462,3633,2022,471,612
plane_0521.jp,234,1464,1821,1896,1830,18768,1500,870,771,846
plane_0512.jp,1890,1776,1227,753,1005,8004,8724,4329,852,1440
plane_0362.jp,372,1740,2973,3444,3579,10227,1368,885,1542,3870
0485.jp,8928,4542,4734,2808,2313,2361,1503,1671,1020,120
0562.jp,13683,4182,2025,1170,3132,1857,894,774,2196,87
plane_0451.jp,792,1014,4314,9813,3492,2211,2133,2874,1086,2271
plane_0231.jp,684,3090,2196,1707,1224,1155,1584,9624,8667,69
plane_0481.jp,339,2130,4701,4839,2544,1854,3792,6735,2361,705
plane_0591.jp,237,1326,1716,1509,6027,14403,840,957,1317,1668
fruit_0598.jp,4854,5436,5025,3630,1695,735,246,120,120,8139
plane_0556.jp,1173,2979,1755,1545,7833,11682,879,609,483,1062
plane_0346.jp,1791,3270,1827,2487,1845,804,777,1611,5397,10191
person_0114.jp,7884,2832,3384,3237,2064,2610,3390,2706,1341,552
fruit_0763.jp,777,1011,1425,1398,1788,1833,1482,753,105,19428
plane_0689.jp,798,2541,4392,2352,2532,2619,2292,636,6768,5070
fruit_0159.jp,561,10593,7248,1338,570,225,201,171,228,8865
plane_0664.jp,1617,1728,3204,7839,6801,2802,1860,1332,1929,888
flower_0198.jp,1680,999,3927,7083,4539,3342,3435,2256,1572,1167
fruit_0191.jp,60,717,909,1026,1662,3759,7170,7245,921,6531
0755.jp,1089,5097,7416,6732,3195,2217,1851,1083,660,660
otorbike_0136.jp,966,2385,1917,1821,1629,1803,2544,2847,3048,11040
plane_0418.jp,1683,2349,3093,6459,3795,9390,1296,576,810,549
person_0065.jp,11295,4923,2163,2190,3135,3702,2172,288,90,42
plane_0347.jp,198,1164,3207,7683,10701,2649,2814,1236,198,150
plane_0722.jp,1005,1980,1596,1425,1683,6429,14340,756,495,291
flower_0190.jp,204,1245,4719,3894,4149,3660,4098,4887,2382,762
person_0714.jp,14373,2268,1335,1071,1494,1689,1749,1812,2154,2055
person_0961.jp,858,3564,3360,6051,5238,4956,3102,2127,552,192
person_0621.jp,2820,2379,3402,3309,3153,4593,6243,3492,243,366
plane_0693.jp,489,1272,2013,1734,2046,13989,4725,2685,510,537
fruit_0199.jp,84,468,939,1599,2922,2424,3765,3831,3144,10824
0046.jp,6996,3825,3507,4050,3600,2619,1857,1572,1392,582
plane_0263.jp,1251,3936,5601,4509,2253,1965,2817,3876,3111,681
plane_0361.jp,282,846,2325,2619,4425,12576,3666,1632,870,759
0447.jp,1638,1995,2442,3609,4239,3882,2343,2268,3354,4230
person_0392.jp,1518,1989,1731,1677,2202,5859,5679,3207,1437,4701
plane_0602.jp,135,609,1425,20184,1674,690,684,906,1527,2166
0633.jp,240,240,210,744,2214,4986,9780,8112,3204,270
plane_0195.jp,3057,2637,810,1221,1869,5556,6768,5748,801,1533
plane_0666.jp,1134,4815,6741,9312,1623,1224,1032,1362,2649,108
otorbike_0241.jp,366,2661,2208,1551,1482,1593,1986,4191,9264,4698
0762.jp,5922,3531,2688,1767,1656,1581,1671,4200,1854,5130
person_0839.jp,4002,3579,2841,2664,5796,2994,3234,3015,1515,360
plane_0029.jp,3021,2676,4614,2139,2601,4641,3318,2958,1515,2517
plane_0561.jp,3312,2259,1068,1191,12147,6786,741,690,675,1131
plane_0091.jp,3786,2364,1959,5151,6381,2844,861,3006,3489,159
plane_0012.jp,3096,2232,1020,939,1368,4539,7620,5613,3021,552
plane_0612.jp,1542,1887,1485,8391,12408,756,1146,1236,735,414
plane_0707.jp,840,1707,2628,3420,6570,6363,3402,3777,1179,114
plane_0676.jp,2391,1692,1527,702,771,5469,16647,651,126,24
plane_0233.jp,669,2523,6585,6105,7383,1038,1743,1419,2319,216
plane_0382.jp,4278,6177,12591,3858,1536,1077,360,93,15,15
person_0664.jp,1431,2370,3810,2586,3240,4728,4767,4776,2085,207
person_0751.jp,7794,3186,1752,1425,2115,2463,3666,4101,3351,147
plane_0053.jp,1578,1719,1752,3171,7170,6648,4404,2133,1149,276
plane_0148.jp,2100,5643,7281,5034,4644,2274,1059,930,891,144
0926.jp,7668,3330,4578,3468,4800,3021,1521,1017,429,168
plane_0168.jp,342,870,2772,4146,6468,7473,4521,1662,1089,657
plane_0008.jp,2211,2463,6921,4476,4302,2838,1773,1209,1512,2295
person_0606.jp,4413,2175,1761,2001,5346,4485,1947,3336,1164,3372
plane_0450.jp,987,7836,7335,4860,894,873,1188,2727,2079,1221
plane_0272.jp,1062,3768,2862,2007,3297,3600,4224,4104,1851,3225
fruit_0393.jp,12,510,663,966,1221,1536,2148,3603,2781,16560
plane_0416.jp,1224,3381,1587,9489,10674,537,549,738,1029,792
otorbike_0122.jp,3519,3651,2841,3891,3498,3786,4470,1881,1980,483
plane_0281.jp,3033,5559,7470,5760,3984,1836,810,453,453,642
plane_0130.jp,420,807,591,1353,2835,1206,2517,15423,3531,1317
person_0101.jp,10191,2919,2397,2304,3204,4431,2850,828,345,531
0486.jp,8895,7188,4035,1824,1350,1107,1254,1122,1359,1866
plane_0391.jp,1182,2565,7944,4986,3096,6201,1227,1302,1194,303
plane_0596.jp,3183,2910,1029,19002,819,558,465,525,1110,399
0542.jp,5637,3360,2526,1821,2064,1899,3801,2295,2802,3795
plane_0027.jp,3672,1452,1158,1098,990,1821,13662,4695,471,981
0318.jp,285,1284,4383,2169,2247,5931,6708,5646,1278,69
person_0639.jp,3108,3987,4140,1941,2175,3438,3927,3624,1833,1827
plane_0232.jp,2892,2667,1239,1059,1095,795,1140,16797,2298,18
plane_0214.jp,300,2664,2649,1764,1692,5355,2877,5943,4017,2739
fruit_0652.jp,2691,2940,3111,2331,1212,1029,549,270,231,15636
plane_0622.jp,273,1689,1881,3354,17256,840,813,1050,1128,1716
fruit_0291.jp,1359,3669,4467,4263,4797,2499,381,234,258,8073
plane_0039.jp,3126,1572,1398,1104,1500,1647,3069,2754,6330,7500
plane_0120.jp,1041,3609,6258,5397,5049,2286,2124,1554,1638,1044
plane_0487.jp,603,939,1824,7185,4950,5097,5166,2121,1065,1050
plane_0593.jp,663,2550,1713,2715,11340,5718,2025,669,891,1716
fruit_0711.jp,1869,1872,2136,1995,2352,3171,3420,3705,1290,8190
0472.jp,6846,6129,5151,3453,2265,2322,1635,1647,138,414
og_0010.jp,24,624,5217,8688,6939,4239,1947,1686,618,18
0212.jp,2829,1425,1842,4836,3843,3315,3990,2961,3648,1311
flower_0742.jp,5205,2202,2865,4743,5679,4563,3381,1077,228,57
plane_0102.jp,5574,6243,2586,2244,2655,2601,2154,3039,2820,84
plane_0325.jp,750,1599,1476,1485,3492,6624,2199,2790,7953,1632
0866.jp,8460,3636,3069,2121,1245,1299,1635,2262,2484,3789
plane_0009.jp,4476,1977,1920,1617,1347,1944,3171,1545,7845,4158
person_0423.jp,894,4218,5838,4425,3843,3111,2592,2091,1881,1107
plane_0082.jp,1575,2313,4794,6630,3759,4626,1827,1431,2574,471
plane_0095.jp,693,6804,11034,1899,921,1086,1332,2889,3009,333
og_0440.jp,819,2055,1647,3171,4350,6384,6921,3798,663,192
person_0504.jp,1062,1731,1614,3027,6129,7044,6180,2511,447,255
plane_0474.jp,183,1344,3294,5262,11193,840,1065,1107,1467,4245
0788.jp,6708,4563,3399,1833,1428,858,531,693,1023,8964
0513.jp,3318,2547,5229,7827,5097,3066,1224,804,420,468
flower_0650.jp,684,1314,2424,5163,9138,8115,1911,534,300,417
plane_0125.jp,306,1248,1272,2184,4692,7137,4014,5703,2766,678
otorbike_0546.jp,4071,2637,1824,1500,1437,1182,1239,1065,1392,13653
plane_0045.jp,5940,3642,3594,4323,2136,2937,3984,2217,1101,126
fruit_0058.jp,2733,6714,7602,2046,654,219,195,222,234,9381
og_0036.jp,9264,3360,2739,2439,2052,2235,1638,1950,3099,1224
flower_0706.jp,9768,3060,2457,3729,4710,2418,969,990,1089,810
plane_0462.jp,549,1851,1287,1605,5844,11460,1125,1260,1122,3897
fruit_0875.jp,5961,3480,1740,1176,834,351,123,162,129,16044
plane_0245.jp,411,5232,6114,1596,2208,9657,1023,1230,1233,1296
plane_0119.jp,1632,3729,5520,4299,3417,4143,2244,2283,2622,111
flower_0451.jp,1506,4602,2511,2613,3531,3189,2871,3522,2997,2658
plane_0122.jp,2340,4134,6630,4173,3840,2994,1047,816,2751,1275
0404.jp,5271,2778,3000,3363,3531,2883,2415,2739,2070,1950
otorbike_0325.jp,3345,2103,1449,1548,3153,9270,7911,717,360,144
plane_0675.jp,954,1512,1170,789,840,19026,864,669,828,3348
flower_0797.jp,1008,3120,5679,5793,4551,2439,1122,909,1245,4134
plane_0311.jp,987,4185,2283,1548,12159,1890,1278,2610,2757,303
plane_0111.jp,1227,3147,9195,4407,4008,2361,2319,1266,867,1203
fruit_0992.jp,111,465,1659,3942,6525,7680,3519,357,258,5484
otorbike_0777.jp,1410,1902,2265,1524,1683,2010,11850,1521,2418,3417
plane_0566.jp,1221,1965,972,927,10020,10878,1197,1014,1317,489
otorbike_0060.jp,14556,7845,2001,1380,909,711,537,462,432,1167
person_0654.jp,2526,4881,2880,4437,3684,3654,3474,2367,1326,771
0126.jp,696,696,1785,2817,2847,3633,2613,2256,4236,8421
plane_0476.jp,1029,1983,1542,15321,2223,882,858,987,1917,3258
og_0632.jp,1578,1251,1425,2391,4305,6030,4686,2091,1893,4350
plane_0423.jp,1983,4446,3330,3258,2853,4767,4353,1755,2703,552
plane_0377.jp,876,11277,8148,1983,1116,1803,1806,1083,1347,561
fruit_0891.jp,5460,5265,3714,2772,1407,381,168,228,234,10371
0312.jp,5784,2769,4383,5640,2778,2763,2388,1281,1098,1116
plane_0138.jp,5943,4107,4278,3246,4152,5319,2808,111,27,9
fruit_0984.jp,2979,1914,3291,4956,4017,3084,1746,366,174,7473
plane_0320.jp,1221,3762,7785,4536,3303,1947,1257,1530,1323,3336
plane_0425.jp,1524,2256,4236,4488,8022,2100,1149,1497,3123,1605
plane_0717.jp,2250,1596,906,13344,3318,1242,3114,1605,771,1854
plane_0634.jp,303,3069,1380,10296,12219,603,546,642,462,480
person_0260.jp,1524,6213,5727,3447,3135,3585,4131,1734,417,87
plane_0540.jp,471,2094,2214,1710,1944,17112,969,846,855,1785
plane_0618.jp,819,4554,3162,2430,2388,2871,3021,6471,4026,258
0848.jp,3108,2910,1473,1338,4797,1659,5367,6081,3168,99
plane_0145.jp,1074,1434,4044,9675,7452,5379,807,75,51,9
plane_0334.jp,882,2682,2046,1290,858,18468,1296,294,564,1620
otorbike_0008.jp,2235,2733,2460,2001,2178,1644,1377,1380,1680,12312
otorbike_0035.jp,3072,2379,1887,1329,1212,1239,1641,1464,1599,14178
person_0620.jp,3096,2058,3426,4413,4242,3918,3060,1296,3879,612
person_0224.jp,1743,3879,2058,4719,4908,5049,3303,1629,522,2190
plane_0312.jp,3576,1233,1041,1668,10044,10035,1221,315,450,417
0743.jp,3111,1920,1278,1134,1548,1716,2967,6141,5688,4497
plane_0060.jp,5100,867,1173,1518,1197,1413,7551,8367,1206,1608
plane_0372.jp,564,5346,2847,1581,675,600,402,396,7650,9939
plane_0390.jp,2301,4272,5607,7209,2628,1074,708,1071,2442,2688
person_0977.jp,3165,4527,2424,2454,2787,4350,5163,2259,1659,1212
plane_0158.jp,1758,1041,1542,5094,4956,6753,5301,1350,1833,372
person_0215.jp,3381,2019,2733,3015,3507,11169,1569,1227,312,1068
plane_0292.jp,1569,5331,7383,4272,3738,1980,1326,1791,1560,1050
plane_0604.jp,300,2691,1365,20841,1191,591,519,729,780,993
plane_0037.jp,2592,1647,1020,729,987,1953,4005,3363,8586,5118
flower_0225.jp,2574,2211,1782,9948,10218,2502,516,219,27,3
person_0533.jp,4533,3033,2484,3864,2919,2544,2538,3432,3270,1383
fruit_0755.jp,204,1554,3003,4323,9087,2814,498,261,279,7977
otorbike_0337.jp,5187,4062,4860,4026,2955,2898,2310,1212,1146,1344
plane_0388.jp,3522,8154,3831,4161,2682,2514,2856,1629,495,156
flower_0374.jp,207,3714,10086,9375,4434,945,333,153,282,471
plane_0328.jp,1293,2835,2274,1473,3150,11745,876,1107,1470,3777
plane_0154.jp,942,2592,2010,1530,1380,3324,9321,7014,1302,585
otorbike_0284.jp,867,3063,3312,3555,3507,3522,3354,3153,2736,2931
flower_0806.jp,1155,822,1527,4203,5196,3804,3681,4632,3231,1749
plane_0700.jp,864,2541,3144,2226,1893,1230,1992,15516,255,339
plane_0371.jp,486,1335,1887,2313,1932,14877,1296,783,1137,3954
og_0562.jp,141,942,4491,4683,7422,4788,1839,1722,2292,1680
fruit_0560.jp,267,774,726,546,858,1218,2073,4569,10500,8469
fruit_0749.jp,7479,6243,5031,1902,897,480,324,270,153,7221
plane_0567.jp,2178,1446,1086,627,573,19413,897,855,1899,1026
person_0502.jp,2040,3786,4458,3840,2988,2460,2547,3744,2376,1761
flower_0836.jp,1449,828,1758,4245,7047,7341,5943,936,327,126
otorbike_0438.jp,1362,3399,2427,2319,2166,1833,1878,2817,10884,915
flower_0410.jp,2463,11163,10716,3138,969,600,396,252,156,147
plane_0287.jp,453,1407,2502,17790,1827,1263,1482,2079,600,597
plane_0458.jp,669,1605,2274,2613,2625,5280,9828,2391,816,1899
plane_0638.jp,894,1626,2034,2757,17700,867,633,780,900,1809
fruit_0467.jp,261,651,606,852,1281,1845,2721,3624,3426,14733
person_0529.jp,4017,5109,7143,4473,2508,2427,2106,1098,450,669
flower_0694.jp,843,10569,9096,4764,2199,1170,687,351,222,99
fruit_0228.jp,102,387,363,375,540,759,1317,3201,9936,13020
otorbike_0364.jp,4587,5445,5493,2319,3696,5256,1752,1149,216,87
og_0136.jp,2667,4569,5622,3393,2766,3120,2865,2490,1209,1299
plane_0627.jp,543,3297,2142,1224,17685,753,771,765,756,2064
plane_0319.jp,657,4821,6072,6024,4542,627,930,1227,1470,3630
person_0893.jp,3687,1809,3207,4140,6243,4167,3180,1743,819,1005
plane_0308.jp,4872,2046,1224,1509,7755,10452,651,534,486,471
plane_0140.jp,660,2931,2916,2145,1254,1503,13836,4410,222,123
fruit_0517.jp,24,69,174,1794,7977,7989,993,456,336,10188
plane_0570.jp,2394,1371,906,843,1170,19569,693,642,639,1773
plane_0187.jp,6384,945,552,468,471,525,690,4764,10134,5067
fruit_0081.jp,8136,4944,2922,1923,1089,294,162,174,141,10215
0465.jp,1101,1098,1041,1437,2514,3315,4056,4536,5322,5580
fruit_0770.jp,4668,10458,2745,816,573,486,543,411,543,8757
plane_0414.jp,2430,2220,1512,1389,17193,2301,786,1056,849,264
fruit_0528.jp,444,1284,1557,2559,3090,5436,3024,333,219,12054
0416.jp,4347,7947,4947,4119,2766,2046,1962,1611,162,93
plane_0170.jp,1275,2208,2319,3051,1749,12813,2742,1587,1170,1086
plane_0100.jp,1893,1605,1542,1047,1047,1458,1089,7635,10140,2544
plane_0296.jp,7680,4842,6210,6300,2079,888,429,426,645,501
plane_0349.jp,156,303,1545,2706,6426,9663,2145,2505,3417,1134
plane_0639.jp,3699,1149,927,3963,18120,594,486,327,399,336
plane_0033.jp,4752,3036,3069,4083,2271,2085,942,369,528,8865
0289.jp,3819,1731,3414,2526,4809,4254,3246,2403,1608,2190
plane_0253.jp,1257,2997,7146,1830,1422,11259,795,753,759,1782
plane_0222.jp,1914,1776,1650,1422,19824,1215,1158,621,339,81
0462.jp,324,1383,2343,4167,5106,4941,5730,3216,1770,1020
flower_0296.jp,3315,5799,6450,5190,3249,2928,1902,684,339,144
og_0271.jp,2004,6423,6174,4332,3432,4350,1299,540,585,861
flower_0250.jp,621,1374,2103,4230,11253,3447,2817,1932,675,1548
fruit_0667.jp,3912,5514,3756,2262,1509,474,108,141,219,12105
plane_0018.jp,4770,4806,1704,975,1041,894,10890,1500,1065,2355
fruit_0250.jp,933,2145,4017,3126,3801,6441,1587,567,411,6972
plane_0564.jp,3240,1527,714,612,15513,3993,921,1086,1719,675
plane_0557.jp,1161,2673,2529,2121,17298,870,918,1059,879,492
plane_0599.jp,1536,4257,2346,2787,17805,909,180,81,60,39
plane_0128.jp,408,1575,1758,1230,1380,1419,18903,1359,1308,660
plane_0134.jp,339,2388,4218,4518,3738,2958,2043,8499,1023,276
flower_0518.jp,336,1935,3786,4746,4851,4554,4092,3399,1674,627
plane_0395.jp,2058,10278,7425,1473,1503,2361,3177,1647,72,6
plane_0525.jp,843,1581,1119,885,1023,3666,14712,3777,981,1413
0437.jp,129,675,1641,2805,5904,9522,6720,2301,186,117
og_0563.jp,933,3660,3258,2973,5322,5913,3546,2154,1575,666
og_0639.jp,4833,5511,4599,3060,3474,3594,4002,540,204,183
plane_0726.jp,1482,2199,1332,1098,969,17601,1782,768,978,1791
plane_0321.jp,1662,1566,1893,5010,7677,4323,3978,2454,642,795
fruit_0309.jp,16692,2703,1128,402,372,300,213,225,255,7710
plane_0610.jp,363,1671,2430,16737,3168,609,684,804,891,2643
plane_0407.jp,816,3273,4548,11742,2139,1227,1950,1341,2199,765
fruit_0765.jp,1179,2715,2685,2643,1797,2472,2829,4473,2061,7146
plane_0196.jp,3072,1746,915,993,5349,11973,2706,834,1404,1008
fruit_0374.jp,9636,4173,1155,759,711,459,399,468,207,12033
plane_0403.jp,2499,2799,15036,1485,2391,867,777,1008,1908,1230
otorbike_0569.jp,4014,3738,4563,3867,3342,2532,2541,2418,1653,1332
plane_0219.jp,2796,1587,1521,1635,18135,1437,1200,1263,285,141
plane_0488.jp,2106,2070,1317,20046,921,423,351,384,519,1863
plane_0637.jp,777,879,2556,1599,8223,11382,651,660,894,2379
0184.jp,6717,3858,2373,1590,1863,3510,4215,2733,852,2289
plane_0438.jp,273,1755,5448,10176,6693,2835,2097,432,111,180
flower_0583.jp,561,1275,8874,6624,2175,978,855,984,2163,5511
0214.jp,1314,2613,3576,4674,5610,6093,2517,1662,975,966
fruit_0527.jp,207,726,696,1002,933,1377,2046,3051,2397,17565
0306.jp,8055,4503,2547,2076,6882,2349,1059,693,765,1071
flower_0377.jp,51,732,1416,2100,2238,1959,2082,2433,3705,13284
otorbike_0264.jp,9027,5355,5826,1980,1536,1449,1974,1488,696,669
otorbike_0419.jp,1968,1962,1641,1002,1017,978,1326,1485,2916,15705
person_0860.jp,3135,2607,4584,5313,2817,4902,1620,1629,2301,1092
plane_0069.jp,219,645,1470,3417,6183,4344,3462,3588,6540,132
person_0329.jp,6045,2001,2604,3399,6183,5019,3780,672,198,99
plane_0093.jp,4590,3510,5082,5616,5454,1893,1350,999,903,603
plane_0701.jp,12342,5415,3870,2778,1566,1014,891,903,546,675
plane_0199.jp,3486,2385,663,993,2526,14556,1587,816,1611,1377
plane_0399.jp,792,1227,20694,921,747,879,1311,2508,894,27
plane_0206.jp,786,1437,1605,1803,12612,6885,1023,747,1326,1776
otorbike_0670.jp,3867,1506,1437,1359,2994,5940,6807,1830,2352,1908
plane_0536.jp,1977,1530,1161,1068,1545,1644,8364,11631,534,546
plane_0385.jp,1521,2562,4797,6855,8397,2727,864,1023,813,441
plane_0670.jp,456,3339,3873,5523,7365,3273,1815,1005,816,2535
fruit_0388.jp,108,861,885,1599,1506,2013,3096,4962,2634,12336
fruit_0534.jp,2634,3168,3402,3168,3456,1158,519,402,114,11979
fruit_0956.jp,4227,3933,2289,1725,2307,2814,3159,1731,558,7257
person_0872.jp,2289,2655,1809,1995,3621,4017,4563,5016,1734,2301
plane_0137.jp,639,2796,1599,1032,993,1545,2079,636,16458,2223
plane_0541.jp,123,255,2391,4329,7845,6477,3171,1602,1179,2628
0108.jp,4872,5403,6222,5097,2094,1221,918,747,567,2859
fruit_0451.jp,579,783,1302,1389,1902,2022,1806,903,126,19188
plane_0310.jp,2346,1434,2190,1677,2475,18213,693,330,372,270
plane_0668.jp,855,8445,6066,3177,4071,1494,1341,1503,2667,381
plane_0005.jp,1569,3636,5679,6660,4563,2037,1527,1062,861,2406
flower_0510.jp,2496,4446,16989,2643,1335,420,333,414,660,264
plane_0560.jp,3150,1818,963,4035,15693,1107,684,624,555,1371
0199.jp,4482,6228,4866,6108,3801,1353,927,924,678,633
0818.jp,4662,3576,2448,1938,2271,2637,2010,2091,6273,2094
plane_0420.jp,1083,7662,7470,2124,3138,1926,2058,1191,1515,1833
0652.jp,8640,5349,2700,3609,2688,1851,1362,888,759,2154
flower_0791.jp,5556,3444,3099,2934,3960,2463,1698,1881,3333,1632
person_0317.jp,669,2397,3072,2832,3426,4611,5409,4431,2700,453
0793.jp,11940,4701,3534,2064,2451,3411,831,525,315,228
0000.jp,501,2454,3855,3456,3447,3981,4740,4260,2661,645
plane_0466.jp,837,1992,1131,819,813,19962,843,516,651,2436
plane_0166.jp,144,1509,1620,2262,2337,8502,9024,2655,1005,942
plane_0576.jp,294,2358,1794,2805,2874,8361,3828,1905,1947,3834
flower_0041.jp,7437,6786,2982,2529,1689,1230,1467,2739,2520,621
person_0711.jp,2106,3561,2493,2628,2739,1986,2859,3387,3594,4647
0317.jp,8016,3702,1899,1323,2157,8079,2721,1242,426,435
otorbike_0308.jp,3321,4281,3837,4014,4281,2478,1644,1161,1137,3846
plane_0713.jp,519,2010,3135,17709,819,600,729,867,918,2694
person_0301.jp,1017,4416,3342,1752,2631,2874,5658,3924,1431,2955
plane_0595.jp,2109,2421,1008,17847,2259,510,540,735,1233,1338
plane_0000.jp,1878,867,1371,1431,4044,4260,2586,1887,8061,3615
0669.jp,657,1716,3411,3123,2946,2742,4338,4572,3651,2844
otorbike_0513.jp,3351,3384,4101,5301,5541,4191,2106,1287,420,318
0794.jp,6192,5970,4776,2229,2322,1689,954,1530,3075,1263
plane_0239.jp,441,1914,3192,2148,12903,2370,981,1341,1644,3066
plane_0699.jp,198,4128,10761,4599,924,606,957,1221,1485,5121
fruit_0032.jp,5655,10896,3624,1560,744,225,159,174,153,6810
plane_0515.jp,1476,2457,1005,654,819,5559,8448,7389,804,1389
0799.jp,1065,2238,2259,1653,2577,3048,3825,5220,5919,2196
plane_0563.jp,1212,1932,1122,2019,18786,777,825,1455,1317,555
plane_0123.jp,1389,2433,2682,1536,1041,924,2757,16005,744,489
plane_0096.jp,3390,10665,5901,4392,2430,2058,777,288,66,33
person_0876.jp,2409,3561,3792,4665,5031,5121,4173,693,132,423
0052.jp,3018,1632,1584,2154,5022,3627,3237,2778,1728,5220
og_0634.jp,13968,723,666,492,519,729,780,1161,8778,2184
0074.jp,348,1173,2244,2511,5349,6927,3609,3204,4278,357
plane_0116.jp,3396,10155,4191,5160,1257,777,834,1074,1338,1818
plane_0419.jp,876,6792,5664,5049,3312,1350,1380,1713,2727,1137
plane_0167.jp,468,1458,2523,3693,3678,3150,4563,3753,5781,933
plane_0028.jp,2583,1665,2091,3597,4737,3267,3054,6699,1863,444
plane_0508.jp,297,621,2985,1299,1116,20436,864,705,780,897
plane_0616.jp,642,4251,2463,1779,18522,507,444,333,363,696
plane_0470.jp,573,1062,2118,3393,10062,5619,708,942,1446,4077
plane_0544.jp,117,1287,1866,3777,8376,3054,1932,2829,1884,4878
0544.jp,1719,1815,1929,5334,7161,3951,2592,2619,2637,243
plane_0393.jp,1707,6237,11631,1854,807,1227,1782,2694,2022,39
0239.jp,1242,4077,6054,6165,6558,2985,813,564,240,1302
plane_0485.jp,744,2502,3504,4575,5850,2202,2298,3219,2307,2799
0055.jp,2160,2523,2979,2655,2178,2340,2715,3966,3075,5409
plane_0436.jp,585,6738,8331,4620,4113,1626,1038,945,1314,690
flower_0214.jp,993,684,915,17805,6219,528,483,396,609,1368
plane_0327.jp,906,2334,5004,1788,1758,8256,2676,1038,1458,4782
flower_0332.jp,3615,5871,2964,1542,978,447,537,2349,7491,4206
plane_0229.jp,249,990,2511,3453,5937,6420,7590,600,708,1542
plane_0550.jp,291,915,2877,6078,7068,3345,2385,2022,1899,3120
plane_0252.jp,4038,3273,4134,1587,4677,7551,1167,963,1302,1308
person_0034.jp,3534,1905,1914,1413,2769,3636,3900,2598,5589,2742
plane_0646.jp,1164,1917,2064,4494,12345,960,840,1059,1530,3627
plane_0649.jp,1374,1536,1812,3807,8721,5532,4245,927,858,1188
plane_0453.jp,939,2994,8553,3786,8625,1494,1707,1323,411,168
plane_0386.jp,1644,6630,4887,4503,4020,1956,1917,1884,2214,345
fruit_0043.jp,5499,5991,3042,2181,2733,1701,345,171,246,8091
plane_0461.jp,1677,1260,2862,1935,2820,2373,5529,8610,1323,1611
plane_0156.jp,651,1785,1533,2610,6699,7200,3867,3240,1338,1077
fruit_0437.jp,642,1968,1953,5280,6147,981,459,357,291,11922
0629.jp,1434,1344,4332,3744,5001,4194,5172,3162,675,942
plane_0212.jp,2343,1332,717,495,2220,3693,4482,9972,1302,3444
plane_0725.jp,3723,1833,906,708,3264,14913,1077,1113,1743,720
plane_0510.jp,174,576,1755,2040,4794,16962,942,732,783,1242
plane_0410.jp,1518,1728,3789,2106,15972,1554,1299,1605,345,84
plane_0631.jp,366,1722,1962,3207,16227,810,774,1032,1290,2610
plane_0384.jp,2139,8058,6060,6096,4926,1542,738,228,159,54
plane_0530.jp,1998,2118,1254,1170,1440,1293,12696,6411,387,1233
plane_0680.jp,2013,1281,591,900,1767,3639,6321,11256,1881,351
person_0204.jp,1791,3027,3753,3279,4026,3090,2286,4731,1830,2187
flower_0076.jp,105,522,2202,7092,10398,7056,1944,498,147,36
otorbike_0601.jp,2037,3270,2061,1665,1515,1422,2157,9735,4806,1332
0399.jp,6873,2409,2268,1902,2076,2820,2622,2199,1497,5334
plane_0603.jp,378,1440,1938,20457,1119,834,672,636,624,1902
0730.jp,2241,2664,2634,4140,6396,6204,3459,669,399,1194
otorbike_0565.jp,2052,2931,3501,3528,3348,3555,3135,1884,1857,4209
0371.jp,5493,3207,6810,5124,3270,1500,1110,1086,1272,1128
0667.jp,4449,2367,3768,4110,2544,1797,1353,1026,885,7701
plane_0506.jp,432,1452,1596,2562,18858,855,687,783,1032,1743
0010.jp,2007,1230,2859,5154,4530,3000,2253,3732,3798,1437
otorbike_0411.jp,2742,2661,2832,2082,1911,1632,1404,1509,1299,11928
plane_0021.jp,129,318,1320,3147,4668,1716,1413,1134,819,15336
0268.jp,7527,3045,2763,3168,2415,3864,3624,1668,558,1368
plane_0336.jp,693,8319,3888,2517,3063,4110,4314,672,558,1866
0415.jp,1236,1833,2991,3744,4302,3126,2601,2400,6843,924
person_0323.jp,1500,3036,3948,4116,5295,4704,4443,1677,561,720
plane_0193.jp,1503,627,759,1854,6135,8694,3285,1944,2004,3195
plane_0687.jp,408,1278,1830,2055,6918,11208,2193,1668,1233,1209
fruit_0892.jp,87,1098,1188,1383,1758,1650,3375,6207,2175,11079
plane_0352.jp,276,957,1863,2490,3732,12849,1671,1011,1332,3819
flower_0413.jp,825,2211,3462,3084,2532,2502,2664,2070,3054,7596
otorbike_0059.jp,951,3015,1647,912,891,945,1200,1209,2352,16878
plane_0057.jp,675,1809,2760,3678,2796,5397,5919,2493,1608,2865
og_0532.jp,10044,2280,1683,1596,1668,2187,2220,2280,2367,3675
plane_0228.jp,522,3111,5181,2670,3546,5277,5208,2316,1062,1107
plane_0338.jp,1419,2061,1755,2838,4875,6549,6957,960,480,2106
plane_0004.jp,1728,2280,2622,1992,1680,1578,1758,1521,3912,10929
plane_0194.jp,573,420,10443,11484,1578,1413,1008,1665,1029,387
plane_0455.jp,447,1218,3786,4278,3456,3297,2484,5382,2706,2946
plane_0063.jp,2019,666,954,888,666,615,852,1668,2178,19494
flower_0683.jp,1809,918,783,1503,2070,3837,6858,9120,2592,510
plane_0673.jp,1491,1221,726,711,19542,855,837,714,780,3123
fruit_0075.jp,324,1164,2052,3822,6936,2805,417,213,231,12036
0761.jp,2418,2619,2238,1917,4773,4644,7224,3249,858,60
plane_0175.jp,1191,1317,2139,1548,942,678,813,900,3909,16563
flower_0619.jp,123,480,1281,1446,1470,1512,1761,1338,1272,19317
plane_0198.jp,3099,2226,873,1248,15747,3003,663,690,2043,408
plane_0001.jp,4152,1308,2358,1548,969,975,678,1638,6423,9951
flower_0711.jp,609,861,1557,3960,6993,5769,4041,2724,1971,1515
plane_0440.jp,186,372,1269,17091,2871,624,498,504,780,5805
plane_0089.jp,4620,2040,2901,3543,4860,3900,4683,2814,582,57
plane_0014.jp,2685,1518,1029,816,2058,8136,6621,4110,2100,927
plane_0643.jp,267,2052,6765,7665,4113,1962,1437,1686,2082,1971
plane_0344.jp,447,4716,4128,6780,4485,3408,2886,1248,465,1437
0253.jp,939,1797,3255,4320,4464,3333,2250,2565,2565,4512
plane_0519.jp,330,900,1365,4812,17448,753,567,939,999,1887
plane_0225.jp,411,2466,2793,4617,6021,4356,6126,942,1008,1260
plane_0261.jp,1092,3984,8691,8580,3072,990,900,1851,657,183
flower_0502.jp,1761,918,3024,3519,6672,2457,1332,2271,4053,3993
plane_0429.jp,492,1257,4374,4422,8118,2910,1740,1818,2178,2691
plane_0050.jp,1092,2553,2472,2547,2739,2568,3723,10878,1323,105
flower_0001.jp,2217,1725,3636,5271,4740,4110,3039,2088,1716,1458
og_0554.jp,126,1296,2172,3837,7104,8565,4809,1563,426,102
plane_0290.jp,885,1614,6741,4392,5772,6060,3147,606,438,345
flower_0253.jp,93,1029,3012,2277,5340,5802,7389,2331,1263,1464
fruit_0307.jp,5922,5409,5694,2616,1635,315,204,177,198,7830
plane_0208.jp,1755,2115,1170,5367,12693,1806,846,1077,1731,1440
plane_0025.jp,1584,1134,2379,2208,4719,5463,3174,735,579,8025
flower_0490.jp,93,2016,6624,8400,7758,4215,747,102,39,6
plane_0270.jp,2010,5097,8808,6108,2289,1443,1335,1389,1005,516
og_0246.jp,360,1812,4629,7002,6060,4428,2469,1167,888,1185
plane_0454.jp,204,738,1413,2754,6786,3618,8235,4089,813,1350
plane_0210.jp,495,1425,1719,2016,8682,8175,3024,678,1269,2517
fruit_0591.jp,126,213,867,1239,1806,2736,3648,5136,1449,12780
person_0795.jp,4812,6024,513,396,1368,2622,5592,4896,3345,432
plane_0188.jp,8841,582,432,312,369,2433,2124,3744,4467,6696
flower_0817.jp,7191,8685,4107,3726,2520,1122,861,1056,387,345
og_0650.jp,3558,4419,6354,7863,5124,2025,576,66,12,3
plane_0480.jp,294,2124,3498,1617,828,7173,13287,876,246,57
otorbike_0156.jp,11088,3651,3873,3837,2826,2061,1029,618,513,504
plane_0528.jp,177,825,3078,2067,1995,15771,3114,669,1035,1269
plane_0189.jp,1056,324,984,2517,3642,5082,3048,2445,8535,2367
plane_0719.jp,2784,1365,600,2511,9945,6300,2013,993,1119,2370
person_0181.jp,2079,5937,2460,3048,4239,4428,3561,2079,927,1242
plane_0500.jp,2334,1815,1437,873,18519,813,777,936,882,1614
plane_0283.jp,1713,5670,4809,2829,522,387,525,4683,7623,1239
og_0327.jp,153,750,1599,2052,3159,6537,5241,4413,3978,2118
plane_0702.jp,1029,1329,2421,2346,3390,7488,8022,1209,2214,552
plane_0087.jp,3369,5736,6420,3654,2199,1185,1668,1188,1980,2601
0414.jp,4956,1776,3426,3249,3306,2928,2364,3006,4143,846
plane_0103.jp,1116,10902,4341,4785,2772,1944,1224,1020,1782,114
plane_0411.jp,129,888,3663,10137,6384,2118,1017,1197,2262,2205
flower_0294.jp,1044,2823,2790,4983,2391,2664,3576,4710,3756,1263
plane_0056.jp,102,453,1062,3837,6147,9582,2322,1824,2355,2316
plane_0038.jp,8994,1785,2733,2412,1917,1884,1869,3561,2238,2607
person_0952.jp,10854,1929,1185,1479,2469,3846,5319,2118,417,384
plane_0271.jp,2142,3585,4521,4476,3036,2979,3666,1764,1455,2376
og_0479.jp,10290,3312,3255,2934,2262,1368,1197,1248,2073,2061
plane_0654.jp,675,918,4032,9222,5772,2796,1020,861,1047,3657
plane_0626.jp,573,1611,2163,8433,12537,621,687,669,864,1842
person_0665.jp,5781,5460,4980,4947,2637,1584,1887,1563,807,354
plane_0427.jp,255,582,7722,7890,5499,1863,630,942,1401,3216
fruit_0953.jp,5745,7308,6261,1452,675,345,261,255,147,7551
plane_0020.jp,906,1158,1611,2433,4071,4038,1257,1254,2349,10923
plane_0475.jp,711,3027,4179,3597,3834,5754,6108,999,852,939
plane_0110.jp,2805,5577,3813,3894,3267,3399,3357,1956,1638,294
plane_0432.jp,624,1458,9288,4200,3879,3942,963,1026,1272,3348
person_0585.jp,1713,4425,2982,2742,3087,3942,3177,3162,1353,3417
0538.jp,1908,1806,3144,4284,3936,2982,2166,2076,2331,5367
fruit_0753.jp,9849,4569,744,315,282,156,120,126,153,13686
plane_0061.jp,4326,2076,2559,1662,732,528,540,1143,14025,2409
person_0045.jp,1782,2178,13776,2733,2583,2091,1356,1428,1287,786
plane_0277.jp,507,3048,2022,1470,2625,13635,5058,1167,393,75
plane_0553.jp,54,756,1470,987,747,846,759,1533,20664,2184
plane_0441.jp,1539,1050,1713,16974,1128,816,882,1467,2160,2271
plane_0489.jp,2943,2148,696,8343,11952,318,363,609,789,1839
otorbike_0215.jp,1167,5334,8418,8010,2901,1185,858,555,456,1116
plane_0660.jp,60,126,369,3201,9354,6396,3075,1560,1293,4566
plane_0665.jp,792,1926,2991,4857,6546,8859,2298,1152,486,93
plane_0513.jp,219,777,1065,1941,17580,3024,960,972,1404,2058
0715.jp,5034,3660,6192,5787,4026,2241,1251,1449,294,66
0856.jp,7338,1695,1107,1149,1461,2205,2823,3498,4968,3756
0169.jp,9741,4596,4953,3024,2661,1788,1794,990,276,177
plane_0243.jp,1314,5019,3888,3033,5832,4359,1188,1362,1908,2097
flower_0516.jp,2814,831,534,1263,4380,4218,4209,4371,4368,3012
plane_0107.jp,645,2457,1578,1392,1371,1416,1587,12498,6966,90
plane_0644.jp,369,1311,4287,15303,2322,3900,1026,732,462,288
fruit_0611.jp,18,96,243,1737,10464,5175,1053,483,387,10344
fruit_0631.jp,8670,4830,5994,2055,336,123,204,144,132,7512
plane_0227.jp,1095,2901,5394,3435,4356,6555,2088,1416,1125,1635
og_0351.jp,1227,5226,5850,3687,2832,3090,3204,3516,1248,120
plane_0285.jp,735,2211,2904,2172,1188,903,2430,14988,1374,1095
plane_0141.jp,405,1851,1899,1752,1905,15774,5718,423,120,153
plane_0437.jp,843,1686,2628,6966,8991,5460,2625,438,285,78
og_0302.jp,1803,5814,4650,3402,3687,4041,3498,2307,588,210
0545.jp,4281,2577,6276,4599,2049,1434,1614,1884,1620,3666
flower_0585.jp,1296,7296,3900,681,804,1209,2274,4227,7302,1011
plane_0184.jp,4008,1491,5829,1698,1170,4317,6153,2838,1998,498
0610.jp,1863,3876,3723,3246,3147,1974,1512,1833,3012,5814
otorbike_0648.jp,1968,1056,1077,1482,1875,1866,1788,2172,4626,12090
og_0009.jp,1392,3000,3837,3810,3369,4299,4230,3594,1923,546
plane_0298.jp,717,1428,3432,7881,6324,4893,3933,681,414,297
plane_0267.jp,606,3327,10641,6555,2022,1233,1191,1413,1692,1320
fruit_0394.jp,54,681,963,1221,1443,1821,2838,6882,2592,11505
plane_0192.jp,1668,558,714,846,1731,8937,14445,795,90,216
plane_0375.jp,1758,2220,1851,885,786,7839,6093,6120,918,1530
plane_0625.jp,165,2256,2727,1296,18171,810,786,933,885,1971
og_0053.jp,9486,3072,2616,1959,1458,1623,1467,1698,2403,4218
otorbike_0531.jp,1386,2169,4344,7239,2637,1998,2127,2343,2871,2886
plane_0246.jp,204,2436,11325,5370,1548,1290,5271,987,663,906
plane_0645.jp,357,1254,2763,10143,6162,3180,618,564,1080,3879
plane_0499.jp,2055,1818,945,867,19002,1044,963,1029,750,1527
person_0361.jp,3564,5586,2604,2247,2769,3225,4440,3474,957,1134
og_0219.jp,276,1221,7734,2721,2871,4320,4767,3537,1941,612
plane_0589.jp,513,2325,2286,8475,9819,2319,651,864,1116,1632
plane_0302.jp,1851,8829,7659,4254,1338,708,846,1065,2271,1179
plane_0109.jp,2130,2484,2604,3984,4980,2526,3573,4209,2379,1131
plane_0524.jp,1773,2661,1278,978,3540,13755,2949,897,993,1176
plane_0422.jp,372,5016,8700,2556,2181,4947,1095,999,1257,2877
plane_0153.jp,429,1569,1929,2088,5172,7698,3144,4392,3096,483
plane_0203.jp,525,2628,3942,10299,4254,1452,1116,1344,2805,1635
og_0637.jp,78,483,3390,8823,7023,3996,2847,1686,1104,570
plane_0077.jp,4263,10914,5721,2919,1587,1260,846,618,804,1068
plane_0329.jp,1056,1359,9312,5082,1101,4407,1803,906,1230,3744
plane_0522.jp,372,1833,2694,1851,8970,2784,4950,5247,1188,111
plane_0078.jp,3519,2835,3963,6867,4986,2874,2844,654,1158,300
plane_0269.jp,885,3474,6900,7278,2124,1431,2352,2358,2058,1140
plane_0613.jp,627,1278,1395,1434,19563,1209,600,1035,1527,1332
plane_0176.jp,4299,1461,735,687,702,2520,2772,6471,8535,1818
flower_0013.jp,1236,1866,6732,9198,5073,2790,1605,1041,360,99
otorbike_0644.jp,1386,2346,3459,4101,1701,1203,1182,945,882,12795
flower_0257.jp,1515,4407,5688,4161,3615,2811,2223,1521,1182,2877
0151.jp,7074,2751,2640,1869,2133,1944,1812,3072,2361,4344
person_0320.jp,240,855,4212,6555,5541,3951,2928,2154,1371,2193
flower_0309.jp,765,3732,5796,6159,5436,3294,1776,1158,729,1155
0097.jp,6609,4566,3282,2478,2517,2796,1749,1680,1725,2598
plane_0318.jp,255,1626,1701,14505,5493,831,684,780,1326,2799
plane_0706.jp,1479,3666,3537,3894,6033,3204,2403,2190,2448,1146
person_0958.jp,7794,1800,2166,2994,3255,3321,2964,579,2448,2679
plane_0374.jp,1488,954,2391,3300,3837,7164,2010,7005,1638,213
plane_0642.jp,204,405,1485,4965,10383,4737,1503,666,879,4773
plane_0200.jp,354,1593,5316,6060,5340,3399,1938,1812,2496,1692
plane_0546.jp,1950,2901,2430,4140,3597,5505,3498,1020,987,3972
plane_0647.jp,366,1167,3108,10464,6513,2718,690,540,942,3492
plane_0633.jp,357,1248,6405,14976,1335,1158,1050,1062,1404,1005
fruit_0538.jp,606,2667,3852,2418,435,135,144,126,138,19479
0523.jp,3999,4293,3567,2472,1449,1470,1344,1203,2172,8031
fruit_0018.jp,16500,2880,1416,579,402,258,315,249,192,7209
og_0405.jp,561,3342,2271,1965,6456,8601,1911,1749,2556,588
plane_0259.jp,2202,2316,2004,5397,14457,1704,408,573,342,597
0341.jp,3198,5691,3033,1524,1065,1383,3183,4248,5874,801
0031.jp,2481,1890,4044,3825,4245,5355,2001,1320,2307,2532
0155.jp,5097,6249,5406,3840,2562,2118,1752,2352,405,219
plane_0080.jp,3870,5067,9069,5139,879,459,522,1005,2433,1557
0795.jp,4689,4224,2634,1452,1143,1125,1233,1221,2631,9648
flower_0559.jp,1635,2334,3681,3960,3864,3120,2880,2241,2484,3801
plane_0543.jp,408,1086,2706,4497,5322,5208,2931,2118,1953,3771
plane_0533.jp,192,1647,2880,2022,735,903,17625,2589,642,765
plane_0477.jp,306,1386,3519,12876,2595,2151,1761,1437,1578,2391
plane_0333.jp,711,1902,705,954,9771,8778,849,885,1047,4398
plane_0538.jp,288,1251,2211,1680,1677,14148,3297,2034,1956,1458
plane_0691.jp,267,1251,5286,4674,3342,4338,3747,4665,1509,921
person_0385.jp,1812,2640,9285,5451,3933,2460,1803,1653,696,267
plane_0632.jp,1419,1521,1344,6885,13812,720,966,981,1503,849
plane_0019.jp,4674,3006,2139,1191,735,357,360,504,8244,8790
plane_0502.jp,336,1659,2433,1497,17736,690,666,891,1302,2790
plane_0424.jp,273,3906,9183,3114,3651,4476,1857,1227,1752,561
plane_0682.jp,2091,2751,1752,1710,3807,7659,6399,3654,156,21
fruit_0136.jp,1593,3903,5130,4446,3114,2772,294,195,195,8358
plane_0136.jp,1638,2649,10947,4800,3756,5700,363,111,21,15
plane_0322.jp,198,714,2094,2724,3210,3204,6723,3432,4005,3696
person_0387.jp,4044,1608,1518,1908,3927,5622,4416,2505,2175,2277
plane_0598.jp,438,2034,2382,13902,6717,981,753,726,1209,858
og_0257.jp,687,1761,2550,3642,5265,6546,5256,2577,1347,369
flower_0368.jp,1701,4479,6486,4941,2847,1071,516,345,351,7263
plane_0226.jp,1071,3390,4899,5049,4644,3798,2508,975,1404,2262
plane_0694.jp,3342,3810,2103,2964,4728,2169,2559,5256,1053,2016
person_0042.jp,549,3042,3831,4080,3912,2565,2958,2721,2202,4140
plane_0575.jp,1479,2919,3120,3657,4860,3405,1632,3033,2133,3762
0053.jp,3312,3906,4407,4167,4281,3207,2595,1662,1308,1155
0426.jp,7527,8007,4779,2868,1776,1260,930,717,570,1566
otorbike_0061.jp,318,2451,1902,1032,972,1137,1482,1629,3213,15864
plane_0207.jp,609,1980,2109,1161,10647,7002,2397,1104,732,2259
plane_0142.jp,1770,1650,4479,8697,3708,2616,2739,2895,1404,42
0265.jp,13926,1425,1257,1437,1581,1557,1203,1284,2154,4176
plane_0016.jp,8529,3726,2586,1818,2142,1857,1650,2250,2529,2913
plane_0607.jp,2799,1956,1320,17865,885,666,744,1251,960,1554
0812.jp,4731,1749,2268,2274,2502,1605,3771,3468,2307,5325
flower_0479.jp,1620,5328,4995,3240,3879,4851,4230,975,504,378
0836.jp,2724,1602,2739,5043,5358,4167,3264,3462,1557,84
plane_0527.jp,135,657,2949,2661,1902,3552,3846,5040,4899,4359
plane_0007.jp,4395,2517,1449,1167,1494,1920,3549,3774,8397,1338
plane_0558.jp,558,2535,2265,1860,6264,14022,585,546,447,918
plane_0236.jp,525,2508,2472,1542,15357,1071,849,882,1323,3471
plane_0378.jp,384,1656,5637,9807,4488,2547,2220,924,471,1866
otorbike_0045.jp,1209,1704,1923,1275,984,1155,1257,1728,1443,17322
0479.jp,714,4230,6069,4332,4056,3993,3606,2004,732,264
plane_0658.jp,45,1428,5205,9576,5514,2136,1212,1104,1146,2634
plane_0705.jp,1005,3270,4596,4902,4101,6090,3186,1383,1167,300
plane_0573.jp,390,1158,1383,1704,2169,1500,20406,393,426,471
person_0174.jp,5946,3513,1917,2589,3225,4353,5919,1209,993,336
plane_0611.jp,168,1317,2223,11970,8604,639,783,1086,1218,1992
plane_0554.jp,3324,1953,1107,1350,3936,15876,732,786,726,210
otorbike_0347.jp,3423,2292,3525,3183,3087,6627,6864,651,288,60
plane_0409.jp,1257,3846,6027,13005,882,948,801,1545,1668,21
plane_0216.jp,1491,2139,2886,3822,12003,2682,1383,1224,1062,1308
flower_0232.jp,978,1326,2328,3261,4851,4581,4464,2445,2142,3624
plane_0580.jp,1287,1485,2886,6234,3972,7296,1587,975,1254,3024
plane_0624.jp,147,1302,2409,4959,14361,843,786,1050,1413,2730
otorbike_0529.jp,2601,4521,3513,1203,1011,735,549,531,5082,10254
flower_0823.jp,2613,2871,2829,2244,2091,2781,3717,4062,3816,2976
flower_0638.jp,9531,4032,2361,2547,2361,3441,3030,1806,672,219
fruit_0662.jp,1782,2829,2937,4491,7161,3399,546,150,123,6582
plane_0549.jp,1902,1830,1317,1266,1647,7722,9525,906,861,3024
og_0234.jp,273,804,945,2478,6180,5712,6891,3327,2649,741
fruit_0283.jp,10380,3630,1149,861,876,504,270,234,207,11889
plane_0084.jp,225,693,1962,5397,6510,6738,5772,2208,348,147
og_0306.jp,1350,4839,3873,3111,2586,1872,1620,1128,1497,8124
plane_0235.jp,1236,3741,6837,10365,1455,966,1173,969,1029,2229
plane_0405.jp,186,5019,11979,7449,1458,1098,702,894,672,543
flower_0067.jp,4302,5301,6105,3915,2400,1776,1566,1581,1233,1821
plane_0241.jp,618,1956,801,3144,7215,10116,1224,852,1389,2685
plane_0129.jp,858,996,840,1773,2031,6633,13308,2538,942,81
og_0187.jp,4359,4935,2331,1704,1440,1122,1071,4653,4926,3459
0121.jp,3150,5061,3867,5178,3510,3492,2043,1617,1800,282
0758.jp,7857,3570,2709,2064,1308,900,723,1371,6282,3216
plane_0044.jp,4050,1332,1731,3363,5361,4512,3690,2088,1626,2247
flower_0336.jp,10065,9126,3633,4068,1539,675,282,156,237,219
plane_0551.jp,1509,2289,3918,4155,2586,3159,3669,1545,1836,5334
plane_0584.jp,933,867,849,1707,6795,4149,9699,3675,537,789
fruit_0100.jp,159,2994,2517,2094,2544,1062,279,201,351,17799
fruit_0638.jp,24,450,924,1461,3579,4680,8898,2301,339,7344
plane_0459.jp,1842,2037,5700,7791,3138,3804,789,633,1134,3132
plane_0146.jp,1605,1302,3000,8562,9033,4515,1362,351,210,60
otorbike_0126.jp,4029,4164,3567,3483,2481,2757,3936,5241,186,156
