og_0190.jp,81,324,798,4455,12789,2682,1095,1065,1254,5457
og_0330.jp,612,1947,4590,3843,4170,3723,2937,4140,3042,996
og_0303.jp,897,1314,3582,5409,3312,3189,3000,4902,3591,804
og_0470.jp,474,1935,3699,5094,5184,3876,3696,3666,2337,39
plane_0597.jp,669,2715,2133,18954,759,450,345,573,885,2517
plane_0302.jp,1851,8829,7659,4254,1338,708,846,1065,2271,1179
og_0424.jp,1257,6258,5103,2361,1974,1401,4830,5001,1050,765
og_0674.jp,1743,1845,1413,3681,5946,6552,6240,1722,594,264
plane_0108.jp,1359,1059,1557,1437,765,1032,18900,1905,1170,816
plane_0192.jp,1668,558,714,846,1731,8937,14445,795,90,216
og_0162.jp,2862,7620,4803,3645,3855,3192,1935,987,540,561
plane_0652.jp,2343,3696,2931,5394,11379,3516,525,171,24,21
og_0366.jp,3429,4143,1794,1281,2049,3027,4650,4458,3105,2064
plane_0107.jp,645,2457,1578,1392,1371,1416,1587,12498,6966,90
og_0466.jp,2115,5364,3234,3096,2757,2199,1851,2274,1998,5112
plane_0383.jp,750,4983,6066,8013,2886,5583,261,267,639,552
og_0297.jp,993,981,1179,2061,4242,5403,5298,2946,1770,5127
og_0454.jp,1179,1452,2454,3309,4914,5598,3447,4314,2994,339
og_0534.jp,5292,7563,3318,1542,1134,1848,2799,657,1974,3873
og_0572.jp,1146,3213,5604,4977,3990,4677,2505,1947,1365,576
plane_0613.jp,627,1278,1395,1434,19563,1209,600,1035,1527,1332
plane_0685.jp,1287,1968,1836,1287,2241,4917,5043,10866,516,39
og_0252.jp,108,378,1371,2682,4146,5826,4122,3591,4359,3417
plane_0441.jp,1539,1050,1713,16974,1128,816,882,1467,2160,2271
og_0658.jp,3408,3618,2094,2124,3171,2754,2619,2985,3201,4026
plane_0058.jp,4410,4257,7044,4437,2466,2394,2076,1677,1014,225
plane_0659.jp,846,1284,2613,6375,6261,3750,3075,1122,1146,3528
plane_0323.jp,1074,2583,960,936,831,1164,6015,9723,3063,3651
og_0204.jp,747,2391,3471,4143,4698,3882,3420,3111,1314,2823
og_0247.jp,11190,4698,2697,1170,948,1107,1245,1698,2214,3033
og_0550.jp,3036,2748,2130,3231,5190,6033,3321,1413,1767,1131
og_0446.jp,6762,2244,2526,2841,4698,2403,2034,2649,2598,1245
og_0394.jp,2511,5265,6537,4815,2340,2034,1968,1725,1749,1056
og_0607.jp,672,3276,7164,2457,1134,969,2037,3726,4689,3876
og_0586.jp,3729,3906,3714,3543,3894,4779,3768,2127,525,15
og_0507.jp,1548,1707,2670,4143,6870,5595,2685,1641,1902,1239
og_0003.jp,2367,2751,4989,5238,2547,2061,1680,2697,4770,900
og_0387.jp,1005,2325,4059,3756,4290,4209,4335,3504,2013,504
og_0522.jp,777,1488,3330,4674,7071,5907,3714,1107,762,1170
og_0206.jp,327,789,1461,3333,4800,4143,4443,2922,1431,6351
plane_0606.jp,477,1569,1053,21930,771,543,504,438,807,1908
og_0526.jp,7710,3519,3699,4221,3429,2916,2658,1266,579,3
plane_0705.jp,1005,3270,4596,4902,4101,6090,3186,1383,1167,300
plane_0642.jp,204,405,1485,4965,10383,4737,1503,666,879,4773
og_0428.jp,903,3162,3312,4455,4995,5460,4710,2208,663,132
plane_0651.jp,1254,3927,4737,4875,5274,3054,990,963,1359,3567
og_0023.jp,5709,5676,1674,780,1341,1176,963,4290,7764,627
og_0349.jp,2625,2736,2250,2679,2922,3375,3756,3972,3153,2532
og_0533.jp,4677,4542,1938,1611,1950,2184,3717,5385,3318,678
og_0106.jp,324,1497,2523,4845,4338,2622,1869,1164,1215,9603
og_0604.jp,2250,6951,12216,5349,1005,690,618,147,189,585
plane_0693.jp,489,1272,2013,1734,2046,13989,4725,2685,510,537
plane_0661.jp,297,2046,4551,8979,4509,1866,1380,1443,1803,3126
plane_0242.jp,2889,3684,7308,3102,1266,4653,6495,366,147,90
plane_0011.jp,1350,1623,1872,2793,2163,6366,7485,2004,1143,3201
plane_0092.jp,1491,2130,4479,11841,3069,1185,1395,1482,1479,1449
plane_0629.jp,2175,1335,1404,7626,11970,573,648,900,1029,2340
plane_0671.jp,1875,3732,6672,5322,3627,1956,990,1140,1917,2769
og_0243.jp,10344,3663,2367,1569,789,1539,2475,5457,1767,30
plane_0127.jp,1287,2604,1194,906,951,18360,1839,747,1596,516
og_0223.jp,2025,4242,5601,6102,5367,1815,1086,1026,996,1740
og_0413.jp,345,1530,4416,4956,5919,5559,2379,1563,1452,1881
plane_0402.jp,1980,1824,1275,16893,1365,927,921,1503,2931,381
plane_0570.jp,2394,1371,906,843,1170,19569,693,642,639,1773
og_0416.jp,2739,3354,5172,4053,2781,2436,1842,2241,3387,1995
plane_0382.jp,4278,6177,12591,3858,1536,1077,360,93,15,15
og_0037.jp,2427,4131,6165,7491,5673,2613,846,285,252,117
plane_0397.jp,774,7038,9510,1143,1323,1968,2223,4611,1392,18
plane_0492.jp,3273,3096,900,1152,16059,651,711,1020,939,2199
plane_0263.jp,1251,3936,5601,4509,2253,1965,2817,3876,3111,681
og_0531.jp,675,3744,4662,3945,4818,1773,1317,1854,3381,3831
plane_0525.jp,843,1581,1119,885,1023,3666,14712,3777,981,1413
plane_0663.jp,195,2574,2646,9756,9033,3699,1395,450,213,39
plane_0212.jp,2343,1332,717,495,2220,3693,4482,9972,1302,3444
og_0461.jp,3078,3198,3324,4347,5991,5961,2370,960,480,291
plane_0173.jp,207,1440,2868,4290,2259,2157,5448,7737,3255,339
plane_0134.jp,339,2388,4218,4518,3738,2958,2043,8499,1023,276
plane_0552.jp,321,1521,1911,1176,1182,6606,10140,1245,1548,4350
og_0457.jp,1266,312,333,750,3297,10881,4812,2454,2631,3264
plane_0175.jp,1191,1317,2139,1548,942,678,813,900,3909,16563
plane_0195.jp,3057,2637,810,1221,1869,5556,6768,5748,801,1533
plane_0071.jp,555,1611,3432,7350,6624,2844,2511,1641,2247,1185
og_0060.jp,1059,2268,9021,3576,2271,2037,2214,1296,1035,5223
og_0421.jp,33,177,240,390,942,3489,7095,4782,3963,8889
og_0308.jp,1761,2712,4266,3243,3312,2787,3990,4995,2436,498
plane_0102.jp,5574,6243,2586,2244,2655,2601,2154,3039,2820,84
plane_0147.jp,3453,3396,4875,4491,4911,3960,2439,843,1599,33
plane_0201.jp,546,3078,1032,942,6912,12696,1611,1110,822,1251
og_0430.jp,1941,1425,3195,1593,798,1149,2484,4485,5019,7911
plane_0158.jp,1758,1041,1542,5094,4956,6753,5301,1350,1833,372
og_0177.jp,132,993,3258,2475,2097,2463,2013,2430,2553,11586
og_0629.jp,1368,3219,2106,2559,2937,3033,4365,5793,4449,171
og_0069.jp,12183,4536,4359,2046,1533,1422,1209,1185,834,693
og_0581.jp,7740,7899,3144,1710,1407,2190,2991,1155,807,957
plane_0568.jp,81,585,894,972,19785,906,1266,1977,1266,2268
plane_0562.jp,1506,1713,1035,19962,1017,1308,1170,1458,735,96
plane_0605.jp,2601,2640,984,17532,600,654,939,1548,1287,1215
og_0557.jp,1200,1122,2043,4368,5178,6117,5049,1962,2328,633
plane_0210.jp,495,1425,1719,2016,8682,8175,3024,678,1269,2517
plane_0021.jp,129,318,1320,3147,4668,1716,1413,1134,819,15336
og_0458.jp,11844,2565,1851,1878,1692,1755,1848,2115,2862,1590
plane_0545.jp,2190,2439,2352,1707,13122,2757,867,717,801,3048
og_0444.jp,1344,5964,6045,3600,3285,2523,1479,1128,1563,3069
og_0617.jp,363,1425,2679,4308,3948,4284,3837,2658,1107,5391
plane_0430.jp,771,3165,3003,3855,7020,3630,2235,963,1332,4026
plane_0700.jp,864,2541,3144,2226,1893,1230,1992,15516,255,339
og_0657.jp,8535,6252,1032,798,1266,6084,4491,1050,345,147
plane_0034.jp,4752,1398,1893,1932,1248,2133,3033,2172,1737,9702
plane_0436.jp,585,6738,8331,4620,4113,1626,1038,945,1314,690
plane_0301.jp,678,1794,3888,10686,3213,2160,1176,1209,1848,3348
plane_0489.jp,2943,2148,696,8343,11952,318,363,609,789,1839
og_0207.jp,300,435,795,2889,3678,4029,4746,6354,4467,2307
og_0481.jp,873,3195,3951,3930,2814,3546,4545,3537,1671,1938
plane_0117.jp,1044,3144,5781,4062,4668,2538,3030,2085,2688,960
og_0693.jp,1386,2790,3198,3255,4569,3426,3228,2619,1734,3795
og_0041.jp,4920,6915,1818,1356,2349,1890,2016,1896,1416,5424
plane_0073.jp,7635,3969,4080,2583,1266,1395,1611,2034,4359,1068
plane_0081.jp,4605,4656,4656,4500,3633,3690,1356,966,963,975
plane_0250.jp,66,384,2868,3084,7653,10866,804,867,1251,2157
og_0608.jp,318,1023,975,2040,2799,3012,7299,4356,2415,5763
og_0383.jp,2424,4398,5337,4842,3273,2532,2694,3300,1083,117
plane_0320.jp,1221,3762,7785,4536,3303,1947,1257,1530,1323,3336
plane_0270.jp,2010,5097,8808,6108,2289,1443,1335,1389,1005,516
og_0369.jp,195,2109,2472,2853,2865,3105,3519,5475,6126,1281
plane_0529.jp,276,1836,1224,2358,11073,6864,2676,1500,1020,1173
og_0092.jp,2271,2754,6051,4350,786,1857,2718,2988,2016,4209
plane_0237.jp,1164,1965,1404,795,15666,2121,1323,1260,1350,2952
og_0558.jp,966,1425,2529,4719,7677,6900,3126,1467,786,405
plane_0315.jp,6153,3495,17784,1731,216,126,135,132,105,123
og_0015.jp,336,2667,4779,4017,2247,2022,5037,5532,2808,555
plane_0269.jp,885,3474,6900,7278,2124,1431,2352,2358,2058,1140
og_0290.jp,3630,4416,2655,1653,1257,1146,2895,5766,4185,2397
og_0655.jp,1059,3222,6384,7044,3924,1473,933,1296,1443,3222
plane_0191.jp,2556,693,732,1617,16662,3120,1713,1722,1134,51
plane_0024.jp,2184,1701,1587,2877,3252,3615,3888,2292,1518,7086
og_0065.jp,963,2727,3309,3585,4092,4368,3582,2799,3453,1122
plane_0694.jp,3342,3810,2103,2964,4728,2169,2559,5256,1053,2016
plane_0233.jp,669,2523,6585,6105,7383,1038,1743,1419,2319,216
plane_0457.jp,1902,8145,4821,3834,2658,2055,810,1050,846,3879
plane_0567.jp,2178,1446,1086,627,573,19413,897,855,1899,1026
plane_0401.jp,429,2004,2091,18300,732,753,846,873,1518,2454
og_0298.jp,48,711,2559,1368,678,438,1002,4599,7146,11451
plane_0387.jp,942,2958,13878,6942,2307,2022,687,147,66,51
plane_0203.jp,525,2628,3942,10299,4254,1452,1116,1344,2805,1635
plane_0431.jp,660,3477,3609,2964,5502,4293,2907,1005,1362,4221
og_0690.jp,3891,1608,1437,1245,1074,936,1125,1434,3996,13254
plane_0427.jp,255,582,7722,7890,5499,1863,630,942,1401,3216
plane_0245.jp,411,5232,6114,1596,2208,9657,1023,1230,1233,1296
plane_0608.jp,216,996,1716,20778,897,705,717,981,1233,1761
og_0158.jp,1362,2733,4503,6012,4635,4557,3216,1650,987,345
plane_0166.jp,144,1509,1620,2262,2337,8502,9024,2655,1005,942
og_0115.jp,2169,4512,2511,2181,2067,2907,2865,3285,4806,2697
og_0075.jp,600,699,1908,5019,6051,5649,3648,2178,1734,2514
plane_0519.jp,330,900,1365,4812,17448,753,567,939,999,1887
plane_0207.jp,609,1980,2109,1161,10647,7002,2397,1104,732,2259
og_0398.jp,5145,6396,6201,3882,2340,2322,999,624,1986,105
og_0565.jp,8745,4815,2769,1740,2115,2205,1764,3234,2415,198
og_0334.jp,726,4632,5685,3603,3237,4950,3966,1539,1179,483
plane_0556.jp,1173,2979,1755,1545,7833,11682,879,609,483,1062
plane_0141.jp,405,1851,1899,1752,1905,15774,5718,423,120,153
plane_0710.jp,1422,2139,1179,2937,6198,8721,5394,1779,189,42
plane_0187.jp,6384,945,552,468,471,525,690,4764,10134,5067
og_0253.jp,4035,5274,3381,1605,1437,1353,2400,699,6594,3222
og_0511.jp,1155,2181,4788,6177,5802,3813,2436,2211,1065,372
og_0697.jp,4071,4413,2955,2268,1977,2757,2421,4380,2988,1770
plane_0646.jp,1164,1917,2064,4494,12345,960,840,1059,1530,3627
plane_0130.jp,420,807,591,1353,2835,1206,2517,15423,3531,1317
og_0261.jp,2004,2139,3933,4572,4338,5736,3891,1998,867,522
plane_0538.jp,288,1251,2211,1680,1677,14148,3297,2034,1956,1458
og_0145.jp,261,1722,7935,3693,1950,2817,5496,3630,1299,1197
og_0605.jp,2115,6675,6348,4395,1476,1440,1044,1620,3054,1833
og_0439.jp,537,1920,5160,5262,3231,2037,3879,4104,2295,1575
plane_0336.jp,693,8319,3888,2517,3063,4110,4314,672,558,1866
og_0255.jp,1983,8460,4263,1677,927,1101,1245,1614,5265,3465
plane_0639.jp,3699,1149,927,3963,18120,594,486,327,399,336
og_0191.jp,735,8757,3462,3429,3537,3846,2358,1449,933,1494
plane_0220.jp,2730,1395,1470,1749,18984,1347,1182,771,210,162
plane_0506.jp,432,1452,1596,2562,18858,855,687,783,1032,1743
og_0184.jp,1245,2811,4041,7359,9291,2835,759,678,459,522
plane_0656.jp,2103,1395,1563,6483,9654,3531,1125,507,741,2898
plane_0188.jp,8841,582,432,312,369,2433,2124,3744,4467,6696
og_0126.jp,96,510,1884,6165,3462,3585,2796,3396,3828,4278
og_0057.jp,2733,5979,6981,3714,1626,1164,846,918,1194,4845
og_0537.jp,873,2478,2196,2238,2886,5454,9669,3102,678,426
plane_0467.jp,318,819,3144,6768,5049,4797,3858,1371,1329,2547
plane_0349.jp,156,303,1545,2706,6426,9663,2145,2505,3417,1134
plane_0494.jp,2976,2148,1263,1167,5682,13935,357,267,405,1800
plane_0053.jp,1578,1719,1752,3171,7170,6648,4404,2133,1149,276
plane_0176.jp,4299,1461,735,687,702,2520,2772,6471,8535,1818
plane_0520.jp,2154,2811,1251,2211,17355,1158,762,711,477,1110
plane_0272.jp,1062,3768,2862,2007,3297,3600,4224,4104,1851,3225
og_0124.jp,3777,5472,5205,2859,3069,3015,2271,891,903,2538
og_0585.jp,1131,5592,8082,4431,3165,2625,2559,1164,606,645
plane_0310.jp,2346,1434,2190,1677,2475,18213,693,330,372,270
og_0047.jp,288,1560,2670,3774,3639,5421,6924,5547,66,111
plane_0627.jp,543,3297,2142,1224,17685,753,771,765,756,2064
og_0067.jp,858,1773,3975,3609,4515,3879,2340,3573,4821,657
og_0022.jp,4110,3327,2994,1842,1500,1659,2412,3786,4455,3915
og_0364.jp,411,915,1515,2985,5241,7434,6681,2091,1131,1596
og_0547.jp,186,2667,3309,3018,3888,2850,2898,2757,3720,4707
og_0004.jp,2415,4662,3081,2052,1470,999,1110,8643,5532,36
og_0304.jp,822,2331,3702,3036,3780,4161,5733,4869,1371,195
og_0431.jp,228,966,2364,1215,1461,3636,5937,9348,3042,1803
plane_0497.jp,2352,2199,1140,1065,16872,1353,804,1092,1008,2115
plane_0628.jp,225,1281,2085,4839,16773,696,843,948,981,1329
og_0251.jp,3324,3834,4122,3744,2247,2478,2679,3762,1989,1821
og_0552.jp,1638,4032,6273,6018,6243,4488,354,204,306,444
plane_0702.jp,1029,1329,2421,2346,3390,7488,8022,1209,2214,552
og_0512.jp,8178,3363,2304,1995,6723,4614,2712,87,15,9
og_0332.jp,981,993,3300,2700,5286,3711,2835,3141,3876,3177
og_0680.jp,5946,1746,2637,2925,2703,2994,3009,3891,3066,1083
plane_0626.jp,573,1611,2163,8433,12537,621,687,669,864,1842
plane_0008.jp,2211,2463,6921,4476,4302,2838,1773,1209,1512,2295
og_0401.jp,513,669,1290,2175,2511,2796,5184,7095,6675,1092
plane_0712.jp,1452,3042,11379,8301,879,627,660,846,1095,1719
plane_0136.jp,1638,2649,10947,4800,3756,5700,363,111,21,15
plane_0560.jp,3150,1818,963,4035,15693,1107,684,624,555,1371
plane_0196.jp,3072,1746,915,993,5349,11973,2706,834,1404,1008
plane_0561.jp,3312,2259,1068,1191,12147,6786,741,690,675,1131
plane_0005.jp,1569,3636,5679,6660,4563,2037,1527,1062,861,2406
plane_0155.jp,1107,1245,4395,5271,7494,6270,2190,1488,492,48
og_0264.jp,7974,6885,2961,3696,3132,2265,1515,969,414,189
og_0112.jp,12213,2265,1290,969,1068,2181,2262,3102,2454,2196
og_0643.jp,723,528,585,435,678,1752,2844,4215,8490,9750
plane_0104.jp,1611,4602,2946,1557,903,1242,15027,1650,438,24
plane_0476.jp,1029,1983,1542,15321,2223,882,858,987,1917,3258
og_0683.jp,273,621,1707,4221,6459,9366,4629,2124,441,159
plane_0025.jp,1584,1134,2379,2208,4719,5463,3174,735,579,8025
og_0355.jp,3783,2484,3303,7611,2955,1938,2055,2418,2334,1119
og_0639.jp,4833,5511,4599,3060,3474,3594,4002,540,204,183
plane_0648.jp,2316,2568,3531,2448,7059,5574,4155,1347,657,345
plane_0723.jp,837,3045,1044,1293,933,1557,18918,1440,600,333
og_0412.jp,3660,2463,2031,2367,2925,2733,6258,5439,1557,567
plane_0068.jp,2787,4737,3258,2325,4320,3036,2223,1710,1929,3675
og_0455.jp,594,957,1953,1977,2211,2709,3363,3045,3390,9801
og_0498.jp,6270,3018,2964,3249,2595,3222,3582,3405,1341,354
plane_0638.jp,894,1626,2034,2757,17700,867,633,780,900,1809
og_0367.jp,4023,3957,4428,1851,1527,1596,1842,2007,3576,5193
plane_0491.jp,3555,3009,933,6408,10221,552,684,921,1062,2655
og_0239.jp,5478,7602,3054,1938,2058,4947,1626,669,573,2055
og_0167.jp,4995,1791,1671,1272,1353,2163,3198,5967,5451,2139
og_0510.jp,1395,4185,5793,5793,4068,2301,1581,2445,1032,1407
og_0114.jp,4878,5100,3099,3174,3372,3357,3423,2838,717,42
og_0241.jp,4875,12303,1221,900,2286,3876,1572,1770,1149,48
og_0159.jp,4596,5346,2415,1620,3093,4707,4893,1986,1140,204
plane_0093.jp,4590,3510,5082,5616,5454,1893,1350,999,903,603
og_0225.jp,3972,10491,5658,3087,1572,1053,1212,1320,1341,294
og_0061.jp,1836,3786,5235,2376,3099,4779,3975,2472,1740,702
og_0612.jp,261,1239,7767,3372,1071,1803,3939,6477,3318,753
og_0073.jp,1986,3828,3147,3021,3666,4128,3864,3348,1314,1698
plane_0611.jp,168,1317,2223,11970,8604,639,783,1086,1218,1992
og_0631.jp,3243,4281,5382,4065,3615,2751,3012,2982,249,420
og_0652.jp,1272,1878,1245,6111,7206,2139,1065,1572,2298,5214
og_0407.jp,1011,9750,2439,987,2652,3822,4422,3150,1683,84
og_0166.jp,3699,3975,2412,3510,2973,3351,3912,4587,1062,519
og_0118.jp,471,2319,4311,5742,1788,1110,846,648,483,12282
og_0649.jp,1854,3462,2136,1896,3318,8502,6123,2115,525,69
og_0496.jp,981,3600,6288,4710,3576,3243,3444,2940,627,591
plane_0202.jp,459,957,1446,2685,15933,780,750,675,1443,4872
og_0434.jp,2325,4920,6606,5169,2670,1602,2100,3897,552,159
plane_0044.jp,4050,1332,1731,3363,5361,4512,3690,2088,1626,2247
og_0536.jp,597,3375,5118,4224,3792,4854,4167,2577,1119,177
plane_0634.jp,303,3069,1380,10296,12219,603,546,642,462,480
og_0665.jp,9414,2052,2553,2505,1947,2775,2514,4020,1857,363
plane_0286.jp,261,750,2481,2187,2214,15729,1464,2268,2388,258
plane_0631.jp,366,1722,1962,3207,16227,810,774,1032,1290,2610
og_0258.jp,10275,3015,2259,1470,2127,4014,2412,1824,483,2121
plane_0177.jp,10659,3198,3948,5952,4368,816,429,342,249,39
og_0589.jp,1317,2652,5118,6954,5448,1464,1290,2661,2175,921
plane_0110.jp,2805,5577,3813,3894,3267,3399,3357,1956,1638,294
og_0026.jp,2967,5586,4398,1317,1152,1245,3363,4125,4203,1644
og_0513.jp,3909,2040,3699,6105,3672,2103,2076,2898,2976,522
og_0399.jp,219,1401,3219,5463,8916,4737,3900,1524,540,81
og_0260.jp,4317,8631,1467,741,936,2217,7122,1377,1167,2025
og_0058.jp,1377,1353,1152,3102,7944,7125,1905,1278,1569,3195
plane_0318.jp,255,1626,1701,14505,5493,831,684,780,1326,2799
plane_0718.jp,2121,1716,1359,2442,8562,5133,2538,2622,993,2514
og_0237.jp,3933,4122,5100,5445,5775,3099,1380,696,243,207
plane_0609.jp,459,2097,1428,11970,8895,591,519,714,969,2358
plane_0706.jp,1479,3666,3537,3894,6033,3204,2403,2190,2448,1146
og_0164.jp,2811,4659,6420,6111,3150,2655,2187,1383,477,147
og_0480.jp,4194,5886,5442,3252,3039,1872,1575,1380,1347,2013
og_0521.jp,456,951,3204,2454,5697,4716,2970,3333,3600,2619
plane_0462.jp,549,1851,1287,1605,5844,11460,1125,1260,1122,3897
plane_0114.jp,261,1278,2049,7329,6492,6159,3075,2736,417,204
plane_0615.jp,57,585,1389,2904,8715,13899,1368,975,75,33
plane_0266.jp,1473,2802,5850,5889,4083,3171,1599,2448,2163,522
og_0426.jp,7827,5190,6018,4080,2076,1605,1029,663,663,849
plane_0554.jp,3324,1953,1107,1350,3936,15876,732,786,726,210
og_0087.jp,3249,7755,4962,3432,2217,2736,2724,1722,861,342
og_0280.jp,258,1278,4554,9174,5979,3603,2259,2175,687,33
plane_0717.jp,2250,1596,906,13344,3318,1242,3114,1605,771,1854
plane_0143.jp,4443,6738,8067,4035,2511,1956,1533,387,81,249
plane_0204.jp,603,2535,2577,4329,4995,10803,1935,1548,549,126
og_0048.jp,2349,3594,3135,3117,5346,7362,4110,819,144,24
og_0438.jp,10404,3897,1971,1737,1359,834,579,738,1602,6879
og_0214.jp,1437,1236,2232,3357,5475,4734,3210,2052,2679,3588
og_0530.jp,9441,2331,1833,2058,2391,3315,3834,2841,1320,636
plane_0326.jp,921,1497,1905,10494,3894,1743,4134,1059,1413,2940
og_0626.jp,780,759,2673,5268,6417,4812,4242,1494,2670,885
og_0422.jp,117,1263,3771,7548,7122,2346,2850,4368,570,45
og_0168.jp,2364,4881,8268,4200,1272,1290,1464,1497,1947,2817
plane_0471.jp,381,2037,1620,2079,5976,9249,1116,1296,1602,4644
plane_0038.jp,8994,1785,2733,2412,1917,1884,1869,3561,2238,2607
og_0313.jp,3027,4908,4344,3501,4095,4872,3639,1035,207,372
plane_0321.jp,1662,1566,1893,5010,7677,4323,3978,2454,642,795
plane_0482.jp,1926,2598,5028,6642,6930,1860,1008,747,1080,2181
plane_0131.jp,1539,3075,4185,4056,3312,2223,2643,5391,3531,45
og_0285.jp,2601,6393,4734,2160,1647,1203,1809,5778,3636,39
plane_0475.jp,711,3027,4179,3597,3834,5754,6108,999,852,939
og_0221.jp,3570,5388,5580,4068,3015,2571,1929,1446,1176,1257
plane_0061.jp,4326,2076,2559,1662,732,528,540,1143,14025,2409
plane_0078.jp,3519,2835,3963,6867,4986,2874,2844,654,1158,300
og_0700.jp,816,4644,5436,4668,4824,3495,3042,1869,687,519
og_0201.jp,33,504,2862,6783,2580,1875,2532,2073,3273,7485
plane_0542.jp,840,2028,3693,3873,6987,5730,2406,1671,2439,333
og_0679.jp,3324,3858,6402,2316,1851,2088,1869,2013,1233,5046
og_0233.jp,873,3027,2592,2256,2430,4731,10407,1836,1140,708
og_0642.jp,7083,8760,3417,2148,1815,1605,1875,2163,1080,54
og_0121.jp,921,3507,4536,4542,3729,3729,5958,2697,324,57
og_0676.jp,270,954,2841,1383,1293,855,2145,2562,8163,9534
plane_0322.jp,198,714,2094,2724,3210,3204,6723,3432,4005,3696
plane_0486.jp,309,1830,3195,3471,3369,9564,2520,2715,1740,1287
plane_0313.jp,459,1398,2466,1863,1215,18561,1917,771,795,555
og_0567.jp,1197,4086,5529,5859,2535,2298,1872,1704,2052,2868
plane_0051.jp,4257,3855,3147,2469,2283,4473,4338,3036,1878,264
og_0027.jp,2364,7458,6042,4494,3171,2337,1470,894,798,972
og_0514.jp,3993,2970,6198,3993,2214,1950,1998,3051,1806,1827
plane_0618.jp,819,4554,3162,2430,2388,2871,3021,6471,4026,258
og_0610.jp,3516,8091,4098,4959,3783,1908,1296,903,228,1218
plane_0244.jp,321,7566,9522,1626,1722,2091,1311,1173,1356,3312
plane_0534.jp,1983,2928,2370,1557,1257,2589,14637,804,756,1119
og_0178.jp,285,1392,5502,7866,3657,2769,4134,2598,735,1062
plane_0236.jp,525,2508,2472,1542,15357,1071,849,882,1323,3471
og_0070.jp,6495,2469,4338,5139,6408,1347,1086,819,1290,609
plane_0298.jp,717,1428,3432,7881,6324,4893,3933,681,414,297
og_0499.jp,7065,3927,2859,2523,2745,3804,2652,1953,1350,1122
plane_0022.jp,816,657,1170,1542,2091,2826,12117,6372,1353,1056
plane_0640.jp,339,1341,2904,8925,7323,3294,1227,822,894,2931
plane_0579.jp,1218,1767,2445,1182,831,645,702,20442,366,402
plane_0435.jp,495,7008,4443,6942,4197,1707,1416,1476,1482,834
og_0646.jp,1776,2433,2388,2559,3198,3522,4236,4092,2109,3687
plane_0527.jp,135,657,2949,2661,1902,3552,3846,5040,4899,4359
plane_0215.jp,60,129,477,2559,7944,2760,5937,4932,1962,3240
plane_0080.jp,3870,5067,9069,5139,879,459,522,1005,2433,1557
plane_0137.jp,639,2796,1599,1032,993,1545,2079,636,16458,2223
og_0314.jp,1581,3507,5379,6612,3213,3069,2571,1332,1227,1509
plane_0458.jp,669,1605,2274,2613,2625,5280,9828,2391,816,1899
plane_0014.jp,2685,1518,1029,816,2058,8136,6621,4110,2100,927
og_0663.jp,1380,4593,3414,3270,3306,4095,4548,3627,1563,204
plane_0304.jp,393,1518,1800,2580,6738,13899,828,921,993,330
og_0429.jp,2694,2295,3819,5529,3213,2106,1665,1284,1095,6300
og_0395.jp,3159,5196,3960,3066,2484,4452,5064,2124,405,90
plane_0691.jp,267,1251,5286,4674,3342,4338,3747,4665,1509,921
plane_0521.jp,234,1464,1821,1896,1830,18768,1500,870,771,846
plane_0111.jp,1227,3147,9195,4407,4008,2361,2319,1266,867,1203
og_0448.jp,3954,1905,1614,5616,4455,2094,3837,4731,957,837
plane_0317.jp,660,3636,1926,9906,8682,747,828,774,840,2001
plane_0305.jp,897,6501,6066,5463,2850,2640,2583,1344,1359,297
og_0363.jp,108,564,1728,5259,4950,3189,4266,3000,3369,3567
og_0644.jp,5022,5511,5451,7839,3075,1182,777,630,312,201
plane_0043.jp,2880,2052,1830,2379,4854,2193,2073,1419,1578,8742
og_0165.jp,402,1350,2439,3690,5643,5733,5634,4233,759,117
plane_0193.jp,1503,627,759,1854,6135,8694,3285,1944,2004,3195
plane_0434.jp,771,5604,5631,4911,3120,2262,2061,1263,1749,2628
og_0699.jp,2088,3273,4944,3222,3141,4737,3690,2703,789,1413
og_0148.jp,636,2208,5124,5607,5202,2541,1350,1098,1218,5016
plane_0546.jp,1950,2901,2430,4140,3597,5505,3498,1020,987,3972
plane_0261.jp,1092,3984,8691,8580,3072,990,900,1851,657,183
og_0385.jp,756,1800,3762,7836,8685,5019,1962,144,12,24
og_0400.jp,156,222,1101,3843,6378,7137,6453,3267,1224,219
plane_0074.jp,4881,1290,1344,1392,843,1296,5046,9498,3552,858
plane_0112.jp,4629,4965,2775,2655,2490,2241,1482,4116,3933,714
og_0527.jp,2577,5439,4914,4926,2469,1638,1743,1896,3447,951
plane_0303.jp,5235,6531,7785,5580,1686,717,678,972,639,177
plane_0532.jp,180,603,1341,2064,2790,4563,16866,675,474,444
plane_0258.jp,762,1377,2529,21579,813,657,609,534,471,669
og_0698.jp,1533,2967,2979,4497,6000,5013,3849,1779,759,624
plane_0098.jp,1644,4998,5034,5367,3450,3291,2781,930,939,1566
plane_0514.jp,1371,2061,1110,762,3108,16953,807,1026,897,1905
plane_0582.jp,1632,2148,2007,20616,825,516,438,369,1101,348
plane_0346.jp,1791,3270,1827,2487,1845,804,777,1611,5397,10191
plane_0404.jp,1026,3702,16011,1818,717,972,1098,1380,2205,1071
og_0656.jp,498,1341,3270,3081,4551,4908,5292,5811,1158,90
plane_0126.jp,324,2142,3915,7818,4371,3099,3768,2076,1059,1428
og_0039.jp,1002,1500,2553,2424,2349,5067,5436,6180,2820,669
plane_0504.jp,477,270,432,1245,2118,20214,561,708,870,3105
og_0377.jp,2730,7827,5952,3000,2910,2562,2193,1299,1002,525
og_0017.jp,3252,5403,5652,4065,4455,4242,2760,129,21,21
og_0286.jp,324,540,1476,2229,1860,2061,3315,3636,2667,11892
plane_0715.jp,1293,2076,2766,17967,600,309,318,348,900,3423
og_0436.jp,1728,2076,1647,2097,4566,6948,5472,1986,1035,2445
og_0554.jp,126,1296,2172,3837,7104,8565,4809,1563,426,102
plane_0372.jp,564,5346,2847,1581,675,600,402,396,7650,9939
plane_0355.jp,63,639,1548,2547,4032,15831,1521,1026,1479,1314
og_0445.jp,2598,3999,4299,3009,3090,3969,3132,1794,3573,537
og_0462.jp,1134,3627,5118,4335,3729,2025,1482,2223,2856,3471
og_0359.jp,1401,2727,3336,3741,5976,3771,3513,2007,2088,1440
plane_0045.jp,5940,3642,3594,4323,2136,2937,3984,2217,1101,126
plane_0023.jp,2772,1977,2751,2013,2253,2988,2394,1410,3381,8061
plane_0170.jp,1275,2208,2319,3051,1749,12813,2742,1587,1170,1086
og_0135.jp,366,1995,3621,4734,6756,6180,1677,1389,2352,930
og_0132.jp,306,1659,1929,3957,5370,6519,5265,3138,1266,591
og_0208.jp,3594,3507,3594,4308,3915,1980,1359,873,2283,4587
plane_0632.jp,1419,1521,1344,6885,13812,720,966,981,1503,849
plane_0453.jp,939,2994,8553,3786,8625,1494,1707,1323,411,168
plane_0281.jp,3033,5559,7470,5760,3984,1836,810,453,453,642
og_0611.jp,813,2685,4635,6597,5703,1938,345,720,2622,3942
og_0609.jp,3843,2322,1533,969,4956,1086,3849,10245,498,699
og_0673.jp,5145,3129,2889,3063,1758,2499,4014,4878,2289,336
og_0028.jp,888,2496,4014,5556,5613,3933,2754,2358,1776,612
plane_0227.jp,1095,2901,5394,3435,4356,6555,2088,1416,1125,1635
plane_0007.jp,4395,2517,1449,1167,1494,1920,3549,3774,8397,1338
plane_0096.jp,3390,10665,5901,4392,2430,2058,777,288,66,33
plane_0558.jp,558,2535,2265,1860,6264,14022,585,546,447,918
og_0645.jp,2793,4749,2202,1206,2340,2721,3222,2091,3285,5391
og_0220.jp,264,750,975,1011,3171,5157,4077,3414,2433,8748
og_0043.jp,4506,5466,3330,1902,2355,2169,3801,5100,1275,96
plane_0610.jp,363,1671,2430,16737,3168,609,684,804,891,2643
plane_0577.jp,510,1809,2034,3852,7446,3255,5328,1398,1041,3327
og_0348.jp,2154,2445,1437,1212,1944,3996,7566,5739,2592,915
plane_0719.jp,2784,1365,600,2511,9945,6300,2013,993,1119,2370
plane_0052.jp,363,909,1998,2661,5886,8256,5802,1815,1839,471
og_0390.jp,759,3411,5562,6210,4533,2280,2418,2796,2025,6
og_0125.jp,315,273,864,3876,5349,5265,8199,3150,1692,1017
og_0179.jp,1104,6552,5136,2784,2859,2781,2103,2055,1611,3015
plane_0300.jp,2670,4971,3924,5424,4545,3216,1410,909,756,2175
og_0011.jp,1356,5913,6684,4383,2826,1641,1950,2004,1311,1932
og_0460.jp,69,276,741,2919,7023,6771,1914,2280,3129,4878
plane_0460.jp,594,1425,3066,3456,1818,1923,987,9276,4290,3165
plane_0636.jp,1569,1614,936,1092,13884,6294,750,777,870,2214
og_0025.jp,1503,2712,3222,4899,4524,4215,3831,2397,1668,1029
plane_0334.jp,882,2682,2046,1290,858,18468,1296,294,564,1620
plane_0059.jp,1806,4188,3549,5688,3870,3726,1929,1824,1368,2052
og_0236.jp,2685,6486,2739,1377,774,546,759,3057,5895,5682
plane_0247.jp,1188,6996,3303,6684,5187,1155,1626,1209,1527,1125
og_0316.jp,732,1038,2304,4347,5481,4908,3441,2670,1860,3219
plane_0312.jp,3576,1233,1041,1668,10044,10035,1221,315,450,417
og_0306.jp,1350,4839,3873,3111,2586,1872,1620,1128,1497,8124
plane_0200.jp,354,1593,5316,6060,5340,3399,1938,1812,2496,1692
plane_0254.jp,402,5619,10245,3444,2562,4788,930,825,750,435
og_0539.jp,3123,3858,3606,3810,4449,3018,2829,3120,1335,852
plane_0543.jp,408,1086,2706,4497,5322,5208,2931,2118,1953,3771
og_0595.jp,1485,2268,3648,5718,4386,1545,1989,4323,3954,684
og_0217.jp,1359,2271,2451,1692,2775,5715,6264,4554,2412,507
og_0701.jp,3483,5514,5397,4830,2736,1389,1002,747,834,4068
plane_0630.jp,2841,1785,801,7443,11964,696,843,996,981,1650
plane_0496.jp,1677,1728,1926,1428,19206,759,753,1302,1101,120
plane_0464.jp,198,636,678,1149,2568,12675,6294,1323,1167,3312
og_0614.jp,1002,1332,1890,3138,5457,5190,3258,3054,2766,2913
plane_0046.jp,1284,5691,8256,5388,2358,1161,1128,1038,1035,2661
og_0228.jp,930,2919,5304,2712,1839,1089,1566,4095,4890,4656
og_0235.jp,624,2220,3366,7467,5442,4116,3132,2448,1056,129
og_0418.jp,6213,4020,738,570,627,1404,2157,3936,7278,3057
plane_0696.jp,3612,3903,2097,2235,3123,5913,2790,1929,1689,2709
plane_0295.jp,1137,1803,1794,4521,15831,1899,621,654,807,933
og_0594.jp,1095,1911,3936,4893,5490,4170,3708,3102,1299,396
og_0273.jp,6564,3666,2268,1497,1104,729,708,612,2208,10644
og_0357.jp,114,441,570,828,2922,4320,7041,6039,3906,3819
og_0155.jp,6225,666,3147,3111,1575,2280,2877,3681,4218,2220
og_0391.jp,1377,3357,5301,4356,2973,2700,2925,4008,2559,444
og_0174.jp,1233,1515,1479,2163,4818,6441,4806,5109,2061,375
plane_0089.jp,4620,2040,2901,3543,4860,3900,4683,2814,582,57
plane_0649.jp,1374,1536,1812,3807,8721,5532,4245,927,858,1188
og_0141.jp,2307,897,3198,3459,5598,4815,3138,2112,3219,1257
plane_0644.jp,369,1311,4287,15303,2322,3900,1026,732,462,288
plane_0352.jp,276,957,1863,2490,3732,12849,1671,1011,1332,3819
plane_0559.jp,813,3690,1476,1476,7155,14139,768,294,150,39
og_0110.jp,654,1416,2775,3951,4977,4908,3327,2292,1635,4065
og_0556.jp,978,2811,4554,5898,5577,4680,3150,1740,480,132
plane_0573.jp,390,1158,1383,1704,2169,1500,20406,393,426,471
plane_0580.jp,1287,1485,2886,6234,3972,7296,1587,975,1254,3024
og_0380.jp,1260,2463,3732,5154,3687,4002,2259,1227,1635,4581
plane_0672.jp,204,933,4368,1899,14214,897,1029,1578,2550,2328
plane_0399.jp,792,1227,20694,921,747,879,1311,2508,894,27
og_0468.jp,174,1776,4518,4311,4284,3291,2034,2019,2778,4815
plane_0029.jp,3021,2676,4614,2139,2601,4641,3318,2958,1515,2517
plane_0684.jp,2343,1470,1902,1233,1389,1554,3573,5853,4434,6249
plane_0037.jp,2592,1647,1020,729,987,1953,4005,3363,8586,5118
plane_0335.jp,339,1116,1329,1344,2397,16242,3480,1200,951,1602
plane_0408.jp,750,3033,3723,16176,1335,1113,1242,1296,1233,99
plane_0569.jp,1488,2709,3729,3189,5853,4974,3147,921,1392,2598
plane_0153.jp,429,1569,1929,2088,5172,7698,3144,4392,3096,483
plane_0255.jp,2325,4095,1560,624,7800,8907,645,735,927,2382
og_0569.jp,12342,3846,1401,927,885,816,1086,1530,1320,5847
plane_0330.jp,375,672,972,3360,11442,2976,3021,4008,1287,1887
plane_0001.jp,4152,1308,2358,1548,969,975,678,1638,6423,9951
plane_0182.jp,8775,2097,1161,1428,4854,4170,3393,1431,1284,1407
plane_0674.jp,429,1086,1404,906,1149,19437,774,741,1071,3003
og_0555.jp,2082,2115,963,1767,2817,1371,3660,2391,7521,5313
plane_0419.jp,876,6792,5664,5049,3312,1350,1380,1713,2727,1137
plane_0075.jp,10569,9696,2322,1254,561,606,1389,2787,777,39
plane_0485.jp,744,2502,3504,4575,5850,2202,2298,3219,2307,2799
og_0042.jp,87,555,1392,2910,3741,3507,2967,7242,4737,2862
plane_0288.jp,345,951,1287,17412,1026,966,801,1002,1512,4698
og_0111.jp,240,2619,6195,6066,5541,4650,2277,1134,528,750
plane_0287.jp,453,1407,2502,17790,1827,1263,1482,2079,600,597
og_0018.jp,6177,7596,1587,897,1182,882,774,648,525,9732
og_0219.jp,276,1221,7734,2721,2871,4320,4767,3537,1941,612
plane_0152.jp,1584,6870,6261,3822,3564,2823,1788,1143,1542,603
plane_0041.jp,1740,2805,4872,2580,2652,3162,4191,1536,1818,4644
og_0259.jp,3981,4206,1653,5964,8952,2217,939,867,933,288
og_0596.jp,5247,6828,4140,3054,2712,1893,966,1455,1983,1722
plane_0709.jp,570,1563,4860,5256,4299,4080,3810,2337,2472,753
og_0055.jp,1896,4626,1926,474,381,609,852,6063,5724,7449
og_0346.jp,504,789,2019,4839,6426,6771,2964,1095,1233,3360
og_0694.jp,3543,3036,4668,5223,2418,915,1104,1590,3318,4185
plane_0047.jp,3303,2349,6498,9735,4899,864,777,873,519,183
plane_0358.jp,468,2073,1983,2013,14709,2379,1452,912,945,3066
plane_0132.jp,2457,3537,2778,3189,4491,1992,2580,6684,1578,714
og_0281.jp,13113,927,507,945,1296,1452,1848,2319,2823,4770
plane_0183.jp,2520,1905,1482,3540,4338,3183,3153,4035,3597,2247
plane_0189.jp,1056,324,984,2517,3642,5082,3048,2445,8535,2367
og_0365.jp,2121,4851,6441,1824,1338,1599,1920,3354,1578,4974
plane_0017.jp,2775,2577,3093,2091,1233,843,1236,4197,8436,3519
og_0505.jp,5625,2181,2151,1998,2724,3717,2904,2952,2913,2835
og_0230.jp,4380,3984,4248,4281,4581,2724,1674,1509,1317,1302
plane_0686.jp,1527,1788,1629,1890,3630,6840,10848,1143,333,372
og_0625.jp,891,2109,3174,4776,7119,5391,1923,1041,1194,2382
plane_0167.jp,468,1458,2523,3693,3678,3150,4563,3753,5781,933
plane_0277.jp,507,3048,2022,1470,2625,13635,5058,1167,393,75
plane_0571.jp,1572,813,1086,954,1200,20457,654,594,927,1743
plane_0454.jp,204,738,1413,2754,6786,3618,8235,4089,813,1350
og_0524.jp,6039,2199,2379,2805,3336,2352,1659,1557,1509,6165
og_0571.jp,1671,5706,3432,4599,2409,1269,1374,3768,3114,2658
plane_0603.jp,378,1440,1938,20457,1119,834,672,636,624,1902
og_0621.jp,8172,2589,2802,2559,3039,3543,2283,2187,2145,681
og_0345.jp,5682,4971,8376,2664,1518,1266,2259,2217,1017,30
og_0222.jp,2544,8721,10488,4791,1011,612,564,663,369,237
plane_0704.jp,258,981,1371,2955,7011,6330,8211,1140,1308,435
plane_0070.jp,381,657,1443,2244,4161,6381,5811,2778,5910,234
plane_0360.jp,39,468,2205,3249,4941,11472,1563,753,1311,3999
og_0489.jp,1101,1095,1950,2469,2181,2220,3261,2766,10794,2163
og_0138.jp,279,795,1701,2637,3423,6924,5835,3945,2478,1983
og_0575.jp,12576,4677,651,642,1740,2736,2043,1074,3123,738
plane_0548.jp,42,576,798,666,876,17838,3255,807,1314,3828
plane_0655.jp,141,558,2583,7698,5202,5373,2097,1101,1092,4155
plane_0040.jp,4905,4164,2763,2835,1923,2361,1992,2205,2199,4653
og_0662.jp,1011,3909,4854,3417,2607,5253,4449,3258,999,243
og_0463.jp,2487,5088,5940,4653,4824,3762,1359,465,321,1101
og_0161.jp,1002,7056,6702,3789,3717,3069,2037,1299,738,591
og_0597.jp,1473,5700,6372,3708,4572,2541,939,732,885,3078
og_0279.jp,2667,1692,2949,5172,4410,2310,2304,3336,3924,1236
og_0449.jp,4923,4137,3918,5379,6036,3381,1305,444,297,180
plane_0271.jp,2142,3585,4521,4476,3036,2979,3666,1764,1455,2376
plane_0234.jp,1917,1785,4476,14082,1287,1002,924,1053,1725,1749
plane_0376.jp,594,10458,7350,2202,2289,1152,1110,2352,1710,783
og_0231.jp,7065,6645,3981,1122,459,912,1347,2562,4812,1095
plane_0692.jp,495,1053,1599,2310,3333,13869,2199,1761,1563,1818
og_0485.jp,2103,4326,7872,3843,3723,2844,1878,825,480,2106
plane_0490.jp,1473,1701,1239,19278,2319,453,423,426,504,2184
plane_0338.jp,1419,2061,1755,2838,4875,6549,6957,960,480,2106
og_0056.jp,5886,4878,4122,4017,3087,2721,2196,2730,327,36
plane_0512.jp,1890,1776,1227,753,1005,8004,8724,4329,852,1440
plane_0337.jp,465,2097,1353,1893,3198,13221,6810,585,279,99
plane_0199.jp,3486,2385,663,993,2526,14556,1587,816,1611,1377
og_0302.jp,1803,5814,4650,3402,3687,4041,3498,2307,588,210
og_0199.jp,4089,6993,5538,3477,2580,1398,2370,2052,921,582
plane_0091.jp,3786,2364,1959,5151,6381,2844,861,3006,3489,159
og_0002.jp,2295,2598,4644,3492,2097,2295,2130,2478,3147,4824
plane_0362.jp,372,1740,2973,3444,3579,10227,1368,885,1542,3870
plane_0000.jp,1878,867,1371,1431,4044,4260,2586,1887,8061,3615
og_0116.jp,3741,2700,2970,3885,5340,5235,3492,987,525,1125
plane_0206.jp,786,1437,1605,1803,12612,6885,1023,747,1326,1776
plane_0466.jp,837,1992,1131,819,813,19962,843,516,651,2436
og_0012.jp,333,2313,2562,4842,7407,6081,2346,1437,1362,1317
plane_0446.jp,693,1572,2652,16266,951,1080,1431,2199,1569,1587
plane_0681.jp,972,1719,1380,1449,3777,5499,8586,3504,1566,1548
plane_0523.jp,2433,1251,1320,969,16992,2904,717,666,1062,1686
og_0038.jp,396,1473,2931,4908,8835,5844,2247,2175,972,219
og_0089.jp,1887,4500,4305,3201,2415,2706,3567,2412,2304,2703
og_0442.jp,6438,2499,2973,5226,4254,1767,966,720,453,4704
plane_0309.jp,2541,2871,1596,1383,19194,525,486,468,396,540
plane_0633.jp,357,1248,6405,14976,1335,1158,1050,1062,1404,1005
plane_0645.jp,357,1254,2763,10143,6162,3180,618,564,1080,3879
og_0008.jp,537,471,1092,1254,3897,7911,6060,5895,1980,903
plane_0664.jp,1617,1728,3204,7839,6801,2802,1860,1332,1929,888
plane_0680.jp,2013,1281,591,900,1767,3639,6321,11256,1881,351
plane_0555.jp,1071,3297,2214,993,1269,16902,1641,843,816,954
plane_0154.jp,942,2592,2010,1530,1380,3324,9321,7014,1302,585
plane_0088.jp,2763,1275,1974,699,654,558,19434,1638,372,633
og_0456.jp,2145,3570,3564,2763,2160,2592,3540,3321,3387,2958
plane_0146.jp,1605,1302,3000,8562,9033,4515,1362,351,210,60
plane_0151.jp,600,1236,1530,2712,4218,7608,6081,3258,2127,630
og_0175.jp,2202,3096,6522,4827,3060,2676,2997,2127,1404,1089
plane_0218.jp,3933,984,990,957,19575,1401,939,867,279,75
plane_0675.jp,954,1512,1170,789,840,19026,864,669,828,3348
plane_0168.jp,342,870,2772,4146,6468,7473,4521,1662,1089,657
plane_0697.jp,2430,1344,4254,6066,5031,2982,1653,1389,1842,3009
og_0362.jp,2028,2934,3204,3174,1542,1686,3183,3774,3567,4908
plane_0307.jp,1782,4140,2301,1575,16779,1608,921,651,225,18
plane_0064.jp,1971,954,2715,5439,5682,5625,3408,1275,1536,1395
og_0361.jp,1842,4053,10338,4278,1068,1053,1116,1179,2010,3063
og_0564.jp,282,375,1380,2985,3546,2130,1425,10746,7053,78
og_0128.jp,2586,2100,1917,5256,5355,4476,4542,2607,771,390
plane_0657.jp,81,438,2307,7356,5190,5022,3726,4530,990,360
plane_0095.jp,693,6804,11034,1899,921,1086,1332,2889,3009,333
plane_0550.jp,291,915,2877,6078,7068,3345,2385,2022,1899,3120
plane_0246.jp,204,2436,11325,5370,1548,1290,5271,987,663,906
og_0283.jp,1977,3906,4044,3186,2310,1731,1323,1497,2085,7941
plane_0592.jp,588,2928,1182,7884,4338,6558,2310,513,1284,2415
plane_0083.jp,849,2169,2655,3408,7218,7263,4050,921,1110,357
plane_0359.jp,297,945,1392,1554,6885,7182,4467,2640,2079,2559
og_0340.jp,4749,4797,4425,4116,4008,3468,2628,1272,378,159
plane_0292.jp,1569,5331,7383,4272,3738,1980,1326,1791,1560,1050
og_0677.jp,1014,3423,8535,7410,2151,1692,1854,2322,1428,171
og_0326.jp,1359,6744,5049,2079,1902,1680,1113,828,3702,5544
plane_0253.jp,1257,2997,7146,1830,1422,11259,795,753,759,1782
plane_0223.jp,2955,1326,600,702,18597,777,963,993,1035,2052
plane_0289.jp,621,2283,4227,16029,984,792,936,645,828,2655
plane_0528.jp,177,825,3078,2067,1995,15771,3114,669,1035,1269
og_0328.jp,2787,8148,6399,2049,684,459,585,1380,2988,4521
plane_0688.jp,162,537,1803,2991,2688,4929,2457,12834,891,708
og_0098.jp,324,711,1014,3465,4272,3813,5211,4761,3168,3261
og_0269.jp,2589,3825,3405,3111,4683,4056,1830,3954,2520,27
plane_0296.jp,7680,4842,6210,6300,2079,888,429,426,645,501
og_0071.jp,1398,4761,8817,3549,1806,846,720,654,879,6570
plane_0667.jp,597,1449,4461,7812,6774,3546,1164,1161,1518,1518
og_0406.jp,10437,4989,2916,2085,1665,1371,1959,2325,1554,699
og_0641.jp,2283,2298,3228,3150,2685,2076,1302,4266,6978,1734
plane_0437.jp,843,1686,2628,6966,8991,5460,2625,438,285,78
og_0451.jp,8364,5319,2253,1341,2094,4542,4197,1710,42,138
og_0188.jp,192,618,1554,2913,4146,4068,4581,5544,4320,2064
plane_0343.jp,375,1038,1209,3252,6261,10938,2607,582,978,2760
plane_0294.jp,441,2682,9531,6861,2724,2112,3603,705,669,672
plane_0178.jp,1383,2448,3189,3321,4818,7488,1437,1134,2067,2715
og_0000.jp,1041,3648,3795,4638,5664,3969,2958,2067,1851,369
og_0545.jp,102,615,2163,4704,6978,6909,4494,2703,984,348
plane_0238.jp,1335,7005,5775,5007,3936,1800,807,597,705,3033
plane_0641.jp,774,1248,1776,3585,4842,5574,6315,1575,1293,3018
og_0488.jp,399,2184,4923,2772,1251,891,945,1257,2130,13248
plane_0635.jp,5907,1923,1488,1290,15330,498,384,414,624,2142
plane_0510.jp,174,576,1755,2040,4794,16962,942,732,783,1242
plane_0565.jp,3201,1599,993,693,597,849,16422,3891,1317,438
plane_0518.jp,2187,2385,1170,738,12774,6381,1815,945,507,1098
og_0045.jp,7707,1887,1290,2124,3813,6003,2481,1053,1626,2016
plane_0077.jp,4263,10914,5721,2919,1587,1260,846,618,804,1068
plane_0344.jp,447,4716,4128,6780,4485,3408,2886,1248,465,1437
plane_0219.jp,2796,1587,1521,1635,18135,1437,1200,1263,285,141
plane_0020.jp,906,1158,1611,2433,4071,4038,1257,1254,2349,10923
plane_0140.jp,660,2931,2916,2145,1254,1503,13836,4410,222,123
og_0136.jp,2667,4569,5622,3393,2766,3120,2865,2490,1209,1299
og_0502.jp,2409,4770,3189,2916,2793,2172,1413,1221,1752,7365
og_0129.jp,285,1638,4977,5892,5151,5826,3546,1686,606,393
og_0052.jp,309,1494,2430,3117,4554,6822,3654,1500,861,5259
og_0472.jp,312,2412,2163,2748,4098,5805,5313,3723,2028,1398
og_0160.jp,6420,4164,3102,2991,1605,282,282,2445,6522,2187
og_0019.jp,1998,732,612,1011,1947,4407,7035,6822,3777,1659
plane_0329.jp,1056,1359,9312,5082,1101,4407,1803,906,1230,3744
plane_0463.jp,117,345,1107,1929,3477,15087,1686,1149,1398,3705
og_0117.jp,5544,2367,1557,1944,4008,5082,5103,2214,1590,591
og_0105.jp,1092,3609,5016,5028,4200,2808,2787,3135,1488,837
og_0632.jp,1578,1251,1425,2391,4305,6030,4686,2091,1893,4350
og_0226.jp,4305,6822,6162,3456,2307,1359,729,588,1782,2490
plane_0002.jp,3003,1302,1887,2340,6708,10740,3201,660,132,27
og_0327.jp,153,750,1599,2052,3159,6537,5241,4413,3978,2118
plane_0368.jp,2361,3435,2082,1950,3312,3381,12396,612,402,69
plane_0057.jp,675,1809,2760,3678,2796,5397,5919,2493,1608,2865
plane_0499.jp,2055,1818,945,867,19002,1044,963,1029,750,1527
plane_0425.jp,1524,2256,4236,4488,8022,2100,1149,1497,3123,1605
og_0497.jp,1242,2139,1449,1698,2976,4095,6447,4878,3498,1578
og_0325.jp,2610,1272,939,903,1503,3282,3627,4725,4518,6621
og_0671.jp,351,1020,3522,3396,3999,2190,3171,4308,3312,4731
og_0627.jp,8001,9492,6066,1962,405,285,285,333,465,2706
plane_0282.jp,1905,7854,8235,3891,1851,2466,2709,876,168,45
plane_0614.jp,1140,1323,2199,2271,17343,2373,903,714,633,1101
og_0059.jp,7149,7272,4650,2817,1413,1206,1437,1656,1500,900
og_0574.jp,270,1803,8787,7464,4008,3261,2526,1401,438,42
og_0353.jp,1512,1998,2619,5565,7557,4404,2028,1470,1866,981
plane_0551.jp,1509,2289,3918,4155,2586,3159,3669,1545,1836,5334
og_0603.jp,111,1446,1587,2691,4446,6849,3987,3774,2184,2925
og_0562.jp,141,942,4491,4683,7422,4788,1839,1722,2292,1680
og_0329.jp,2877,1734,2526,4287,2310,1929,1596,2028,3654,7059
plane_0345.jp,1083,2082,1884,4059,4248,4995,5691,2331,1065,2562
og_0653.jp,2841,5751,4977,3237,2436,2475,2376,1776,1644,2487
plane_0042.jp,813,1023,2367,1506,1770,3669,4797,5262,5466,3327
og_0474.jp,1377,5994,4836,2373,2775,3279,3456,3513,2154,243
plane_0670.jp,456,3339,3873,5523,7365,3273,1815,1005,816,2535
og_0593.jp,750,5001,6312,4449,1950,714,849,3942,5586,447
plane_0500.jp,2334,1815,1437,873,18519,813,777,936,882,1614
plane_0547.jp,4548,2922,2568,1584,1554,6888,9693,153,45,45
og_0170.jp,525,675,1596,3813,5808,6186,4998,2370,2331,1698
og_0695.jp,1479,2874,5907,9438,4923,1971,1455,1260,549,144
plane_0164.jp,1203,1881,5784,7413,4725,3111,2001,1263,1314,1305
og_0107.jp,795,2424,4620,5922,7524,4899,1839,1380,495,102
og_0459.jp,324,1068,2406,2496,5037,8385,3816,2877,2661,930
plane_0121.jp,1626,5151,7665,4977,3567,2322,1638,972,1344,738
plane_0455.jp,447,1218,3786,4278,3456,3297,2484,5382,2706,2946
og_0227.jp,531,492,738,1248,2379,2619,5691,3990,6969,5343
og_0324.jp,10323,1716,1098,1578,2892,4377,3996,2781,1101,138
plane_0185.jp,4083,1314,708,1179,5529,5097,4338,3789,3096,867
plane_0503.jp,1329,1665,1413,849,17376,3129,948,840,888,1563
og_0441.jp,78,486,1716,5400,9651,10176,2019,348,117,9
plane_0384.jp,2139,8058,6060,6096,4926,1542,738,228,159,54
og_0063.jp,2334,5370,7437,3999,2460,2019,2349,1350,1776,906
plane_0508.jp,297,621,2985,1299,1116,20436,864,705,780,897
plane_0285.jp,735,2211,2904,2172,1188,903,2430,14988,1374,1095
og_0542.jp,10539,1392,1791,3198,5001,3762,1725,594,435,1563
plane_0369.jp,159,621,1290,2058,3531,8454,11532,1122,678,555
plane_0353.jp,210,1428,2898,6468,9096,2319,1647,582,873,4479
plane_0581.jp,1386,3321,2970,2145,2292,3921,4008,3801,2418,3738
og_0320.jp,10524,4521,1428,795,588,744,1062,1056,1311,7971
plane_0452.jp,816,858,8133,7227,3939,2280,2481,1866,849,1551
og_0495.jp,798,1464,2319,3990,6558,7650,4860,1728,582,51
og_0584.jp,5853,5580,2619,3270,3729,2430,1866,1638,966,2049
og_0568.jp,720,2568,4173,4704,1989,1902,2325,3264,4884,3471
og_0341.jp,1842,10995,7515,3309,1341,654,663,222,120,3339
plane_0722.jp,1005,1980,1596,1425,1683,6429,14340,756,495,291
og_0083.jp,3543,5241,6357,2295,1788,3777,1506,2325,1947,1221
plane_0498.jp,1464,2874,1206,930,17502,2034,795,750,930,1515
plane_0682.jp,2091,2751,1752,1710,3807,7659,6399,3654,156,21
og_0647.jp,8592,2517,1566,1803,1935,2475,2607,2643,2745,3117
og_0582.jp,102,192,381,936,3309,12645,5043,4992,2154,246
plane_0256.jp,456,1461,2382,2055,8625,10212,837,939,915,2118
plane_0006.jp,2601,1704,1296,1002,732,702,825,7023,11097,3018
og_0491.jp,1347,3708,5004,2811,2133,2022,2274,2769,2592,5340
plane_0133.jp,903,3135,11970,6120,1629,639,963,2889,1707,45
og_0368.jp,411,3333,2328,4344,5796,5421,5523,2049,624,171
og_0650.jp,3558,4419,6354,7863,5124,2025,576,66,12,3
og_0494.jp,4629,5790,8406,3021,1554,705,420,696,1659,3120
plane_0391.jp,1182,2565,7944,4986,3096,6201,1227,1302,1194,303
plane_0417.jp,2517,1629,1155,2391,17406,1185,972,1290,1215,240
og_0660.jp,3582,6051,5937,4476,2598,2457,1707,834,1536,822
plane_0481.jp,339,2130,4701,4839,2544,1854,3792,6735,2361,705
og_0076.jp,597,2517,3516,2694,2322,2451,4200,3114,3402,5187
plane_0380.jp,801,3498,9186,9402,4554,1395,666,348,90,60
og_0427.jp,201,2043,2460,1548,1569,2100,2355,3252,3267,11205
og_0262.jp,8151,4116,2661,3033,1236,507,540,861,1761,7134
plane_0392.jp,1032,3153,6861,9990,933,1455,1794,2064,2655,63
plane_0123.jp,1389,2433,2682,1536,1041,924,2757,16005,744,489
plane_0598.jp,438,2034,2382,13902,6717,981,753,726,1209,858
plane_0054.jp,957,2217,1785,1368,933,975,1257,4815,9087,6606
og_0486.jp,2649,2379,2508,7392,3081,2184,2394,1950,2595,2868
plane_0600.jp,555,1731,1968,14631,3972,3153,513,363,630,2484
plane_0105.jp,993,1401,2271,7545,6732,6129,2010,1650,873,396
plane_0583.jp,762,1008,2271,4032,3279,6717,8166,852,876,2037
plane_0181.jp,543,2544,5061,5685,5910,6330,2076,1320,360,171
plane_0214.jp,300,2664,2649,1764,1692,5355,2877,5943,4017,2739
plane_0357.jp,252,1308,3219,3423,5535,10617,1890,1887,1005,864
og_0518.jp,3645,3147,2859,2640,1761,1641,5445,5298,3099,465
og_0670.jp,6093,9252,1029,975,1230,1578,2418,2511,2217,2697
og_0532.jp,10044,2280,1683,1596,1668,2187,2220,2280,2367,3675
og_0682.jp,1008,3282,5586,4509,3378,4077,2547,2112,1596,1905
plane_0721.jp,678,2403,1824,4695,13830,1146,699,801,1155,2769
og_0040.jp,165,882,4485,11022,5247,2079,2325,1998,813,984
plane_0465.jp,345,828,1035,1950,2466,10170,7218,1998,1320,2670
plane_0106.jp,1218,3294,2214,1647,1065,1296,2109,5067,5040,7050
og_0064.jp,2328,5094,4659,4779,5490,3513,2508,996,279,354
og_0389.jp,2811,5220,2388,1248,1608,5460,4431,4410,1716,708
og_0519.jp,2187,2778,2988,3054,3318,2607,2514,3696,3183,3675
plane_0240.jp,1584,3735,2862,14754,897,705,861,1209,1452,1941
plane_0480.jp,294,2124,3498,1617,828,7173,13287,876,246,57
plane_0251.jp,201,2778,10962,4638,1476,1668,2055,1155,1551,3516
plane_0122.jp,2340,4134,6630,4173,3840,2994,1047,816,2751,1275
og_0517.jp,831,3813,6852,6351,3909,1821,1050,978,1314,3081
plane_0654.jp,675,918,4032,9222,5772,2796,1020,861,1047,3657
plane_0472.jp,1488,1215,2268,1959,15954,888,888,945,1239,3156
og_0504.jp,3444,4221,11193,3273,1386,996,1335,912,1131,2109
plane_0695.jp,2553,1740,2028,3366,2301,4077,9888,1572,777,1698
plane_0048.jp,7167,1617,1023,657,1524,4857,2658,918,1365,8214
plane_0062.jp,723,5244,3672,4863,3345,3378,945,1569,3225,3036
og_0634.jp,13968,723,666,492,519,729,780,1161,8778,2184
og_0036.jp,9264,3360,2739,2439,2052,2235,1638,1950,3099,1224
og_0492.jp,111,306,816,2412,3960,4749,5073,4620,3381,4572
og_0333.jp,10389,7554,2346,1038,831,654,1995,1245,492,3456
og_0376.jp,5025,5604,4224,2667,2178,1983,3990,3195,741,393
og_0506.jp,1956,2343,810,2826,8187,6786,2151,4032,684,225
og_0543.jp,6549,3270,3000,2475,1683,2184,3273,2673,3168,1725
og_0619.jp,5055,2910,2121,2793,3300,6744,6282,648,120,27
og_0563.jp,933,3660,3258,2973,5322,5913,3546,2154,1575,666
plane_0120.jp,1041,3609,6258,5397,5049,2286,2124,1554,1638,1044
plane_0019.jp,4674,3006,2139,1191,735,357,360,504,8244,8790
plane_0279.jp,942,2940,1419,915,828,1182,5115,16473,150,36
og_0077.jp,978,3162,4314,4176,5004,4908,4608,2394,393,63
og_0127.jp,4599,3189,2457,1941,2793,7020,7035,549,330,87
og_0192.jp,90,798,1896,3303,4233,6060,4758,4236,2949,1677
plane_0643.jp,267,2052,6765,7665,4113,1962,1437,1686,2082,1971
og_0122.jp,5739,5028,4662,2562,1923,4032,4887,1017,132,18
og_0149.jp,1845,972,1257,936,1248,3900,5925,7941,5271,705
plane_0515.jp,1476,2457,1005,654,819,5559,8448,7389,804,1389
og_0266.jp,330,1566,4731,8034,4965,4221,2991,1827,1041,294
plane_0406.jp,1191,2559,5835,8130,7566,1113,993,747,1737,129
og_0005.jp,402,1863,4791,6561,5796,4629,3243,1449,651,615
og_0382.jp,1761,4761,4230,3807,2937,3024,3318,2760,2277,1125
og_0425.jp,444,2334,7053,2046,2064,2976,5292,3636,2238,1917
plane_0076.jp,10350,8382,3066,3051,1608,1356,1461,426,0,300
og_0218.jp,3669,6711,5301,4302,2487,2304,2223,1767,732,504
og_0419.jp,13752,1827,1506,873,657,741,1194,3519,2076,3855
og_0006.jp,477,1560,2946,2811,3102,2946,3456,4710,4857,3135
plane_0711.jp,315,1068,3105,4782,10878,4254,1188,1194,1290,1926
plane_0596.jp,3183,2910,1029,19002,819,558,465,525,1110,399
og_0093.jp,4878,8877,3927,1800,1443,1110,1149,951,906,4959
og_0601.jp,6036,4956,4116,4221,2784,2334,2274,1503,990,786
plane_0415.jp,1005,2337,3393,5778,15687,489,492,564,225,30
og_0516.jp,1482,3069,4809,6930,4836,1584,3351,1164,2382,393
og_0053.jp,9486,3072,2616,1959,1458,1623,1467,1698,2403,4218
og_0054.jp,186,2853,6342,7902,6138,2757,1554,1155,699,414
og_0659.jp,2988,6429,3117,2439,3090,5673,1998,2088,1554,624
og_0638.jp,399,2031,4239,4371,4164,4341,5685,3867,837,66
og_0034.jp,477,4110,4662,3864,3048,3024,4533,5097,966,219
plane_0299.jp,1125,4416,5718,6678,7152,1287,705,444,399,2076
og_0478.jp,417,2016,2310,1446,3525,6018,6243,5058,2727,240
plane_0517.jp,747,3141,1587,1056,699,1128,16620,2736,759,1527
og_0084.jp,111,888,2778,5676,7026,5103,3990,2820,1182,426
plane_0410.jp,1518,1728,3789,2106,15972,1554,1299,1605,345,84
plane_0678.jp,1392,723,567,588,699,2187,18171,1161,894,3618
plane_0442.jp,1941,1599,1362,5433,13626,588,771,2025,2556,99
plane_0179.jp,1596,2655,3972,5007,4974,3933,1008,1035,5748,72
og_0640.jp,837,1326,2238,5070,6408,7071,3804,903,552,1791
plane_0516.jp,1998,1629,1749,867,600,7812,9546,3666,816,1317
plane_0241.jp,618,1956,801,3144,7215,10116,1224,852,1389,2685
plane_0443.jp,1935,1923,1371,2445,16983,2223,1401,939,357,423
plane_0511.jp,969,1773,1458,1152,1719,19764,798,795,645,927
og_0432.jp,5631,5889,2640,3189,3549,2751,2619,2223,1083,426
plane_0115.jp,759,4947,3963,4392,4638,6480,1602,945,837,1437
og_0234.jp,273,804,945,2478,6180,5712,6891,3327,2649,741
og_0551.jp,4728,3435,1941,3093,5523,4104,2385,3381,600,810
og_0648.jp,1194,5034,6117,1923,1383,1881,3459,4104,2382,2523
plane_0438.jp,273,1755,5448,10176,6693,2835,2097,432,111,180
og_0417.jp,2703,7476,6279,2865,2592,2082,1992,1329,1395,1287
og_0109.jp,360,1443,2235,3513,7116,6546,3855,2160,1803,969
plane_0327.jp,906,2334,5004,1788,1758,8256,2676,1038,1458,4782
plane_0544.jp,117,1287,1866,3777,8376,3054,1932,2829,1884,4878
plane_0389.jp,2913,3702,4761,5094,5202,2613,2175,3054,435,51
og_0242.jp,13548,2271,2310,1776,1653,1434,1311,1455,2382,1860
plane_0231.jp,684,3090,2196,1707,1224,1155,1584,9624,8667,69
og_0202.jp,1716,1350,2694,4419,5328,5427,4188,3117,1218,543
og_0315.jp,3621,10356,2100,1032,2028,1878,2055,2595,2577,1758
plane_0507.jp,480,1380,1923,1791,19371,1179,828,912,822,1314
og_0473.jp,3672,3651,2073,1245,1251,1563,2400,5553,6141,2451
og_0102.jp,16803,1998,1554,1797,2433,2826,642,468,567,912
plane_0412.jp,162,1491,3114,1935,1371,14412,3381,2118,1599,417
og_0196.jp,3912,6852,3981,1059,438,348,339,495,1059,11517
og_0276.jp,195,1605,5250,4248,1668,1155,1308,4998,7539,2034
plane_0647.jp,366,1167,3108,10464,6513,2718,690,540,942,3492
plane_0160.jp,669,1884,1263,1008,12741,3900,984,1896,2970,2685
og_0104.jp,2805,7212,3063,2307,2937,1962,3159,3243,2130,1182
plane_0172.jp,330,1806,1959,2841,2043,1797,1545,1659,13185,2835
og_0576.jp,8118,7470,4962,1737,1656,2013,1866,1671,417,90
og_0209.jp,2370,3732,3192,2862,4026,3015,2706,3384,2886,1827
plane_0479.jp,450,2772,2676,15111,5631,396,276,315,696,1677
og_0696.jp,1512,1626,8157,3195,2148,2091,2283,1998,3054,3936
og_0561.jp,2475,1554,1446,1764,2430,4737,6021,2103,3849,3621
plane_0085.jp,1401,5343,7902,6045,2739,2796,2007,1146,453,168
plane_0082.jp,1575,2313,4794,6630,3759,4626,1827,1431,2574,471
og_0351.jp,1227,5226,5850,3687,2832,3090,3204,3516,1248,120
plane_0332.jp,1485,1935,816,972,1164,4290,14472,1722,1290,1854
og_0072.jp,2043,5214,5961,3585,3984,4494,3105,1161,300,153
plane_0129.jp,858,996,840,1773,2031,6633,13308,2538,942,81
og_0293.jp,3528,10839,6723,3381,2313,1686,447,294,357,432
og_0152.jp,114,288,1452,4038,6645,7203,5787,3102,1029,342
og_0538.jp,4479,2226,2394,3879,5304,4719,2235,1359,939,2466
plane_0226.jp,1071,3390,4899,5049,4644,3798,2508,975,1404,2262
plane_0333.jp,711,1902,705,954,9771,8778,849,885,1047,4398
og_0678.jp,216,1452,2637,3222,4101,5283,4245,2757,1359,4728
og_0440.jp,819,2055,1647,3171,4350,6384,6921,3798,663,192
plane_0366.jp,120,516,1356,1836,2916,7407,12342,1215,1005,1287
plane_0243.jp,1314,5019,3888,3033,5832,4359,1188,1362,1908,2097
og_0687.jp,432,954,2238,4707,4923,4407,5175,4254,2160,750
og_0031.jp,1746,1863,2718,3693,2952,2601,3018,3351,3969,4089
og_0288.jp,513,4422,4335,4596,2895,4008,4377,4014,822,18
plane_0578.jp,1647,489,714,3141,2448,474,558,19587,504,438
plane_0056.jp,102,453,1062,3837,6147,9582,2322,1824,2355,2316
og_0185.jp,10884,2229,2166,2193,1968,1554,1200,2283,3801,1722
og_0215.jp,7449,9366,5748,4977,1539,546,102,72,66,135
plane_0439.jp,1836,927,1005,3471,16350,1173,966,930,1767,1575
og_0150.jp,870,2253,3729,4563,2862,2268,2109,3213,7569,564
plane_0144.jp,2583,1125,804,1314,1503,1452,1131,14691,3012,2385
plane_0679.jp,1296,5376,9249,4977,2871,2217,1860,1701,399,54
plane_0276.jp,1176,2001,2205,1530,1095,6381,13227,600,648,1137
og_0238.jp,1029,2895,3396,3681,6186,3966,2805,2259,1890,1893
plane_0101.jp,1404,1857,1734,1413,2523,16989,1806,1425,678,171
plane_0586.jp,348,1356,1641,2187,16998,2289,909,924,1200,2148
og_0590.jp,2694,3672,2925,2667,3405,4932,3777,816,1434,3678
og_0675.jp,3243,3288,1833,1743,3048,3534,3486,4194,4026,1605
og_0139.jp,3693,6936,5853,3441,2451,1272,669,525,2499,2661
plane_0072.jp,2769,4128,4350,3396,5247,1638,1569,2400,4305,198
og_0257.jp,687,1761,2550,3642,5265,6546,5256,2577,1347,369
og_0541.jp,3732,3225,3150,3567,2883,1932,1395,4863,5100,153
og_0156.jp,1056,3072,6606,5754,4194,3564,2121,2076,927,630
og_0246.jp,360,1812,4629,7002,6060,4428,2469,1167,888,1185
og_0229.jp,300,1428,2256,3528,3525,3357,3831,3858,4344,3573
plane_0116.jp,3396,10155,4191,5160,1257,777,834,1074,1338,1818
og_0525.jp,1770,2577,4449,5274,3570,2166,1707,1587,1608,5292
og_0203.jp,747,1881,4464,2901,2703,2793,3309,3312,7014,876
og_0296.jp,10713,3681,3018,2661,2595,2739,2754,1098,459,282
plane_0445.jp,2244,1503,1632,2283,17358,819,675,915,2535,36
plane_0230.jp,2877,1449,891,1371,1071,981,1116,2757,16854,633
plane_0113.jp,918,1794,1791,1653,1593,1407,1041,1269,1557,16977
plane_0339.jp,1104,2289,4974,5676,6315,5265,1308,618,447,2004
og_0068.jp,6138,5481,3945,2505,2325,2304,2703,2451,1050,1098
og_0447.jp,3372,2586,3438,7083,9216,2652,1005,513,108,27
plane_0607.jp,2799,1956,1320,17865,885,666,744,1251,960,1554
og_0007.jp,3126,4548,4632,4914,3435,1110,471,438,1245,6081
plane_0398.jp,1785,7008,10479,1191,1113,1713,1833,3831,1017,30
plane_0157.jp,366,924,1365,2565,4335,6969,7365,3261,1413,1437
og_0613.jp,2304,6777,11319,6801,1815,417,141,96,54,276
og_0245.jp,6645,4335,3045,1524,906,1461,3243,4074,4284,483
og_0450.jp,2631,2856,3870,3528,2019,3672,7917,3240,237,30
og_0471.jp,4722,9042,4821,3570,2826,1899,1647,936,387,150
plane_0224.jp,1128,1623,2640,5037,7032,3384,6363,1149,1113,531
plane_0564.jp,3240,1527,714,612,15513,3993,921,1086,1719,675
plane_0259.jp,2202,2316,2004,5397,14457,1704,408,573,342,597
plane_0502.jp,336,1659,2433,1497,17736,690,666,891,1302,2790
og_0081.jp,5283,2952,2295,2763,3540,3570,3246,1368,921,4062
plane_0275.jp,2772,1494,1308,1032,783,3993,15933,885,678,1122
og_0587.jp,3387,2070,2511,3570,3210,1638,1578,4554,6615,867
og_0493.jp,645,10839,3687,4521,2718,2019,1878,1143,1008,1542
plane_0377.jp,876,11277,8148,1983,1116,1803,1806,1083,1347,561
plane_0094.jp,1269,3552,6894,6408,5823,3147,1416,1257,165,69
og_0339.jp,882,1512,1695,2757,6756,9222,4806,1698,426,246
plane_0356.jp,60,378,1197,2739,5808,14253,1746,1278,1158,1383
og_0615.jp,8940,5496,2346,1668,1893,2715,3147,2442,642,711
plane_0342.jp,162,1275,1326,2955,8244,9993,1314,960,969,2802
og_0598.jp,2970,5535,3678,2964,1251,2061,1539,3213,4362,2427
plane_0065.jp,282,624,3420,13896,3213,2166,1791,1746,1710,1152
og_0189.jp,2706,8676,12570,4128,1542,318,30,12,0,18
plane_0213.jp,2271,3087,2361,1701,1212,13230,2433,3564,84,57
og_0393.jp,1734,5586,3750,2376,9015,4410,612,423,387,1707
og_0274.jp,6033,11502,6981,1341,789,762,984,1200,366,42
og_0583.jp,1179,3279,2817,2685,2217,2511,2481,3207,3729,5895
plane_0590.jp,1065,3102,1707,1659,2034,17400,1155,633,657,588
plane_0268.jp,5226,1026,678,573,657,15684,1323,1233,1701,1899
plane_0361.jp,282,846,2325,2619,4425,12576,3666,1632,870,759
plane_0069.jp,219,645,1470,3417,6183,4344,3462,3588,6540,132
og_0086.jp,279,2571,2709,4005,4740,4128,2928,1395,1833,5412
plane_0660.jp,60,126,369,3201,9354,6396,3075,1560,1293,4566
plane_0653.jp,270,1995,3927,14730,1056,1203,2103,1695,1572,1449
plane_0689.jp,798,2541,4392,2352,2532,2619,2292,636,6768,5070
plane_0487.jp,603,939,1824,7185,4950,5097,5166,2121,1065,1050
plane_0257.jp,219,1560,2913,9498,12900,519,486,372,522,1011
plane_0267.jp,606,3327,10641,6555,2022,1233,1191,1413,1692,1320
og_0094.jp,7038,6036,3960,3591,2346,1671,1296,837,1008,2217
plane_0340.jp,867,1413,1548,4185,8472,8325,1248,1014,729,2199
plane_0421.jp,5457,3039,5478,3618,2883,2508,1380,2004,2616,1017
og_0620.jp,342,1218,3015,5013,4653,4236,4632,3675,2592,624
og_0137.jp,3600,5523,10152,4335,2646,1170,867,645,423,639
og_0691.jp,1065,3051,3606,2841,2049,1641,1593,4572,6531,3051
plane_0422.jp,372,5016,8700,2556,2181,4947,1095,999,1257,2877
plane_0724.jp,696,1755,1422,912,1185,18633,1218,1188,1008,1983
og_0099.jp,363,864,2127,4131,5430,4794,4386,2868,2139,2898
plane_0067.jp,1668,7983,4245,2532,4296,1665,1938,2253,1518,1902
og_0268.jp,10650,5946,2625,1557,1695,1656,1695,2025,1536,615
og_0636.jp,1998,3339,2538,2253,4116,6105,5064,3000,1170,417
og_0181.jp,1290,3615,2361,2220,7929,7476,3186,990,420,513
og_0066.jp,351,1368,2841,2970,3348,3435,3903,5265,4008,2511
og_0305.jp,4212,4095,1788,2013,1332,1269,6474,8310,492,15
og_0312.jp,3264,3534,8007,3972,2982,2364,1194,801,981,2901
plane_0190.jp,3795,657,180,744,747,2394,4101,2799,7452,7131
plane_0004.jp,1728,2280,2622,1992,1680,1578,1758,1521,3912,10929
plane_0026.jp,963,1833,1599,1071,1248,2220,1593,5034,13572,867
og_0143.jp,228,564,1242,3666,9063,7332,3942,2757,855,351
og_0287.jp,279,1428,2706,6027,4596,3105,2850,3336,3306,2367
plane_0540.jp,471,2094,2214,1710,1944,17112,969,846,855,1785
og_0157.jp,123,675,2370,3588,3633,4215,6180,4638,3291,1287
plane_0314.jp,2778,2931,1983,17214,585,564,777,1119,1569,480
plane_0413.jp,495,4245,6477,3804,3210,9006,1878,648,186,51
plane_0211.jp,2583,3765,1956,1254,1701,3471,5409,7773,2052,36
og_0336.jp,537,1299,2301,4440,4647,3957,3396,8541,756,126
og_0503.jp,6327,3852,4449,2316,2379,1872,2634,3663,939,1569
og_0540.jp,2685,3321,2616,1656,1053,1278,2442,3993,4857,6099
plane_0049.jp,5298,1701,1998,2856,4344,4887,4221,1722,1371,1602
plane_0444.jp,1200,972,1539,10293,8343,810,1017,1767,2952,1107
plane_0381.jp,2706,5298,6726,6705,2853,1386,1194,2121,936,75
plane_0714.jp,4245,2058,2484,7290,12960,480,228,156,63,36
plane_0584.jp,933,867,849,1707,6795,4149,9699,3675,537,789
og_0173.jp,10275,5295,3381,2376,2076,801,543,1071,2526,1656
og_0074.jp,2670,5055,2316,4398,2829,3882,2790,3120,1806,1134
plane_0319.jp,657,4821,6072,6024,4542,627,930,1227,1470,3630
plane_0142.jp,1770,1650,4479,8697,3708,2616,2739,2895,1404,42
og_0358.jp,891,2589,5292,3162,5568,5901,2604,1404,906,1683
og_0194.jp,6168,5835,2379,1281,828,735,885,1359,3006,7524
og_0050.jp,5343,8787,4479,2817,2019,1545,1218,801,924,2067
plane_0348.jp,105,600,1968,2838,8703,5967,1851,4161,2763,1044
og_0153.jp,348,2079,4326,3663,4212,5181,5055,4407,426,303
plane_0086.jp,1410,1161,3573,6864,7407,5538,2385,768,699,195
og_0475.jp,3033,1848,2268,2376,4296,6906,5619,2610,825,219
og_0142.jp,2991,5184,3153,3234,2385,2010,1731,2586,6432,294
og_0484.jp,285,3225,6495,1584,1899,3075,2505,2217,6027,2688
og_0396.jp,1815,6081,5334,4371,6747,1866,1383,879,687,837
plane_0283.jp,1713,5670,4809,2829,522,387,525,4683,7623,1239
plane_0099.jp,927,2814,5148,4629,5070,5106,2838,1467,1353,648
og_0183.jp,3444,4710,4884,4164,2193,1833,2301,4005,1464,1002
plane_0208.jp,1755,2115,1170,5367,12693,1806,846,1077,1731,1440
plane_0484.jp,1422,1209,1365,6462,4965,6915,3273,1803,825,1761
plane_0676.jp,2391,1692,1527,702,771,5469,16647,651,126,24
og_0032.jp,4194,11535,3825,2571,2541,1602,1011,594,480,1647
plane_0128.jp,408,1575,1758,1230,1380,1419,18903,1359,1308,660
plane_0526.jp,1875,1803,1185,633,933,1077,6483,9738,4737,1536
plane_0354.jp,168,1362,1557,1986,13494,2868,1689,1245,1788,3843
og_0119.jp,7749,2586,2772,2535,3366,4479,4332,1482,435,264
plane_0713.jp,519,2010,3135,17709,819,600,729,867,918,2694
plane_0066.jp,1380,1482,4539,2334,1257,1281,1692,5634,9240,1161
og_0171.jp,2985,3048,3162,3327,3981,2946,1362,1128,2025,6036
plane_0079.jp,4047,3774,1581,1740,3273,5592,3873,3651,1548,921
plane_0699.jp,198,4128,10761,4599,924,606,957,1221,1485,5121
plane_0103.jp,1116,10902,4341,4785,2772,1944,1224,1020,1782,114
og_0482.jp,1680,3123,4347,4845,4683,3960,3663,2016,1071,612
og_0479.jp,10290,3312,3255,2934,2262,1368,1197,1248,2073,2061
plane_0149.jp,708,1533,4485,10101,10071,2103,582,207,129,81
plane_0374.jp,1488,954,2391,3300,3837,7164,2010,7005,1638,213
og_0307.jp,7395,3837,4491,3366,2661,1587,1032,1320,2190,2121
og_0580.jp,288,702,2637,3303,4029,4689,3606,2259,1476,7011
plane_0050.jp,1092,2553,2472,2547,2739,2568,3723,10878,1323,105
og_0443.jp,8157,6375,4299,3855,2505,1575,1233,1092,603,306
og_0535.jp,6471,4761,3864,1716,1986,1224,2112,2301,2628,2937
og_0618.jp,4410,2328,1419,4422,2082,1011,1206,3405,6333,3384
plane_0394.jp,288,1590,13431,3849,1473,1740,2817,3633,1149,30
plane_0290.jp,885,1614,6741,4392,5772,6060,3147,606,438,345
og_0487.jp,5940,7635,3534,2163,2100,1872,2271,2895,1584,6
plane_0395.jp,2058,10278,7425,1473,1503,2361,3177,1647,72,6
og_0388.jp,9930,5559,3051,2883,2205,2052,2037,1392,762,129
og_0021.jp,495,2133,4176,5121,4545,3606,1932,3273,4707,12
plane_0557.jp,1161,2673,2529,2121,17298,870,918,1059,879,492
og_0014.jp,1407,3177,3594,3726,3033,2247,2952,8877,855,132
og_0101.jp,9237,7740,1878,1473,774,498,810,1200,2934,3456
plane_0662.jp,174,531,2436,8202,7269,4998,2085,1050,984,2271
plane_0165.jp,909,1965,1608,1488,3330,9819,7098,1812,1749,222
plane_0370.jp,663,3234,3444,2970,4152,3765,9933,855,507,477
og_0337.jp,1683,2868,3894,4842,4278,3816,3477,2331,1812,999
og_0062.jp,1686,3276,4308,3327,4395,3981,2481,2025,2052,2469
og_0299.jp,2079,4710,3324,2190,2559,3276,2823,3534,3447,2058
plane_0449.jp,315,912,2604,3522,16074,993,924,924,1404,2328
og_0300.jp,681,4701,6501,5538,3009,3645,3165,1167,657,936
plane_0013.jp,1470,1278,1149,1521,1323,4968,11532,1713,1974,3072
plane_0505.jp,759,516,1872,2325,19701,528,567,486,804,2442
og_0033.jp,1947,3471,3393,1626,1344,1908,1944,2937,4113,7317
og_0319.jp,3294,5460,3387,2607,2769,3549,3024,2967,2145,798
plane_0264.jp,2547,2532,4515,5631,6417,2742,1083,816,1767,1950
og_0212.jp,3114,3843,4659,3294,3450,3045,4155,2013,723,1704
plane_0124.jp,1413,1353,1773,2520,4539,4368,5997,2778,1476,3783
plane_0587.jp,417,2652,2658,1896,13725,4383,2253,1137,507,372
plane_0035.jp,2970,1311,1257,993,1698,1851,1818,618,531,16953
plane_0409.jp,1257,3846,6027,13005,882,948,801,1545,1668,21
plane_0138.jp,5943,4107,4278,3246,4152,5319,2808,111,27,9
plane_0617.jp,1506,3486,4479,4650,6891,3750,3237,1686,198,117
plane_0483.jp,837,13881,3963,1929,2394,1107,960,1002,1698,2229
og_0100.jp,783,1584,2022,2154,2199,2403,2628,2340,2592,11295
plane_0328.jp,1293,2835,2274,1473,3150,11745,876,1107,1470,3777
og_0085.jp,5208,5964,5364,4155,3819,1092,510,657,903,2328
plane_0365.jp,408,1131,1962,2253,2457,15885,1194,930,789,2991
plane_0501.jp,2070,1983,1416,852,13377,5781,711,774,1023,2013
plane_0297.jp,531,651,2382,11754,7296,1830,1080,945,1290,2241
plane_0698.jp,1575,3429,5526,3273,5202,3663,3093,1887,2238,114
og_0544.jp,174,861,2127,3165,4260,5136,6666,6147,1302,162
plane_0260.jp,807,1893,3372,2511,1131,6876,5604,3567,3450,789
og_0374.jp,474,1179,1278,1902,4197,7137,4839,3384,2934,2676
plane_0280.jp,2106,2784,2343,3684,4434,2811,6627,5004,192,15
plane_0232.jp,2892,2667,1239,1059,1095,795,1140,16797,2298,18
og_0661.jp,8523,4704,3588,2880,2535,969,2442,1740,1281,1338
og_0131.jp,573,3114,2235,2346,2118,2616,4824,5739,3576,2859
plane_0161.jp,252,1836,2898,3828,4011,4797,3546,3504,3633,1695
og_0553.jp,8961,7080,1008,1203,1539,2217,2139,2781,2589,483
plane_0619.jp,1875,3732,4596,3993,2940,3447,5166,3582,585,84
plane_0599.jp,1536,4257,2346,2787,17805,909,180,81,60,39
plane_0533.jp,192,1647,2880,2022,735,903,17625,2589,642,765
og_0435.jp,54,672,1815,2010,1959,1923,2517,2772,3621,12657
og_0301.jp,606,942,1557,2466,4146,5301,4998,4797,3672,1515
og_0685.jp,4224,2424,3426,4539,5781,1887,2514,3036,1620,549
plane_0591.jp,237,1326,1716,1509,6027,14403,840,957,1317,1668
og_0200.jp,576,6360,2331,3093,2988,3732,4635,3732,1743,810
plane_0012.jp,3096,2232,1020,939,1368,4539,7620,5613,3021,552
og_0182.jp,1158,2835,3243,3672,4446,2262,2268,3378,3246,3492
plane_0163.jp,294,1695,2478,2754,5298,10548,5487,927,411,108
og_0384.jp,1902,4020,4611,3975,6405,6429,564,1665,357,72
og_0213.jp,3801,5391,4023,3285,5796,5046,1950,594,102,12
og_0310.jp,1077,3291,2604,1749,4170,8628,6621,318,573,969
plane_0572.jp,1662,4251,2058,597,426,543,19977,432,33,21
og_0560.jp,4770,4398,3324,2394,2355,2013,2913,3756,1281,2796
og_0211.jp,1986,3312,3087,3303,3888,6861,5331,2148,42,42
plane_0249.jp,492,2337,10416,6522,1641,1710,2172,1056,1032,2622
og_0133.jp,1419,5295,6714,4368,3822,2709,1893,1443,1218,1119
og_0046.jp,5790,3603,3834,4656,3198,1572,1080,1302,2865,2100
plane_0536.jp,1977,1530,1161,1068,1545,1644,8364,11631,534,546
plane_0135.jp,933,2547,4920,3297,2280,1440,1407,1761,1836,9579
plane_0341.jp,1335,2937,2583,6867,8241,1494,918,831,840,3954
og_0224.jp,1890,1950,2460,2409,3474,3585,4152,5427,3705,948
plane_0474.jp,183,1344,3294,5262,11193,840,1065,1107,1467,4245
og_0051.jp,696,3102,8022,3288,1605,1314,2718,2298,4488,2469
og_0180.jp,333,2502,3810,3447,3609,5022,4950,2964,1800,1563
plane_0308.jp,4872,2046,1224,1509,7755,10452,651,534,486,471
plane_0197.jp,2871,1938,777,1230,4410,13143,903,831,1527,2370
plane_0379.jp,2544,6894,5883,4182,3747,1890,2142,2247,423,48
og_0420.jp,16968,1422,402,762,570,1191,2694,2454,2691,846
plane_0033.jp,4752,3036,3069,4083,2271,2085,942,369,528,8865
og_0404.jp,1047,3120,3606,2265,2181,2712,4194,2001,1329,7545
plane_0139.jp,1929,3507,14205,4281,1731,2808,918,462,141,18
plane_0350.jp,723,2175,2214,2457,3915,5070,2139,4731,5166,1410
og_0078.jp,57,597,3180,7092,6045,5268,4017,1803,969,972
og_0623.jp,6579,3882,3168,3108,2622,3588,2625,1794,2091,543
og_0469.jp,864,3939,2739,1821,2754,3471,3747,5016,4014,1635
og_0381.jp,2037,3519,4752,4209,3792,1854,1896,2634,2457,2850
plane_0390.jp,2301,4272,5607,7209,2628,1074,708,1071,2442,2688
og_0600.jp,1215,3903,4563,3987,4197,3282,3267,3294,1635,657
plane_0585.jp,681,4410,1443,1434,17343,1533,939,744,594,879
og_0205.jp,372,1305,2361,3120,4932,5973,3456,1884,1449,5148
plane_0690.jp,648,2394,2418,2319,1917,10338,3219,1308,1863,3576
plane_0229.jp,249,990,2511,3453,5937,6420,7590,600,708,1542
plane_0180.jp,1596,2382,3303,3105,4113,6387,2523,1158,2364,3069
plane_0495.jp,1650,1596,1167,1011,19647,954,774,918,2049,234
og_0578.jp,6324,4953,2304,1614,1470,1023,1851,2709,5454,2298
og_0095.jp,3255,1500,1425,2088,3678,3567,4758,4755,4428,546
og_0009.jp,1392,3000,3837,3810,3369,4299,4230,3594,1923,546
plane_0100.jp,1893,1605,1542,1047,1047,1458,1089,7635,10140,2544
plane_0477.jp,306,1386,3519,12876,2595,2151,1761,1437,1578,2391
plane_0668.jp,855,8445,6066,3177,4071,1494,1341,1503,2667,381
og_0414.jp,396,1005,1116,3132,3186,3153,3504,6339,6261,1908
plane_0716.jp,3675,2526,2616,1476,2007,16893,504,138,129,36
plane_0063.jp,2019,666,954,888,666,615,852,1668,2178,19494
og_0606.jp,5910,2904,2304,969,876,1140,14025,543,405,924
og_0256.jp,837,1539,3312,4323,4587,3219,2376,2793,3597,3417
plane_0658.jp,45,1428,5205,9576,5514,2136,1212,1104,1146,2634
plane_0225.jp,411,2466,2793,4617,6021,4356,6126,942,1008,1260
og_0437.jp,210,1944,3396,4674,4365,3552,2073,1338,1179,7269
og_0317.jp,2451,5544,5100,3462,3264,3627,2967,2085,1215,285
plane_0541.jp,123,255,2391,4329,7845,6477,3171,1602,1179,2628
og_0637.jp,78,483,3390,8823,7023,3996,2847,1686,1104,570
plane_0708.jp,585,2250,3576,5871,5979,8025,1794,1263,402,255
og_0681.jp,1287,6249,3885,8355,1710,921,822,891,1722,4158
og_0123.jp,3921,6714,4230,3861,2808,1488,1155,1413,1602,2808
og_0210.jp,684,2406,4584,4902,5253,3702,3879,2244,1380,966
og_0397.jp,1017,4473,6012,4815,2994,2934,3426,1998,780,1551
og_0020.jp,1389,5565,5655,6255,4092,3516,2061,975,378,114
og_0633.jp,2571,3594,4380,5586,4686,3588,2352,2076,858,309
og_0599.jp,1851,3414,2070,2154,2199,2496,4281,4704,4566,2265
og_0415.jp,11439,5187,2622,1467,1338,2379,2010,2364,1152,42
plane_0118.jp,852,2547,7431,5253,3714,3369,2703,1518,1518,1095
og_0088.jp,882,1449,1191,1593,3924,7572,7617,2517,888,2367
og_0195.jp,1140,3195,3669,3366,3219,3930,4047,3696,2661,1077
og_0523.jp,1476,2757,2007,4293,7044,3453,3174,2955,2043,798
plane_0593.jp,663,2550,1713,2715,11340,5718,2025,669,891,1716
og_0197.jp,141,1062,3957,3369,1947,2292,3204,3399,4728,5901
og_0120.jp,828,1251,1422,2751,2925,3057,2592,6339,5631,3204
plane_0184.jp,4008,1491,5829,1698,1170,4317,6153,2838,1998,498
plane_0625.jp,165,2256,2727,1296,18171,810,786,933,885,1971
plane_0273.jp,543,2415,3753,6270,7107,2985,2277,1455,1032,2163
og_0689.jp,267,474,1272,3120,7278,7152,4443,3036,1047,1911
og_0186.jp,5307,5175,5478,4293,1782,1545,2454,2661,1152,153
plane_0150.jp,924,3156,3807,2958,7020,2133,2262,4368,1587,1785
plane_0687.jp,408,1278,1830,2055,6918,11208,2193,1668,1233,1209
plane_0418.jp,1683,2349,3093,6459,3795,9390,1296,576,810,549
plane_0162.jp,2598,2976,1344,846,846,834,1167,17586,1716,87
plane_0097.jp,6741,9255,5340,3477,2181,1047,561,684,660,54
og_0216.jp,108,1704,5286,4944,3702,4356,3387,2970,2103,1440
plane_0459.jp,1842,2037,5700,7791,3138,3804,789,633,1134,3132
og_0579.jp,1071,1323,1995,2835,5709,7431,4092,2967,2010,567
og_0490.jp,2778,6786,6819,3375,2565,3474,2484,1278,378,63
og_0130.jp,4710,4911,2625,4695,4665,1893,1320,1146,3309,726
og_0347.jp,1236,1455,5112,4701,2724,2337,1845,1896,1452,7242
og_0097.jp,2469,3636,4503,5745,3468,1968,1983,1671,1245,3312
plane_0601.jp,498,2166,1605,17229,2838,894,744,756,666,2604
plane_0683.jp,2169,1563,1410,1575,1320,1656,2622,4422,9255,4008
plane_0174.jp,1365,1350,1440,834,1026,1302,3774,16629,1878,402
plane_0087.jp,3369,5736,6420,3654,2199,1185,1668,1188,1980,2601
plane_0537.jp,3252,3183,2811,3885,5889,4863,2940,1149,1404,624
plane_0371.jp,486,1335,1887,2313,1932,14877,1296,783,1137,3954
og_0338.jp,7353,2964,1065,480,522,1014,2067,3297,6360,4878
og_0147.jp,8379,3534,3402,3474,3294,3642,2634,1020,426,195
plane_0428.jp,165,411,8298,6921,5682,618,915,1632,2829,2529
plane_0451.jp,792,1014,4314,9813,3492,2211,2133,2874,1086,2271
plane_0018.jp,4770,4806,1704,975,1041,894,10890,1500,1065,2355
plane_0420.jp,1083,7662,7470,2124,3138,1926,2058,1191,1515,1833
og_0311.jp,1725,3333,4266,3570,3387,2967,2820,3825,3171,936
og_0356.jp,81,507,2718,5391,2910,2970,2928,2658,3018,6819
og_0370.jp,2853,6597,5532,2460,1986,1008,2454,3822,2892,396
og_0013.jp,1071,4920,5049,3486,2949,1509,999,618,843,8556
og_0476.jp,231,696,2421,5817,5508,4206,4167,4074,2508,372
plane_0235.jp,1236,3741,6837,10365,1455,966,1173,969,1029,2229
og_0508.jp,3639,4239,2970,3027,5010,2811,1272,1635,2115,3282
plane_0194.jp,573,420,10443,11484,1578,1413,1008,1665,1029,387
plane_0169.jp,5577,5157,5058,2661,2841,4011,2706,894,651,444
og_0001.jp,240,1032,3978,7017,6282,4038,2337,2031,1737,1308
plane_0424.jp,273,3906,9183,3114,3651,4476,1857,1227,1752,561
plane_0248.jp,318,4656,9756,2118,2307,5115,849,1203,1410,2268
og_0651.jp,17571,2103,1416,1536,1695,2049,1608,1668,321,33
plane_0429.jp,492,1257,4374,4422,8118,2910,1740,1818,2178,2691
plane_0351.jp,123,1299,2169,3879,11907,4770,1797,1179,1290,1587
og_0113.jp,4086,4758,3231,1338,1968,4053,4797,4023,1026,720
plane_0364.jp,222,1623,1734,1323,1476,14427,3183,1644,1161,3207
plane_0032.jp,4041,6129,10356,5382,2358,801,309,138,156,330
og_0672.jp,540,3348,2505,3561,6810,5229,3801,2442,1263,501
plane_0488.jp,2106,2070,1317,20046,921,423,351,384,519,1863
og_0140.jp,2259,2178,3165,6180,7536,3993,1395,1533,1473,288
og_0342.jp,435,3609,4215,5511,4716,3768,2463,2766,2016,501
og_0035.jp,447,1608,5895,3663,2472,4701,3723,3120,2457,1914
plane_0388.jp,3522,8154,3831,4161,2682,2514,2856,1629,495,156
og_0082.jp,615,795,1341,3540,6018,5253,3735,2148,1941,4614
plane_0393.jp,1707,6237,11631,1854,807,1227,1782,2694,2022,39
og_0030.jp,1320,5682,4983,4065,3162,4038,3717,1962,1017,54
plane_0217.jp,2772,1875,1821,1455,15279,4515,855,810,291,327
plane_0293.jp,1098,9093,9276,4665,2583,1035,546,414,510,780
og_0360.jp,219,1788,9810,6813,2982,2973,2907,1497,699,312
og_0402.jp,90,561,3891,8019,2820,990,1446,2913,5031,4239
plane_0363.jp,369,1128,1812,2718,3753,13947,1287,795,1188,3003
plane_0367.jp,273,810,2337,2409,2991,12141,2061,1065,1422,4491
plane_0221.jp,3639,876,801,1014,16761,4902,1308,399,234,66
og_0549.jp,3684,9075,4881,1695,1416,1296,1077,921,1680,4275
plane_0588.jp,264,1887,2148,2973,5007,6135,7359,981,1377,1869
og_0602.jp,2787,3753,2388,2562,3105,3609,4293,2739,2619,2145
og_0628.jp,11487,3915,2250,4134,4497,879,630,1794,390,24
og_0465.jp,906,4905,3420,4272,7677,1719,999,1284,1896,2922
plane_0432.jp,624,1458,9288,4200,3879,3942,963,1026,1272,3348
plane_0535.jp,669,4104,2433,876,951,7746,10947,849,639,786
plane_0009.jp,4476,1977,1920,1617,1347,1944,3171,1545,7845,4158
plane_0027.jp,3672,1452,1158,1098,990,1821,13662,4695,471,981
og_0570.jp,6084,2268,4095,5724,6621,2244,996,924,852,192
og_0248.jp,8349,4263,1923,1224,1800,4845,1767,336,2238,3255
plane_0171.jp,1155,2202,3639,2403,1947,1986,13866,729,912,1161
plane_0549.jp,1902,1830,1317,1266,1647,7722,9525,906,861,3024
og_0096.jp,1176,3702,4821,3417,3117,3201,3135,2025,1422,3984
plane_0036.jp,6288,2463,2322,2484,1641,1077,432,366,2103,10824
plane_0725.jp,3723,1833,906,708,3264,14913,1077,1113,1743,720
plane_0478.jp,327,2184,1182,939,894,1203,1038,15252,6561,420
plane_0016.jp,8529,3726,2586,1818,2142,1857,1650,2250,2529,2913
og_0282.jp,165,762,2751,5148,5508,4002,1971,2136,3537,4020
og_0146.jp,5439,4932,4986,3117,2697,2511,2103,1500,1476,1239
plane_0156.jp,651,1785,1533,2610,6699,7200,3867,3240,1338,1077
plane_0707.jp,840,1707,2628,3420,6570,6363,3402,3777,1179,114
og_0501.jp,1770,3924,3321,3168,5064,2718,3393,4290,2196,156
plane_0278.jp,1233,2889,1695,966,5055,12972,3006,1113,876,195
og_0548.jp,303,1494,3498,4698,6228,6447,4851,1806,633,42
og_0500.jp,321,624,1638,3177,4221,5184,5994,4815,2487,1539
plane_0553.jp,54,756,1470,987,747,846,759,1533,20664,2184
og_0049.jp,1809,5004,3681,1878,2157,3633,4650,2985,2643,1560
og_0635.jp,906,2532,4371,4698,4863,3369,1752,1389,2991,3129
og_0408.jp,141,438,471,726,1848,3939,6249,10200,5010,978
og_0630.jp,2481,7002,3414,1896,1443,1605,1452,1785,5991,2931
plane_0673.jp,1491,1221,726,711,19542,855,837,714,780,3123
plane_0539.jp,1158,939,2157,6681,10641,3825,1914,2244,357,84
plane_0575.jp,1479,2919,3120,3657,4860,3405,1632,3033,2133,3762
plane_0386.jp,1644,6630,4887,4503,4020,1956,1917,1884,2214,345
plane_0003.jp,3138,2619,4113,2058,888,987,1047,2604,7881,4665
plane_0291.jp,2097,9342,8790,2268,2133,1290,987,948,1161,984
plane_0039.jp,3126,1572,1398,1104,1500,1647,3069,2754,6330,7500
og_0103.jp,2889,9177,2553,1029,945,1551,2391,3066,3114,3285
plane_0470.jp,573,1062,2118,3393,10062,5619,708,942,1446,4077
og_0354.jp,12156,3648,3201,3264,1485,1002,1440,2058,1716,30
og_0250.jp,2409,6345,6468,3369,3099,3642,2958,1392,306,12
plane_0090.jp,1482,2394,2916,4698,5016,4350,6261,2424,441,18
plane_0119.jp,1632,3729,5520,4299,3417,4143,2244,2283,2622,111
plane_0414.jp,2430,2220,1512,1389,17193,2301,786,1056,849,264
plane_0720.jp,1986,2259,1287,825,768,3078,7050,9291,3087,369
plane_0159.jp,558,2154,1995,9456,7680,1176,1548,1785,3042,606
plane_0405.jp,186,5019,11979,7449,1458,1098,702,894,672,543
og_0373.jp,1839,2871,4875,3912,2868,2451,3162,2259,1524,4239
plane_0228.jp,522,3111,5181,2670,3546,5277,5208,2316,1062,1107
og_0271.jp,2004,6423,6174,4332,3432,4350,1299,540,585,861
plane_0274.jp,3351,2904,1332,546,924,1356,1200,5457,11901,1029
og_0375.jp,561,1056,1140,3075,3921,5391,9729,2508,1095,1524
og_0309.jp,2739,4809,4083,4200,5040,4020,2610,1485,825,189
og_0091.jp,11328,4194,2691,1668,1197,894,900,6141,366,621
og_0386.jp,1632,3195,1341,2034,5259,7959,5934,1683,708,255
og_0284.jp,9570,4536,1998,1440,2127,2022,2175,5103,954,75
plane_0574.jp,450,1542,1020,2097,2301,912,19776,537,561,804
plane_0616.jp,642,4251,2463,1779,18522,507,444,333,363,696
og_0278.jp,4437,5316,3480,2256,1359,1347,1998,2295,2943,4569
og_0668.jp,105,576,939,3051,4887,6396,7041,4884,1767,354
og_0240.jp,1935,1614,597,1386,2583,3675,5106,6657,5460,987
og_0263.jp,378,1809,2124,3570,5736,6165,5010,3246,1689,273
plane_0604.jp,300,2691,1365,20841,1191,591,519,729,780,993
plane_0060.jp,5100,867,1173,1518,1197,1413,7551,8367,1206,1608
plane_0448.jp,204,741,1062,5820,14673,1053,921,1155,1212,3159
plane_0602.jp,135,609,1425,20184,1674,690,684,906,1527,2166
og_0624.jp,111,885,2151,5115,4965,5754,3669,2856,4086,408
og_0154.jp,1110,3228,3294,4563,3564,1992,3006,3093,3489,2661
og_0265.jp,225,621,1110,2688,4419,5481,6399,3168,2616,3273
plane_0612.jp,1542,1887,1485,8391,12408,756,1146,1236,735,414
og_0409.jp,618,603,522,2295,3453,4173,6111,5451,4194,2580
plane_0416.jp,1224,3381,1587,9489,10674,537,549,738,1029,792
og_0566.jp,813,5607,7863,6090,3597,2226,1503,822,432,1047
og_0573.jp,243,1176,2301,3123,1467,7290,6300,3048,963,4089
og_0410.jp,441,2661,6534,7407,4971,3930,2751,1104,174,27
og_0684.jp,6876,6042,2481,1491,1248,1680,1905,2061,2094,4122
og_0321.jp,186,246,522,1074,2082,4275,4653,8664,5745,2553
plane_0450.jp,987,7836,7335,4860,894,873,1188,2727,2079,1221
plane_0620.jp,414,1842,3330,7269,8889,2466,1278,2025,1638,849
og_0272.jp,6993,2256,2100,2193,2625,3453,5739,3666,834,141
plane_0665.jp,792,1926,2991,4857,6546,8859,2298,1152,486,93
og_0591.jp,60,744,2181,5142,4404,6246,4653,4761,1224,585
og_0275.jp,4686,6711,4650,4104,4206,3117,1497,420,360,249
og_0667.jp,2502,5079,5268,4212,3708,4023,3159,1647,366,36
og_0378.jp,4032,9810,3642,1290,648,2907,4866,2718,75,12
og_0090.jp,5778,6624,4803,3993,1293,495,684,1485,3960,885
og_0686.jp,930,1914,2604,2718,3837,4782,3696,4842,4347,330
plane_0669.jp,879,5412,8463,2952,4251,1788,936,1092,1170,3057
og_0134.jp,1194,4458,5499,4749,2874,2535,1575,1491,3561,2064
og_0295.jp,150,1026,2772,3270,2190,1911,1491,1287,1053,14850
plane_0306.jp,129,1485,2412,1593,1224,20253,1497,645,642,120
plane_0375.jp,1758,2220,1851,885,786,7839,6093,6120,918,1530
plane_0456.jp,873,1710,2757,1374,1629,1542,1683,5721,8226,4485
og_0335.jp,597,2805,4977,5553,5235,4323,2412,1989,1656,453
plane_0524.jp,1773,2661,1278,978,3540,13755,2949,897,993,1176
og_0588.jp,66,774,1002,2676,10635,3720,5307,1584,2055,2181
og_0318.jp,1053,2247,3333,5139,5766,2490,1857,3996,3498,621
og_0520.jp,300,2538,8211,5031,4629,4569,2997,762,777,186
plane_0469.jp,1167,1617,1152,1332,2454,15357,906,1101,1083,3831
og_0289.jp,2865,5220,5112,4626,4002,2907,1986,1425,699,1158
plane_0426.jp,1194,1140,9048,3981,3099,5535,1650,1230,1656,1467
og_0669.jp,84,615,1797,4257,6072,6561,5592,2598,2004,420
plane_0209.jp,2958,1602,669,837,13131,3861,2361,1551,1095,1935
plane_0703.jp,474,1863,2481,3393,4173,7596,6792,1434,978,816
og_0254.jp,1857,2838,2358,3927,4923,4572,2493,2097,2409,2526
plane_0513.jp,219,777,1065,1941,17580,3024,960,972,1404,2058
plane_0396.jp,1104,2523,8994,9555,717,816,1161,1749,3006,375
plane_0624.jp,147,1302,2409,4959,14361,843,786,1050,1413,2730
og_0198.jp,7431,4743,2445,1887,2040,2472,2271,2478,1851,2382
plane_0148.jp,2100,5643,7281,5034,4644,2274,1059,930,891,144
og_0622.jp,1644,2565,5226,3171,2235,1698,1761,5037,6462,201
plane_0252.jp,4038,3273,4134,1587,4677,7551,1167,963,1302,1308
plane_0461.jp,1677,1260,2862,1935,2820,2373,5529,8610,1323,1611
plane_0028.jp,2583,1665,2091,3597,4737,3267,3054,6699,1863,444
plane_0265.jp,1653,3879,6444,8724,2694,999,1107,1620,1830,1050
og_0464.jp,135,429,1026,2280,7935,5400,3693,1827,2640,4635
plane_0468.jp,618,1947,1173,2613,4611,10851,999,1017,1143,5028
plane_0595.jp,2109,2421,1008,17847,2259,510,540,735,1233,1338
plane_0411.jp,129,888,3663,10137,6384,2118,1017,1197,2262,2205
og_0080.jp,156,525,903,1617,4164,7890,8430,5115,1053,147
og_0292.jp,6651,5931,3411,2325,1977,2742,3129,2652,507,675
og_0172.jp,7788,4569,1551,1857,2307,6312,2820,1809,825,162
plane_0239.jp,441,1914,3192,2148,12903,2370,981,1341,1644,3066
og_0169.jp,1056,3945,6867,4560,2598,1641,1860,1845,2034,3594
plane_0186.jp,2538,2418,4281,5535,3810,5079,2730,1980,1419,210
og_0270.jp,5211,5127,3558,1647,972,867,2742,5637,4086,153
og_0108.jp,6657,918,993,1749,3456,3900,4260,6117,1839,111
og_0277.jp,3774,4002,4107,3546,3240,1335,897,993,690,7416
plane_0403.jp,2499,2799,15036,1485,2391,867,777,1008,1908,1230
plane_0109.jp,2130,2484,2604,3984,4980,2526,3573,4209,2379,1131
plane_0423.jp,1983,4446,3330,3258,2853,4767,4353,1755,2703,552
og_0405.jp,561,3342,2271,1965,6456,8601,1911,1749,2556,588
og_0151.jp,1380,1962,2634,2865,5112,8127,3630,2085,1575,630
plane_0198.jp,3099,2226,873,1248,15747,3003,663,690,2043,408
plane_0316.jp,1203,1893,2340,16467,3735,585,471,495,714,2097
plane_0726.jp,1482,2199,1332,1098,969,17601,1782,768,978,1791
og_0592.jp,2712,2895,2322,2250,2769,3270,3513,5121,2289,2859
og_0029.jp,1554,2019,1746,1260,2199,7158,6573,3336,2190,1965
plane_0701.jp,12342,5415,3870,2778,1566,1014,891,903,546,675
og_0187.jp,4359,4935,2331,1704,1440,1122,1071,4653,4926,3459
plane_0373.jp,4719,4605,1431,714,549,540,567,12342,4440,93
og_0144.jp,291,1818,2340,2976,3009,5307,4965,4983,3939,372
og_0529.jp,7179,7899,3912,1326,378,231,258,207,477,8133
plane_0473.jp,1269,1392,879,1557,5238,14082,1026,1011,753,2793
plane_0031.jp,2547,888,1044,1092,1230,846,1215,2328,11514,7296
plane_0010.jp,2487,3057,3393,2808,3222,1032,525,1473,8391,3612
og_0024.jp,1704,7170,3780,1701,858,1134,1737,2208,2793,6915
og_0193.jp,519,2979,7299,8598,3261,990,699,1416,3687,552
plane_0378.jp,384,1656,5637,9807,4488,2547,2220,924,471,1866
og_0654.jp,5625,7371,2217,1296,690,606,1992,2901,4425,2877
plane_0385.jp,1521,2562,4797,6855,8397,2727,864,1023,813,441
og_0515.jp,3864,5064,5169,4035,4320,3195,1851,1212,639,651
og_0577.jp,1344,3642,1464,1227,1947,3780,4491,5313,5187,1605
plane_0440.jp,186,372,1269,17091,2871,624,498,504,780,5805
og_0616.jp,189,675,2685,8037,9690,3615,600,3981,513,15
og_0433.jp,1914,5928,4683,2892,879,813,1428,4815,4932,1716
og_0079.jp,11670,3156,2877,2214,2595,1581,1920,1851,1269,867
og_0467.jp,3693,3129,2703,2295,2400,2115,2493,3900,5259,2013
plane_0509.jp,2049,1686,1023,777,2886,17643,927,900,702,1407
og_0379.jp,459,3171,5337,5712,3288,2490,2697,3105,1587,2154
plane_0284.jp,555,5829,2217,1977,1341,2073,2742,9975,3195,96
plane_0623.jp,489,4035,2406,1965,17667,744,414,507,711,1062
og_0350.jp,822,1728,2259,4719,7209,3390,1356,2409,3426,2682
og_0392.jp,1080,1749,4332,5766,4554,3084,2397,2241,2841,1956
plane_0324.jp,588,1788,1179,1887,5646,5238,4086,2502,2682,4404
og_0010.jp,24,624,5217,8688,6939,4239,1947,1686,618,18
plane_0325.jp,750,1599,1476,1485,3492,6624,2199,2790,7953,1632
plane_0594.jp,912,1671,1545,14157,5616,945,651,915,1029,2559
og_0267.jp,1749,7092,6063,3597,3120,2481,1818,1389,1455,1236
plane_0677.jp,693,1125,738,507,570,17985,2856,1410,2055,2061
plane_0637.jp,777,879,2556,1599,8223,11382,651,660,894,2379
plane_0530.jp,1998,2118,1254,1170,1440,1293,12696,6411,387,1233
og_0483.jp,597,2880,3099,2472,2940,3801,3933,4017,3306,2955
plane_0222.jp,1914,1776,1650,1422,19824,1215,1158,621,339,81
plane_0311.jp,987,4185,2283,1548,12159,1890,1278,2610,2757,303
plane_0576.jp,294,2358,1794,2805,2874,8361,3828,1905,1947,3834
plane_0493.jp,2466,3675,921,762,16761,627,591,642,972,2583
og_0528.jp,180,627,1707,3030,1656,2235,6831,10026,3573,135
plane_0030.jp,2643,2253,3369,1677,2523,681,705,1644,6432,8073
og_0453.jp,8853,4572,3666,3255,1077,765,1344,2193,3117,1158
plane_0566.jp,1221,1965,972,927,10020,10878,1197,1014,1317,489
plane_0262.jp,1179,1905,2436,2844,6816,6651,2598,1707,1458,2406
plane_0531.jp,450,1842,1998,2115,1788,15462,3582,735,693,1335
og_0016.jp,2343,6690,4419,2484,1662,1524,1941,2052,2142,4743
plane_0145.jp,1074,1434,4044,9675,7452,5379,807,75,51,9
og_0323.jp,4845,5013,3594,2670,4752,4908,3153,876,186,3
og_0163.jp,2547,3012,3501,4920,2859,1332,1047,1332,1971,7479
og_0344.jp,2802,4704,4854,2922,1119,1356,2514,2949,4776,2004
plane_0205.jp,834,3309,2370,12759,3996,1062,1281,894,954,2541
plane_0563.jp,1212,1932,1122,2019,18786,777,825,1455,1317,555
plane_0447.jp,348,819,1536,7176,12399,990,1014,1317,2307,2094
og_0559.jp,3165,3885,2655,1644,2499,3228,3918,2514,1947,4545
og_0509.jp,3168,2121,1437,1479,5832,11745,2766,546,585,321
og_0352.jp,2496,1305,3642,3846,2196,2778,3531,3921,4233,2052
og_0294.jp,2850,3822,2808,2691,3951,3519,2667,2475,2412,2805
og_0692.jp,9528,2775,1260,2085,3351,3774,2379,2046,1830,972
og_0411.jp,8913,3987,4110,3189,2700,2271,1704,1218,915,993
og_0176.jp,867,2958,4419,3402,4494,3222,3438,3048,3015,1137
og_0343.jp,120,294,1017,3006,5823,7857,6792,3408,1008,675
og_0477.jp,6198,3723,3288,2787,2562,2112,2628,4605,1548,549
og_0322.jp,10074,2898,867,609,1458,4950,4029,2772,2082,261
og_0403.jp,1653,2322,3105,2991,2712,3723,4734,4956,2313,1491
plane_0522.jp,372,1833,2694,1851,8970,2784,4950,5247,1188,111
og_0331.jp,957,3069,3327,3843,2523,3075,3558,3144,3603,2901
plane_0407.jp,816,3273,4548,11742,2139,1227,1950,1341,2199,765
og_0244.jp,1470,1800,2994,4815,6279,6108,4782,1290,435,27
plane_0015.jp,8361,3831,2595,2250,2052,1893,2112,2178,2295,2433
plane_0055.jp,528,1317,2418,1188,1143,957,1227,7149,11598,2475
plane_0621.jp,474,1098,5190,5238,6297,3054,4167,1806,741,1935
og_0664.jp,765,855,849,1569,4110,5784,6249,3588,3255,2976
og_0423.jp,1458,1827,3291,4320,4215,3936,5088,5289,447,129
plane_0666.jp,1134,4815,6741,9312,1623,1224,1032,1362,2649,108
og_0666.jp,9147,3150,1050,2157,4851,5037,2655,921,282,750
plane_0650.jp,717,3489,3060,3468,8100,5052,3975,1029,750,360
plane_0216.jp,1491,2139,2886,3822,12003,2682,1383,1224,1062,1308
plane_0084.jp,225,693,1962,5397,6510,6738,5772,2208,348,147
og_0371.jp,837,1284,1332,1923,5043,10437,6102,1320,1173,549
og_0291.jp,1704,10665,8244,2997,1113,588,810,867,2076,936
plane_0589.jp,513,2325,2286,8475,9819,2319,651,864,1116,1632
plane_0433.jp,876,4758,5649,4995,4104,1542,1413,1233,2055,3375
og_0546.jp,4572,2178,2277,2424,3390,4005,3999,3351,2031,1773
plane_0331.jp,201,1128,948,1599,1866,2265,4272,9003,7959,759
plane_0125.jp,306,1248,1272,2184,4692,7137,4014,5703,2766,678
plane_0347.jp,198,1164,3207,7683,10701,2649,2814,1236,198,150
og_0452.jp,1230,1893,1515,2019,2820,3240,2778,3492,9159,1854
plane_0400.jp,1344,5298,12102,1290,1782,1377,1374,3132,2283,18
og_0688.jp,11499,10506,3759,1476,822,633,561,483,204,57
og_0249.jp,2790,4236,5019,4197,2934,2901,2034,3687,1599,603
og_0232.jp,5559,3933,2919,2661,1446,4092,4167,4380,471,372
og_0044.jp,2493,5469,7458,9387,3876,300,264,240,231,282
og_0372.jp,1362,4236,1713,849,2754,7788,8139,2754,249,156
plane_0622.jp,273,1689,1881,3354,17256,840,813,1050,1128,1716
