Trial #1,positive,1,0,0,0,1,1,1,1,1,0,0,0
Trial #2,positive,1,0,0,0,1,0,0,0.5,1,0,0,0
Trial #3,negative,0,0,1,0.333333333,0,1,0,0.333333333,0,1,0,0
Trial #4,positive,1,0,0,0.25,1,1,1,0.5,1,0,0,0
Trial #5,negative,0,1,0,0.2,0,1,0,0.4,0,1,0,0
Trial #6,negative,0,1,0,0.166666667,0,1,0,0.333333333,0,0,1,0.166666667
Trial #7,negative,0,0,1,0.285714286,0,1,0,0.285714286,0,0,1,0.285714286
Trial #8,positive,1,0,0,0.25,1,0,0,0.25,1,0,0,0.25
Trial #9,positive,1,0,0,0.222222222,1,1,1,0.333333333,1,1,1,0.333333333
Trial #10,positive,1,0,0,0.2,1,0,0,0.3,1,0,0,0.3
Trial #11,positive,1,0,0,0.181818182,1,1,1,0.363636364,1,0,0,0.272727273
Trial #12,negative,0,1,0,0.166666667,0,1,0,0.333333333,0,0,1,0.333333333
Trial #13,negative,0,0,1,0.230769231,0,0,1,0.384615385,0,0,1,0.384615385
Trial #14,negative,0,0,1,0.285714286,0,0,1,0.428571429,0,0,1,0.428571429
Trial #15,positive,1,0,0,0.266666667,1,1,1,0.466666667,1,0,0,0.4
Trial #16,positive,1,1,1,0.3125,1,1,1,0.5,1,1,1,0.4375
Trial #17,negative,0,0,1,0.352941176,0,1,0,0.470588235,0,0,1,0.470588235
Trial #18,negative,0,0,1,0.388888889,0,1,0,0.444444444,0,1,0,0.444444444
Trial #19,negative,0,0,1,0.421052632,0,1,0,0.421052632,0,0,1,0.473684211
Trial #20,positive,1,0,0,0.4,1,0,0,0.4,1,1,1,0.5
Trial #21,positive,1,1,1,0.428571429,1,1,1,0.428571429,1,0,0,0.476190476
Trial #22,positive,1,1,1,0.454545455,1,1,1,0.454545455,1,1,1,0.5
Trial #23,negative,0,1,0,0.434782609,0,1,0,0.434782609,0,0,1,0.52173913
Trial #24,positive,1,1,1,0.458333333,1,0,0,0.416666667,1,1,1,0.541666667
Trial #25,positive,1,1,1,0.48,1,0,0,0.4,1,0,0,0.52
Trial #26,negative,0,0,1,0.5,0,0,1,0.423076923,0,1,0,0.5
Trial #27,positive,1,0,0,0.481481481,1,0,0,0.407407407,1,0,0,0.481481482
Trial #28,negative,0,0,1,0.5,0,1,0,0.392857143,0,1,0,0.464285714
Trial #29,positive,1,0,0,0.482758621,1,1,1,0.413793103,1,1,1,0.482758621
Trial #30,negative,0,0,1,0.5,0,0,1,0.433333333,0,0,1,0.5
Trial #31,positive,1,1,1,0.516129032,1,0,0,0.419354839,1,1,1,0.516129032
Trial #32,negative,0,1,0,0.5,0,0,1,0.4375,0,1,0,0.5
Trial #33,positive,1,1,1,0.515151515,1,0,0,0.424242424,1,0,0,0.484848485
Trial #34,negative,0,0,1,0.529411765,0,0,1,0.441176471,0,1,0,0.470588235
Trial #35,negative,0,1,0,0.514285714,0,0,1,0.457142857,0,1,0,0.457142857
Trial #36,positive,1,1,1,0.527777778,1,0,0,0.444444444,1,0,0,0.444444444
Trial #37,positive,1,0,0,0.513513514,1,0,0,0.432432432,1,0,0,0.432432432
Trial #38,positive,1,0,0,0.5,1,0,0,0.421052632,1,0,0,0.421052632
Trial #39,positive,1,0,0,0.487179487,1,0,0,0.41025641,1,0,0,0.41025641
Trial #40,positive,1,1,1,0.5,1,1,1,0.425,1,1,1,0.425
Trial #41,positive,1,0,0,0.487804878,1,0,0,0.414634146,1,0,0,0.414634146
Trial #42,negative,0,0,1,0.5,0,0,1,0.428571429,0,1,0,0.404761905
Trial #43,positive,1,1,1,0.511627907,1,0,0,0.418604651,1,0,0,0.395348837
Trial #44,positive,1,0,0,0.5,1,0,0,0.409090909,1,0,0,0.386363636
Trial #45,negative,0,1,0,0.488888889,0,0,1,0.422222222,0,1,0,0.377777778
Trial #46,negative,0,0,1,0.5,0,1,0,0.413043478,0,1,0,0.369565217
Trial #47,positive,1,0,0,0.489361702,1,0,0,0.404255319,1,0,0,0.361702128
Trial #48,positive,1,0,0,0.479166667,1,0,0,0.395833333,1,0,0,0.354166667
Trial #49,negative,0,1,0,0.469387755,0,0,1,0.408163265,0,0,1,0.367346939
Trial #50,negative,0,0,1,0.48,0,1,0,0.4,0,1,0,0.36
Trial #51,positive,1,1,1,0.490196078,1,1,1,0.411764706,1,1,1,0.37254902
Trial #52,positive,1,0,0,0.480769231,1,1,1,0.423076923,1,0,0,0.365384615
Trial #53,negative,0,1,0,0.471698113,0,1,0,0.41509434,0,0,1,0.377358491
Trial #54,positive,1,0,0,0.462962963,1,1,1,0.425925926,1,1,1,0.388888889
Trial #55,negative,0,1,0,0.454545455,0,1,0,0.418181818,0,1,0,0.381818182
Trial #56,negative,0,0,1,0.464285714,0,0,1,0.428571429,0,1,0,0.375
Trial #57,negative,0,0,1,0.473684211,0,1,0,0.421052632,0,0,1,0.385964912
Trial #58,negative,0,0,1,0.482758621,0,1,0,0.413793103,0,1,0,0.379310345
Trial #59,positive,1,0,0,0.474576271,1,0,0,0.406779661,1,1,1,0.389830509
Trial #60,positive,1,1,1,0.483333333,1,1,1,0.416666667,1,1,1,0.4
Trial #61,positive,1,1,1,0.491803279,1,0,0,0.409836066,1,0,0,0.393442623
Trial #62,positive,1,0,0,0.483870968,1,0,0,0.403225807,1,0,0,0.387096774
Trial #63,positive,1,1,1,0.492063492,1,1,1,0.412698413,1,1,1,0.396825397
Trial #64,positive,1,0,0,0.484375,1,1,1,0.421875,1,1,1,0.40625
Trial #65,negative,0,1,0,0.476923077,0,0,1,0.430769231,0,1,0,0.4
Trial #66,positive,1,1,1,0.484848485,1,0,0,0.424242424,1,1,1,0.409090909
Trial #67,negative,0,1,0,0.47761194,0,0,1,0.432835821,0,0,1,0.417910448
Trial #68,positive,1,1,1,0.485294118,1,0,0,0.426470588,1,1,1,0.426470588
Trial #69,positive,1,1,1,0.492753623,1,1,1,0.434782609,1,0,0,0.420289855
Trial #70,positive,1,0,0,0.485714286,1,1,1,0.442857143,1,1,1,0.428571429
Trial #71,negative,0,1,0,0.478873239,0,0,1,0.450704225,0,0,1,0.436619718
Trial #72,positive,1,0,0,0.472222222,1,0,0,0.444444444,1,1,1,0.444444444
Trial #73,negative,0,0,1,0.479452055,0,0,1,0.452054795,0,0,1,0.452054795
Trial #74,negative,0,1,0,0.472972973,0,1,0,0.445945946,0,0,1,0.45945946
Trial #75,positive,1,1,1,0.48,1,1,1,0.453333333,1,0,0,0.453333333
Trial #76,positive,1,1,1,0.486842105,1,0,0,0.447368421,1,0,0,0.447368421
Trial #77,positive,1,0,0,0.480519481,1,0,0,0.441558442,1,1,1,0.454545455
Trial #78,positive,1,1,1,0.487179487,1,0,0,0.435897436,1,1,1,0.461538462
Trial #79,positive,1,1,1,0.493670886,1,1,1,0.443037975,1,0,0,0.455696203
Trial #80,positive,1,0,0,0.4875,1,0,0,0.4375,1,1,1,0.4625
Trial #81,positive,1,1,1,0.49382716,1,1,1,0.444444444,1,0,0,0.456790124
Trial #82,positive,1,0,0,0.487804878,1,1,1,0.451219512,1,0,0,0.451219512
Trial #83,negative,0,0,1,0.493975904,0,1,0,0.445783133,0,0,1,0.457831325
Trial #84,positive,1,0,0,0.488095238,1,0,0,0.440476191,1,0,0,0.452380952
Trial #85,positive,1,0,0,0.482352941,1,1,1,0.447058824,1,0,0,0.447058824
Trial #86,positive,1,1,1,0.488372093,1,1,1,0.453488372,1,0,0,0.441860465
Trial #87,positive,1,0,0,0.482758621,1,1,1,0.459770115,1,0,0,0.436781609
Trial #88,negative,0,1,0,0.477272727,0,1,0,0.454545455,0,1,0,0.431818182
Trial #89,positive,1,1,1,0.483146067,1,1,1,0.460674157,1,1,1,0.438202247
Trial #90,positive,1,0,0,0.477777778,1,0,0,0.455555556,1,1,1,0.444444444
Trial #91,positive,1,0,0,0.472527473,1,0,0,0.450549451,1,1,1,0.450549451
Trial #92,positive,1,0,0,0.467391304,1,0,0,0.445652174,1,0,0,0.445652174
Trial #93,positive,1,1,1,0.47311828,1,0,0,0.440860215,1,0,0,0.440860215
Trial #94,negative,0,0,1,0.478723404,0,1,0,0.436170213,0,0,1,0.446808511
Trial #95,negative,0,1,0,0.473684211,0,0,1,0.442105263,0,0,1,0.452631579
Trial #96,positive,1,1,1,0.479166667,1,0,0,0.4375,1,0,0,0.447916667
Trial #97,positive,1,0,0,0.474226804,1,0,0,0.432989691,1,1,1,0.453608247
Trial #98,positive,1,1,1,0.479591837,1,1,1,0.43877551,1,0,0,0.448979592
Trial #99,positive,1,1,1,0.484848485,1,1,1,0.444444444,1,0,0,0.444444444
Trial #100,positive,1,1,1,0.49,1,0,0,0.44,1,1,1,0.45
Trial #101,positive,1,0,0,0.485148515,1,1,1,0.445544555,1,0,0,0.445544555
Trial #102,positive,1,0,0,0.480392157,1,0,0,0.441176471,1,0,0,0.441176471
Trial #103,negative,0,1,0,0.475728155,0,0,1,0.446601942,0,1,0,0.436893204
Trial #104,negative,0,1,0,0.471153846,0,0,1,0.451923077,0,0,1,0.442307692
Trial #105,negative,0,1,0,0.466666667,0,1,0,0.447619048,0,0,1,0.447619048
Trial #106,positive,1,1,1,0.471698113,1,0,0,0.443396226,1,1,1,0.452830189
Trial #107,positive,1,1,1,0.476635514,1,1,1,0.448598131,1,1,1,0.457943925
Trial #108,positive,1,0,0,0.472222222,1,1,1,0.453703704,1,0,0,0.453703704
Trial #109,negative,0,1,0,0.467889908,0,0,1,0.458715596,0,1,0,0.449541284
Trial #110,negative,0,0,1,0.472727273,0,1,0,0.454545455,0,0,1,0.454545455
Trial #111,positive,1,1,1,0.477477477,1,1,1,0.45945946,1,1,1,0.45945946
Trial #112,positive,1,1,1,0.482142857,1,1,1,0.464285714,1,1,1,0.464285714
Trial #113,positive,1,1,1,0.486725664,1,0,0,0.460176991,1,1,1,0.469026549
Trial #114,negative,0,0,1,0.49122807,0,1,0,0.456140351,0,1,0,0.464912281
Trial #115,negative,0,1,0,0.486956522,0,1,0,0.452173913,0,1,0,0.460869565
Trial #116,positive,1,0,0,0.482758621,1,0,0,0.448275862,1,1,1,0.465517241
Trial #117,positive,1,0,0,0.478632479,1,0,0,0.444444444,1,1,1,0.47008547
Trial #118,negative,0,0,1,0.483050847,0,1,0,0.440677966,0,0,1,0.474576271
Trial #119,positive,1,0,0,0.478991597,1,1,1,0.445378151,1,0,0,0.470588235
Trial #120,positive,1,0,0,0.475,1,1,1,0.45,1,0,0,0.466666667
Trial #121,positive,1,1,1,0.479338843,1,1,1,0.454545455,1,1,1,0.47107438
Trial #122,positive,1,1,1,0.483606557,1,1,1,0.459016393,1,1,1,0.475409836
Trial #123,positive,1,0,0,0.479674797,1,1,1,0.463414634,1,0,0,0.471544715
Trial #124,positive,1,1,1,0.483870968,1,1,1,0.467741936,1,0,0,0.467741936
Trial #125,negative,0,1,0,0.48,0,1,0,0.464,0,0,1,0.472
Trial #126,positive,1,0,0,0.476190476,1,0,0,0.46031746,1,0,0,0.468253968
Trial #127,positive,1,0,0,0.472440945,1,0,0,0.456692913,1,0,0,0.464566929
Trial #128,positive,1,0,0,0.46875,1,1,1,0.4609375,1,0,0,0.4609375
Trial #129,positive,1,1,1,0.472868217,1,0,0,0.457364341,1,0,0,0.457364341
Trial #130,negative,0,1,0,0.469230769,0,0,1,0.461538462,0,0,1,0.461538462
Trial #131,negative,0,0,1,0.473282443,0,0,1,0.465648855,0,0,1,0.465648855
Trial #132,negative,0,0,1,0.477272727,0,0,1,0.46969697,0,0,1,0.46969697
Trial #133,positive,1,1,1,0.481203008,1,0,0,0.466165414,1,1,1,0.473684211
Trial #134,negative,0,0,1,0.485074627,0,1,0,0.462686567,0,1,0,0.470149254
Trial #135,positive,1,0,0,0.481481481,1,1,1,0.466666667,1,0,0,0.466666667
Trial #136,positive,1,1,1,0.485294118,1,1,1,0.470588235,1,0,0,0.463235294
Trial #137,positive,1,0,0,0.481751825,1,1,1,0.474452555,1,1,1,0.467153285
Trial #138,positive,1,0,0,0.47826087,1,1,1,0.47826087,1,1,1,0.471014493
Trial #139,positive,1,1,1,0.482014388,1,0,0,0.474820144,1,0,0,0.467625899
Trial #140,positive,1,1,1,0.485714286,1,1,1,0.478571429,1,0,0,0.464285714
Trial #141,negative,0,0,1,0.489361702,0,1,0,0.475177305,0,1,0,0.460992908
Trial #142,positive,1,0,0,0.485915493,1,1,1,0.478873239,1,0,0,0.457746479
Trial #143,negative,0,0,1,0.48951049,0,1,0,0.475524476,0,1,0,0.454545455
Trial #144,negative,0,0,1,0.493055556,0,0,1,0.479166667,0,1,0,0.451388889
Trial #145,negative,0,1,0,0.489655172,0,0,1,0.482758621,0,1,0,0.448275862
Trial #146,negative,0,1,0,0.48630137,0,1,0,0.479452055,0,0,1,0.452054795
Trial #147,negative,0,1,0,0.482993197,0,1,0,0.476190476,0,1,0,0.448979592
Trial #148,negative,0,0,1,0.486486486,0,1,0,0.472972973,0,0,1,0.452702703
Trial #149,negative,0,1,0,0.483221477,0,1,0,0.469798658,0,0,1,0.456375839
Trial #150,positive,1,1,1,0.486666667,1,1,1,0.473333333,1,1,1,0.46
Trial #151,negative,0,1,0,0.483443709,0,1,0,0.470198676,0,0,1,0.463576159
Trial #152,positive,1,0,0,0.480263158,1,1,1,0.473684211,1,1,1,0.467105263
Trial #153,positive,1,1,1,0.483660131,1,1,1,0.477124183,1,1,1,0.470588235
Trial #154,negative,0,0,1,0.487012987,0,0,1,0.480519481,0,0,1,0.474025974
Trial #155,positive,1,0,0,0.483870968,1,0,0,0.477419355,1,1,1,0.477419355
Trial #156,positive,1,1,1,0.487179487,1,0,0,0.474358974,1,1,1,0.480769231
Trial #157,negative,0,0,1,0.49044586,0,1,0,0.47133758,0,0,1,0.484076433
Trial #158,positive,1,1,1,0.493670886,1,0,0,0.46835443,1,1,1,0.487341772
Trial #159,positive,1,0,0,0.490566038,1,0,0,0.465408805,1,1,1,0.490566038
Trial #160,positive,1,0,0,0.4875,1,0,0,0.4625,1,0,0,0.4875
Trial #161,positive,1,1,1,0.49068323,1,0,0,0.459627329,1,1,1,0.49068323
Trial #162,negative,0,1,0,0.487654321,0,1,0,0.456790124,0,0,1,0.493827161
Trial #163,negative,0,0,1,0.490797546,0,1,0,0.45398773,0,0,1,0.496932515
Trial #164,negative,0,1,0,0.487804878,0,0,1,0.457317073,0,1,0,0.493902439
Trial #165,positive,1,0,0,0.484848485,1,0,0,0.454545455,1,0,0,0.490909091
Trial #166,negative,0,1,0,0.481927711,0,1,0,0.451807229,0,0,1,0.493975904
Trial #167,positive,1,0,0,0.479041916,1,1,1,0.45508982,1,0,0,0.491017964
Trial #168,positive,1,0,0,0.476190476,1,0,0,0.452380952,1,0,0,0.488095238
Trial #169,negative,0,0,1,0.479289941,0,0,1,0.455621302,0,1,0,0.485207101
Trial #170,positive,1,0,0,0.476470588,1,0,0,0.452941177,1,1,1,0.488235294
Trial #171,negative,0,1,0,0.473684211,0,0,1,0.456140351,0,1,0,0.485380117
Trial #172,negative,0,1,0,0.470930233,0,0,1,0.459302326,0,0,1,0.488372093
Trial #173,positive,1,1,1,0.473988439,1,1,1,0.462427746,1,1,1,0.49132948
Trial #174,negative,0,1,0,0.471264368,0,1,0,0.459770115,0,1,0,0.488505747
Trial #175,negative,0,1,0,0.468571429,0,0,1,0.462857143,0,0,1,0.491428571
Trial #176,positive,1,1,1,0.471590909,1,0,0,0.460227273,1,0,0,0.488636364
Trial #177,positive,1,0,0,0.468926554,1,1,1,0.463276836,1,0,0,0.485875706
Trial #178,negative,0,1,0,0.466292135,0,1,0,0.460674157,0,0,1,0.488764045
Trial #179,negative,0,1,0,0.463687151,0,0,1,0.463687151,0,1,0,0.48603352
Trial #180,positive,1,0,0,0.461111111,1,0,0,0.461111111,1,1,1,0.488888889
Trial #181,positive,1,1,1,0.464088398,1,0,0,0.458563536,1,1,1,0.491712707
Trial #182,positive,1,0,0,0.461538462,1,0,0,0.456043956,1,1,1,0.494505495
Trial #183,negative,0,0,1,0.464480874,0,0,1,0.459016393,0,0,1,0.49726776
Trial #184,positive,1,1,1,0.467391304,1,0,0,0.456521739,1,0,0,0.494565217
Trial #185,negative,0,0,1,0.47027027,0,1,0,0.454054054,0,0,1,0.497297297
Trial #186,positive,1,1,1,0.47311828,1,1,1,0.456989247,1,1,1,0.5
Trial #187,positive,1,1,1,0.475935829,1,1,1,0.459893048,1,0,0,0.497326203
Trial #188,positive,1,0,0,0.473404255,1,1,1,0.462765957,1,0,0,0.494680851
Trial #189,positive,1,1,1,0.476190476,1,0,0,0.46031746,1,0,0,0.492063492
Trial #190,positive,1,1,1,0.478947368,1,1,1,0.463157895,1,1,1,0.494736842
Trial #191,negative,0,0,1,0.481675393,0,0,1,0.465968586,0,1,0,0.492146597
Trial #192,positive,1,1,1,0.484375,1,0,0,0.463541667,1,0,0,0.489583333
Trial #193,negative,0,0,1,0.487046632,0,1,0,0.461139896,0,1,0,0.487046632
Trial #194,positive,1,1,1,0.489690722,1,0,0,0.458762887,1,0,0,0.484536083
Trial #195,positive,1,1,1,0.492307692,1,0,0,0.456410256,1,0,0,0.482051282
Trial #196,positive,1,0,0,0.489795918,1,0,0,0.454081633,1,1,1,0.484693878
Trial #197,negative,0,1,0,0.487309645,0,0,1,0.456852792,0,1,0,0.482233503
Trial #198,negative,0,1,0,0.484848485,0,0,1,0.45959596,0,1,0,0.47979798
Trial #199,negative,0,1,0,0.48241206,0,1,0,0.457286432,0,1,0,0.477386935
Trial #200,negative,0,0,1,0.485,0,0,1,0.46,0,0,1,0.48
Trial #201,positive,1,1,1,0.487562189,1,0,0,0.457711443,1,1,1,0.482587065
Trial #202,positive,1,1,1,0.49009901,1,1,1,0.46039604,1,0,0,0.48019802
Trial #203,positive,1,1,1,0.492610837,1,0,0,0.458128079,1,1,1,0.482758621
Trial #204,positive,1,1,1,0.495098039,1,0,0,0.455882353,1,1,1,0.485294118
Trial #205,positive,1,1,1,0.497560976,1,0,0,0.453658537,1,0,0,0.482926829
Trial #206,positive,1,0,0,0.495145631,1,1,1,0.45631068,1,1,1,0.485436893
Trial #207,negative,0,1,0,0.492753623,0,1,0,0.45410628,0,1,0,0.483091787
Trial #208,negative,0,0,1,0.495192308,0,0,1,0.456730769,0,0,1,0.485576923
Trial #209,negative,0,0,1,0.497607656,0,0,1,0.459330144,0,1,0,0.483253589
Trial #210,positive,1,1,1,0.5,1,1,1,0.461904762,1,1,1,0.485714286
Trial #211,negative,0,0,1,0.502369668,0,0,1,0.464454976,0,0,1,0.488151659
Trial #212,positive,1,0,0,0.5,1,1,1,0.466981132,1,1,1,0.490566038
Trial #213,positive,1,0,0,0.497652582,1,1,1,0.469483568,1,1,1,0.492957747
Trial #214,positive,1,1,1,0.5,1,0,0,0.46728972,1,1,1,0.495327103
Trial #215,positive,1,0,0,0.497674419,1,0,0,0.465116279,1,0,0,0.493023256
Trial #216,positive,1,0,0,0.49537037,1,0,0,0.462962963,1,0,0,0.490740741
Trial #217,negative,0,0,1,0.497695853,0,0,1,0.465437788,0,1,0,0.488479263
Trial #218,positive,1,1,1,0.5,1,1,1,0.467889908,1,1,1,0.490825688
Trial #219,positive,1,1,1,0.502283105,1,0,0,0.465753425,1,1,1,0.493150685
Trial #220,positive,1,0,0,0.5,1,1,1,0.468181818,1,1,1,0.495454546
Trial #221,negative,0,0,1,0.502262443,0,1,0,0.466063348,0,1,0,0.49321267
Trial #222,positive,1,1,1,0.504504505,1,1,1,0.468468469,1,1,1,0.495495496
Trial #223,positive,1,1,1,0.506726457,1,1,1,0.470852018,1,1,1,0.497757848
Trial #224,negative,0,1,0,0.504464286,0,0,1,0.473214286,0,0,1,0.5
Trial #225,positive,1,1,1,0.506666667,1,0,0,0.471111111,1,1,1,0.502222222
Trial #226,negative,0,1,0,0.504424779,0,0,1,0.473451327,0,0,1,0.504424779
Trial #227,negative,0,0,1,0.50660793,0,0,1,0.475770925,0,0,1,0.50660793
Trial #228,negative,0,1,0,0.504385965,0,0,1,0.478070175,0,0,1,0.50877193
Trial #229,positive,1,1,1,0.506550218,1,1,1,0.480349345,1,1,1,0.510917031
Trial #230,negative,0,0,1,0.508695652,0,1,0,0.47826087,0,1,0,0.508695652
Trial #231,positive,1,0,0,0.506493506,1,1,1,0.480519481,1,1,1,0.510822511
Trial #232,positive,1,1,1,0.50862069,1,0,0,0.478448276,1,0,0,0.50862069
Trial #233,positive,1,1,1,0.510729614,1,1,1,0.480686695,1,1,1,0.510729614
Trial #234,negative,0,0,1,0.512820513,0,0,1,0.482905983,0,1,0,0.508547009
Trial #235,negative,0,0,1,0.514893617,0,1,0,0.480851064,0,1,0,0.506382979
Trial #236,positive,1,0,0,0.512711864,1,1,1,0.483050848,1,1,1,0.508474576
Trial #237,positive,1,1,1,0.514767932,1,1,1,0.485232068,1,0,0,0.506329114
Trial #238,positive,1,0,0,0.512605042,1,1,1,0.487394958,1,1,1,0.508403361
Trial #239,positive,1,0,0,0.510460251,1,1,1,0.489539749,1,1,1,0.510460251
Trial #240,negative,0,1,0,0.508333333,0,1,0,0.4875,0,1,0,0.508333333
Trial #241,negative,0,1,0,0.506224066,0,0,1,0.489626556,0,0,1,0.510373444
Trial #242,negative,0,1,0,0.504132231,0,0,1,0.491735537,0,0,1,0.512396694
Trial #243,positive,1,0,0,0.502057613,1,0,0,0.489711934,1,1,1,0.514403292
Trial #244,positive,1,1,1,0.504098361,1,0,0,0.487704918,1,0,0,0.512295082
Trial #245,positive,1,0,0,0.502040816,1,0,0,0.485714286,1,1,1,0.514285714
Trial #246,positive,1,1,1,0.504065041,1,1,1,0.487804878,1,1,1,0.516260163
Trial #247,positive,1,0,0,0.502024291,1,1,1,0.489878543,1,1,1,0.518218624
Trial #248,negative,0,1,0,0.5,0,1,0,0.487903226,0,1,0,0.516129032
Trial #249,negative,0,0,1,0.502008032,0,1,0,0.485943775,0,1,0,0.514056225
Trial #250,positive,1,0,0,0.5,1,1,1,0.488,1,1,1,0.516
Trial #251,positive,1,1,1,0.501992032,1,0,0,0.486055777,1,1,1,0.517928287
Trial #252,positive,1,0,0,0.5,1,1,1,0.488095238,1,1,1,0.51984127
Trial #253,negative,0,0,1,0.501976285,0,0,1,0.490118577,0,1,0,0.517786561
Trial #254,positive,1,1,1,0.503937008,1,0,0,0.488188976,1,1,1,0.519685039
Trial #255,positive,1,0,0,0.501960784,1,0,0,0.48627451,1,0,0,0.517647059
Trial #256,positive,1,0,0,0.5,1,1,1,0.48828125,1,0,0,0.515625
Trial #257,positive,1,1,1,0.501945525,1,1,1,0.490272374,1,1,1,0.517509728
Trial #258,positive,1,0,0,0.5,1,0,0,0.488372093,1,0,0,0.515503876
Trial #259,negative,0,0,1,0.501930502,0,0,1,0.49034749,0,0,1,0.517374517
Trial #260,negative,0,1,0,0.5,0,0,1,0.492307692,0,1,0,0.515384615
Trial #261,positive,1,1,1,0.501915709,1,1,1,0.494252874,1,0,0,0.513409962
Trial #262,positive,1,1,1,0.503816794,1,1,1,0.496183206,1,1,1,0.515267176
Trial #263,negative,0,0,1,0.505703422,0,0,1,0.498098859,0,0,1,0.517110266
Trial #264,positive,1,1,1,0.507575758,1,1,1,0.5,1,1,1,0.518939394
Trial #265,negative,0,0,1,0.509433962,0,0,1,0.501886793,0,1,0,0.516981132
Trial #266,positive,1,0,0,0.507518797,1,0,0,0.5,1,1,1,0.518796993
Trial #267,positive,1,1,1,0.509363296,1,1,1,0.501872659,1,0,0,0.516853933
Trial #268,negative,0,0,1,0.51119403,0,1,0,0.5,0,0,1,0.518656716
Trial #269,positive,1,0,0,0.50929368,1,0,0,0.498141264,1,1,1,0.520446097
Trial #270,positive,1,0,0,0.507407407,1,1,1,0.5,1,1,1,0.522222222
Trial #271,positive,1,0,0,0.505535055,1,0,0,0.498154982,1,0,0,0.520295203
Trial #272,positive,1,1,1,0.507352941,1,0,0,0.496323529,1,1,1,0.522058824
Trial #273,positive,1,0,0,0.505494505,1,0,0,0.494505495,1,0,0,0.52014652
Trial #274,positive,1,1,1,0.50729927,1,1,1,0.496350365,1,1,1,0.52189781
Trial #275,negative,0,1,0,0.505454545,0,1,0,0.494545455,0,0,1,0.523636364
Trial #276,negative,0,0,1,0.507246377,0,1,0,0.492753623,0,1,0,0.52173913
Trial #277,negative,0,1,0,0.505415162,0,1,0,0.490974729,0,0,1,0.523465704
Trial #278,positive,1,1,1,0.507194245,1,1,1,0.492805755,1,1,1,0.525179856
Trial #279,positive,1,1,1,0.508960573,1,0,0,0.491039427,1,1,1,0.52688172
Trial #280,positive,1,1,1,0.510714286,1,0,0,0.489285714,1,0,0,0.525
Trial #281,positive,1,1,1,0.512455516,1,1,1,0.491103203,1,1,1,0.526690392
Trial #282,negative,0,0,1,0.514184397,0,0,1,0.492907801,0,0,1,0.528368794
Trial #283,negative,0,0,1,0.51590106,0,0,1,0.494699647,0,0,1,0.530035336
Trial #284,positive,1,1,1,0.517605634,1,0,0,0.492957747,1,0,0,0.528169014
Trial #285,negative,0,0,1,0.519298246,0,1,0,0.49122807,0,1,0,0.52631579
Trial #286,negative,0,1,0,0.517482517,0,1,0,0.48951049,0,1,0,0.524475525
Trial #287,positive,1,0,0,0.515679443,1,0,0,0.487804878,1,1,1,0.526132404
Trial #288,positive,1,0,0,0.513888889,1,1,1,0.489583333,1,0,0,0.524305556
Trial #289,positive,1,1,1,0.515570934,1,1,1,0.491349481,1,0,0,0.52249135
Trial #290,positive,1,1,1,0.517241379,1,1,1,0.493103448,1,1,1,0.524137931
Trial #291,negative,0,1,0,0.515463918,0,0,1,0.494845361,0,1,0,0.52233677
Trial #292,negative,0,1,0,0.51369863,0,1,0,0.493150685,0,1,0,0.520547945
Trial #293,positive,1,1,1,0.515358362,1,1,1,0.494880546,1,0,0,0.518771331
Trial #294,positive,1,0,0,0.513605442,1,1,1,0.49659864,1,0,0,0.517006803
Trial #295,positive,1,1,1,0.515254237,1,1,1,0.498305085,1,0,0,0.515254237
Trial #296,positive,1,1,1,0.516891892,1,1,1,0.5,1,1,1,0.516891892
Trial #297,negative,0,0,1,0.518518519,0,0,1,0.501683502,0,0,1,0.518518519
Trial #298,positive,1,1,1,0.520134228,1,1,1,0.503355705,1,1,1,0.520134228
Trial #299,negative,0,1,0,0.518394649,0,0,1,0.505016722,0,1,0,0.518394649
Trial #300,positive,1,1,1,0.52,1,0,0,0.503333333,1,1,1,0.52
Trial #301,positive,1,1,1,0.521594684,1,1,1,0.504983389,1,0,0,0.518272425
Trial #302,positive,1,0,0,0.51986755,1,0,0,0.503311258,1,1,1,0.51986755
Trial #303,positive,1,0,0,0.518151815,1,0,0,0.501650165,1,0,0,0.518151815
Trial #304,positive,1,1,1,0.519736842,1,0,0,0.5,1,0,0,0.516447368
Trial #305,positive,1,1,1,0.521311475,1,0,0,0.498360656,1,1,1,0.518032787
Trial #306,positive,1,1,1,0.522875817,1,0,0,0.496732026,1,1,1,0.519607843
Trial #307,positive,1,1,1,0.524429967,1,0,0,0.495114007,1,0,0,0.517915309
Trial #308,positive,1,0,0,0.522727273,1,1,1,0.496753247,1,1,1,0.51948052
Trial #309,negative,0,1,0,0.521035599,0,1,0,0.495145631,0,1,0,0.517799353
Trial #310,positive,1,1,1,0.522580645,1,1,1,0.496774194,1,1,1,0.519354839
Trial #311,positive,1,1,1,0.524115756,1,1,1,0.498392283,1,1,1,0.520900322
Trial #312,positive,1,0,0,0.522435897,1,1,1,0.5,1,0,0,0.519230769
Trial #313,positive,1,0,0,0.520766773,1,0,0,0.498402556,1,0,0,0.517571885
Trial #314,negative,0,0,1,0.522292994,0,1,0,0.496815287,0,1,0,0.515923567
Trial #315,positive,1,1,1,0.523809524,1,1,1,0.498412698,1,0,0,0.514285714
Trial #316,negative,0,1,0,0.522151899,0,0,1,0.5,0,1,0,0.512658228
Trial #317,positive,1,0,0,0.520504732,1,1,1,0.501577287,1,1,1,0.514195584
Trial #318,positive,1,1,1,0.522012579,1,1,1,0.503144654,1,1,1,0.51572327
Trial #319,positive,1,1,1,0.523510972,1,0,0,0.501567398,1,1,1,0.517241379
Trial #320,positive,1,0,0,0.521875,1,0,0,0.5,1,0,0,0.515625
Trial #321,negative,0,0,1,0.523364486,0,1,0,0.498442368,0,1,0,0.514018692
Trial #322,negative,0,0,1,0.52484472,0,1,0,0.49689441,0,1,0,0.51242236
Trial #323,positive,1,1,1,0.526315789,1,0,0,0.495356037,1,1,1,0.513931889
Trial #324,positive,1,1,1,0.527777778,1,0,0,0.493827161,1,0,0,0.512345679
Trial #325,positive,1,1,1,0.529230769,1,0,0,0.492307692,1,0,0,0.510769231
Trial #326,positive,1,0,0,0.527607362,1,1,1,0.493865031,1,0,0,0.509202454
Trial #327,positive,1,1,1,0.529051988,1,1,1,0.495412844,1,0,0,0.50764526
Trial #328,positive,1,1,1,0.530487805,1,1,1,0.49695122,1,1,1,0.509146342
Trial #329,positive,1,0,0,0.52887538,1,0,0,0.49544073,1,0,0,0.507598784
Trial #330,negative,0,0,1,0.53030303,0,1,0,0.493939394,0,0,1,0.509090909
Trial #331,negative,0,0,1,0.531722054,0,1,0,0.49244713,0,1,0,0.50755287
Trial #332,positive,1,0,0,0.530120482,1,1,1,0.493975904,1,1,1,0.509036145
Trial #333,positive,1,0,0,0.528528529,1,1,1,0.495495496,1,1,1,0.510510511
Trial #334,positive,1,1,1,0.52994012,1,0,0,0.494011976,1,0,0,0.508982036
Trial #335,positive,1,1,1,0.531343284,1,0,0,0.492537313,1,0,0,0.507462687
Trial #336,positive,1,1,1,0.532738095,1,0,0,0.491071429,1,1,1,0.508928571
Trial #337,positive,1,0,0,0.53115727,1,0,0,0.489614243,1,1,1,0.510385757
Trial #338,negative,0,1,0,0.529585799,0,0,1,0.49112426,0,1,0,0.50887574
Trial #339,positive,1,1,1,0.530973451,1,0,0,0.489675516,1,0,0,0.507374631
Trial #340,positive,1,1,1,0.532352941,1,0,0,0.488235294,1,0,0,0.505882353
Trial #341,negative,0,1,0,0.530791789,0,1,0,0.486803519,0,1,0,0.504398827
Trial #342,positive,1,0,0,0.529239766,1,0,0,0.485380117,1,1,1,0.505847953
Trial #343,positive,1,0,0,0.527696793,1,0,0,0.483965015,1,1,1,0.50728863
Trial #344,positive,1,0,0,0.526162791,1,1,1,0.485465116,1,1,1,0.50872093
Trial #345,positive,1,1,1,0.527536232,1,1,1,0.486956522,1,1,1,0.510144928
Trial #346,positive,1,1,1,0.528901734,1,0,0,0.485549133,1,0,0,0.50867052
Trial #347,positive,1,1,1,0.530259366,1,1,1,0.4870317,1,1,1,0.510086455
Trial #348,positive,1,0,0,0.528735632,1,1,1,0.488505747,1,1,1,0.511494253
Trial #349,positive,1,0,0,0.52722063,1,1,1,0.489971347,1,0,0,0.510028653
Trial #350,positive,1,0,0,0.525714286,1,1,1,0.491428571,1,0,0,0.508571429
Trial #351,negative,0,0,1,0.527065527,0,0,1,0.492877493,0,1,0,0.507122507
Trial #352,positive,1,1,1,0.528409091,1,1,1,0.494318182,1,0,0,0.505681818
Trial #353,negative,0,1,0,0.526912181,0,1,0,0.492917847,0,1,0,0.504249292
Trial #354,negative,0,0,1,0.528248588,0,1,0,0.491525424,0,1,0,0.502824859
Trial #355,negative,0,1,0,0.526760563,0,0,1,0.492957747,0,1,0,0.501408451
Trial #356,positive,1,0,0,0.525280899,1,1,1,0.494382023,1,1,1,0.502808989
Trial #357,positive,1,1,1,0.526610644,1,0,0,0.492997199,1,1,1,0.504201681
Trial #358,negative,0,1,0,0.525139665,0,0,1,0.494413408,0,1,0,0.502793296
Trial #359,positive,1,0,0,0.52367688,1,1,1,0.495821727,1,0,0,0.501392758
Trial #360,negative,0,0,1,0.525,0,1,0,0.494444444,0,0,1,0.502777778
Trial #361,negative,0,1,0,0.523545706,0,0,1,0.495844875,0,0,1,0.504155125
Trial #362,positive,1,1,1,0.524861878,1,1,1,0.497237569,1,0,0,0.502762431
Trial #363,positive,1,0,0,0.523415978,1,0,0,0.495867769,1,0,0,0.501377411
Trial #364,positive,1,0,0,0.521978022,1,1,1,0.497252747,1,0,0,0.5
Trial #365,positive,1,1,1,0.523287671,1,0,0,0.495890411,1,1,1,0.501369863
Trial #366,positive,1,1,1,0.524590164,1,1,1,0.49726776,1,0,0,0.5
Trial #367,positive,1,0,0,0.523160763,1,1,1,0.498637602,1,0,0,0.498637602
Trial #368,negative,0,0,1,0.524456522,0,0,1,0.5,0,1,0,0.497282609
Trial #369,positive,1,0,0,0.52303523,1,0,0,0.498644986,1,0,0,0.495934959
Trial #370,positive,1,0,0,0.521621622,1,0,0,0.497297297,1,1,1,0.497297297
Trial #371,positive,1,1,1,0.522911051,1,1,1,0.498652291,1,0,0,0.495956873
Trial #372,negative,0,0,1,0.524193548,0,0,1,0.5,0,1,0,0.494623656
Trial #373,positive,1,0,0,0.522788204,1,0,0,0.498659517,1,0,0,0.493297587
Trial #374,negative,0,1,0,0.521390374,0,1,0,0.497326203,0,1,0,0.49197861
Trial #375,positive,1,1,1,0.522666667,1,1,1,0.498666667,1,0,0,0.490666667
Trial #376,negative,0,0,1,0.52393617,0,1,0,0.497340426,0,0,1,0.492021277
Trial #377,positive,1,0,0,0.522546419,1,1,1,0.49867374,1,1,1,0.4933687
Trial #378,negative,0,0,1,0.523809524,0,1,0,0.497354497,0,1,0,0.492063492
Trial #379,positive,1,0,0,0.522427441,1,0,0,0.496042216,1,0,0,0.490765172
Trial #380,positive,1,0,0,0.521052632,1,1,1,0.497368421,1,1,1,0.492105263
Trial #381,negative,0,1,0,0.519685039,0,0,1,0.498687664,0,0,1,0.49343832
Trial #382,positive,1,1,1,0.520942408,1,1,1,0.5,1,1,1,0.494764398
Trial #383,negative,0,1,0,0.519582245,0,1,0,0.498694517,0,1,0,0.493472585
Trial #384,positive,1,1,1,0.520833333,1,1,1,0.5,1,0,0,0.4921875
Trial #385,positive,1,1,1,0.522077922,1,0,0,0.498701299,1,0,0,0.490909091
Trial #386,positive,1,0,0,0.520725389,1,0,0,0.497409326,1,0,0,0.489637306
Trial #387,positive,1,1,1,0.521963824,1,0,0,0.496124031,1,0,0,0.488372093
Trial #388,positive,1,0,0,0.520618557,1,1,1,0.49742268,1,1,1,0.489690722
Trial #389,positive,1,1,1,0.5218509,1,1,1,0.498714653,1,0,0,0.488431877
Trial #390,positive,1,0,0,0.520512821,1,1,1,0.5,1,0,0,0.487179487
Trial #391,positive,1,0,0,0.519181586,1,0,0,0.498721228,1,0,0,0.485933504
Trial #392,positive,1,1,1,0.520408163,1,1,1,0.5,1,1,1,0.487244898
Trial #393,negative,0,0,1,0.521628499,0,0,1,0.501272265,0,0,1,0.488549618
Trial #394,positive,1,1,1,0.52284264,1,0,0,0.5,1,0,0,0.487309645
Trial #395,negative,0,1,0,0.521518987,0,1,0,0.498734177,0,1,0,0.486075949
Trial #396,negative,0,0,1,0.522727273,0,1,0,0.497474748,0,1,0,0.484848485
Trial #397,negative,0,1,0,0.521410579,0,0,1,0.498740554,0,1,0,0.483627204
Trial #398,negative,0,1,0,0.520100503,0,1,0,0.497487437,0,1,0,0.48241206
Trial #399,negative,0,1,0,0.518796992,0,1,0,0.496240602,0,0,1,0.483709273
Trial #400,positive,1,0,0,0.5175,1,1,1,0.4975,1,1,1,0.485
Trial #401,positive,1,0,0,0.516209476,1,1,1,0.498753117,1,1,1,0.486284289
Trial #402,positive,1,0,0,0.514925373,1,1,1,0.5,1,0,0,0.485074627
Trial #403,positive,1,0,0,0.513647643,1,1,1,0.501240695,1,0,0,0.483870968
Trial #404,positive,1,0,0,0.512376238,1,1,1,0.502475248,1,0,0,0.482673267
Trial #405,positive,1,1,1,0.513580247,1,1,1,0.503703704,1,1,1,0.483950617
Trial #406,positive,1,0,0,0.512315271,1,0,0,0.502463054,1,0,0,0.482758621
Trial #407,positive,1,1,1,0.513513514,1,0,0,0.501228501,1,0,0,0.481572482
Trial #408,positive,1,0,0,0.512254902,1,1,1,0.50245098,1,1,1,0.482843137
Trial #409,positive,1,1,1,0.513447433,1,0,0,0.501222494,1,1,1,0.48410758
Trial #410,positive,1,1,1,0.514634146,1,1,1,0.502439024,1,1,1,0.485365854
Trial #411,positive,1,1,1,0.515815085,1,1,1,0.503649635,1,1,1,0.486618005
Trial #412,positive,1,0,0,0.514563107,1,0,0,0.502427185,1,1,1,0.487864078
Trial #413,negative,0,1,0,0.513317191,0,1,0,0.501210654,0,1,0,0.486682809
Trial #414,positive,1,0,0,0.512077295,1,1,1,0.502415459,1,1,1,0.487922705
Trial #415,positive,1,1,1,0.513253012,1,1,1,0.503614458,1,0,0,0.486746988
Trial #416,negative,0,0,1,0.514423077,0,1,0,0.502403846,0,1,0,0.485576923
Trial #417,negative,0,1,0,0.513189448,0,0,1,0.503597122,0,0,1,0.486810552
Trial #418,negative,0,1,0,0.511961722,0,0,1,0.504784689,0,0,1,0.488038278
Trial #419,positive,1,1,1,0.513126492,1,1,1,0.505966587,1,1,1,0.489260143
Trial #420,positive,1,0,0,0.511904762,1,0,0,0.504761905,1,1,1,0.490476191
Trial #421,positive,1,1,1,0.513064133,1,1,1,0.505938242,1,1,1,0.491686461
Trial #422,positive,1,1,1,0.514218009,1,1,1,0.507109005,1,1,1,0.492890995
Trial #423,positive,1,1,1,0.51536643,1,0,0,0.505910166,1,0,0,0.491725768
Trial #424,positive,1,0,0,0.514150943,1,1,1,0.507075472,1,1,1,0.492924528
Trial #425,negative,0,1,0,0.512941176,0,0,1,0.508235294,0,1,0,0.491764706
Trial #426,negative,0,1,0,0.511737089,0,0,1,0.509389671,0,1,0,0.490610329
Trial #427,positive,1,0,0,0.510538642,1,0,0,0.508196721,1,1,1,0.491803279
Trial #428,negative,0,0,1,0.511682243,0,1,0,0.507009346,0,0,1,0.492990654
Trial #429,positive,1,1,1,0.512820513,1,0,0,0.505827506,1,0,0,0.491841492
Trial #430,positive,1,0,0,0.511627907,1,0,0,0.504651163,1,1,1,0.493023256
Trial #431,positive,1,1,1,0.512761021,1,0,0,0.503480278,1,1,1,0.494199536
Trial #432,positive,1,1,1,0.513888889,1,1,1,0.50462963,1,1,1,0.49537037
Trial #433,positive,1,1,1,0.515011547,1,1,1,0.505773672,1,0,0,0.494226328
Trial #434,negative,0,1,0,0.513824885,0,1,0,0.504608295,0,1,0,0.493087558
Trial #435,negative,0,0,1,0.514942529,0,0,1,0.505747126,0,1,0,0.491954023
Trial #436,positive,1,1,1,0.516055046,1,1,1,0.506880734,1,1,1,0.493119266
Trial #437,positive,1,1,1,0.517162471,1,0,0,0.505720824,1,1,1,0.494279176
Trial #438,positive,1,0,0,0.515981735,1,1,1,0.506849315,1,0,0,0.493150685
Trial #439,positive,1,0,0,0.514806378,1,1,1,0.507972665,1,1,1,0.494305239
Trial #440,positive,1,0,0,0.513636364,1,0,0,0.506818182,1,0,0,0.493181818
Trial #441,positive,1,1,1,0.514739229,1,1,1,0.507936508,1,1,1,0.494331066
Trial #442,negative,0,0,1,0.515837104,0,1,0,0.50678733,0,1,0,0.49321267
Trial #443,positive,1,1,1,0.516930023,1,0,0,0.505643341,1,0,0,0.492099323
Trial #444,negative,0,1,0,0.515765766,0,0,1,0.506756757,0,0,1,0.493243243
Trial #445,negative,0,1,0,0.514606742,0,0,1,0.507865169,0,0,1,0.494382023
Trial #446,positive,1,1,1,0.515695067,1,1,1,0.50896861,1,1,1,0.495515695
Trial #447,negative,0,1,0,0.514541387,0,1,0,0.507829978,0,0,1,0.496644295
Trial #448,positive,1,1,1,0.515625,1,1,1,0.508928571,1,0,0,0.495535714
Trial #449,negative,0,1,0,0.514476615,0,1,0,0.5077951,0,0,1,0.496659243
Trial #450,positive,1,0,0,0.513333333,1,1,1,0.508888889,1,0,0,0.495555556
Trial #451,negative,0,1,0,0.512195122,0,0,1,0.509977827,0,0,1,0.496674058
Trial #452,positive,1,0,0,0.511061947,1,1,1,0.511061947,1,0,0,0.495575221
Trial #453,positive,1,0,0,0.509933775,1,0,0,0.509933775,1,1,1,0.496688742
Trial #454,positive,1,1,1,0.511013216,1,0,0,0.508810573,1,0,0,0.495594714
Trial #455,negative,0,0,1,0.512087912,0,0,1,0.50989011,0,1,0,0.494505495
Trial #456,positive,1,1,1,0.513157895,1,1,1,0.510964912,1,1,1,0.495614035
Trial #457,positive,1,1,1,0.514223195,1,0,0,0.509846827,1,0,0,0.494529541
Trial #458,positive,1,1,1,0.515283843,1,1,1,0.510917031,1,1,1,0.495633188
Trial #459,negative,0,0,1,0.516339869,0,1,0,0.509803922,0,1,0,0.494553377
Trial #460,positive,1,0,0,0.515217391,1,0,0,0.508695652,1,0,0,0.493478261
Trial #461,negative,0,1,0,0.514099783,0,1,0,0.507592191,0,1,0,0.492407809
Trial #462,positive,1,0,0,0.512987013,1,1,1,0.508658009,1,0,0,0.491341991
Trial #463,positive,1,0,0,0.51187905,1,0,0,0.507559395,1,0,0,0.490280778
Trial #464,positive,1,1,1,0.512931034,1,0,0,0.506465517,1,1,1,0.49137931
Trial #465,negative,0,1,0,0.511827957,0,0,1,0.507526882,0,0,1,0.492473118
Trial #466,positive,1,0,0,0.510729614,1,0,0,0.506437768,1,0,0,0.491416309
Trial #467,positive,1,1,1,0.511777302,1,1,1,0.507494647,1,0,0,0.490364026
Trial #468,positive,1,1,1,0.512820513,1,0,0,0.506410256,1,1,1,0.491452992
Trial #469,positive,1,0,0,0.511727079,1,0,0,0.50533049,1,0,0,0.490405117
Trial #470,negative,0,1,0,0.510638298,0,0,1,0.506382979,0,1,0,0.489361702
Trial #471,negative,0,1,0,0.50955414,0,0,1,0.507430998,0,0,1,0.49044586
Trial #472,negative,0,0,1,0.51059322,0,0,1,0.508474576,0,0,1,0.491525424
Trial #473,positive,1,1,1,0.511627907,1,1,1,0.509513742,1,0,0,0.490486258
Trial #474,positive,1,0,0,0.510548523,1,1,1,0.510548523,1,1,1,0.491561181
Trial #475,positive,1,0,0,0.509473684,1,0,0,0.509473684,1,1,1,0.492631579
Trial #476,negative,0,0,1,0.510504202,0,1,0,0.508403361,0,1,0,0.491596639
Trial #477,negative,0,0,1,0.511530398,0,1,0,0.507337526,0,1,0,0.490566038
Trial #478,negative,0,1,0,0.510460251,0,0,1,0.508368201,0,0,1,0.491631799
Trial #479,positive,1,1,1,0.511482255,1,1,1,0.509394572,1,1,1,0.492693111
Trial #480,positive,1,1,1,0.5125,1,0,0,0.508333333,1,0,0,0.491666667
Trial #481,positive,1,1,1,0.513513514,1,1,1,0.509355509,1,1,1,0.492723493
Trial #482,positive,1,1,1,0.514522822,1,1,1,0.510373444,1,0,0,0.491701245
Trial #483,positive,1,0,0,0.513457557,1,0,0,0.50931677,1,1,1,0.492753623
Trial #484,negative,0,0,1,0.51446281,0,0,1,0.510330579,0,0,1,0.493801653
Trial #485,positive,1,1,1,0.515463918,1,0,0,0.509278351,1,0,0,0.492783505
Trial #486,negative,0,0,1,0.516460905,0,0,1,0.510288066,0,1,0,0.491769547
Trial #487,positive,1,1,1,0.517453799,1,0,0,0.509240246,1,1,1,0.492813142
Trial #488,positive,1,0,0,0.516393443,1,1,1,0.510245902,1,1,1,0.493852459
Trial #489,negative,0,0,1,0.517382413,0,0,1,0.511247444,0,1,0,0.492842536
Trial #490,negative,0,1,0,0.516326531,0,1,0,0.510204082,0,1,0,0.491836735
Trial #491,positive,1,1,1,0.517311609,1,1,1,0.511201629,1,0,0,0.490835031
Trial #492,negative,0,0,1,0.518292683,0,1,0,0.510162602,0,1,0,0.489837398
Trial #493,positive,1,0,0,0.517241379,1,0,0,0.509127789,1,1,1,0.490872211
Trial #494,negative,0,1,0,0.516194332,0,1,0,0.508097166,0,1,0,0.489878543
Trial #495,positive,1,0,0,0.515151515,1,0,0,0.507070707,1,0,0,0.488888889
Trial #496,positive,1,1,1,0.516129032,1,0,0,0.506048387,1,0,0,0.487903226
Trial #497,positive,1,1,1,0.517102616,1,1,1,0.507042254,1,1,1,0.488933602
Trial #498,negative,0,1,0,0.516064257,0,1,0,0.506024096,0,0,1,0.489959839
Trial #499,positive,1,1,1,0.517034068,1,1,1,0.507014028,1,1,1,0.490981964
Trial #500,positive,1,0,0,0.516,1,0,0,0.506,1,0,0,0.49
Trial #501,negative,0,1,0,0.51497006,0,1,0,0.50499002,0,0,1,0.491017964
Trial #502,positive,1,1,1,0.515936255,1,0,0,0.503984064,1,1,1,0.492031873
Trial #503,negative,0,1,0,0.514910537,0,0,1,0.504970179,0,1,0,0.491053678
Trial #504,negative,0,1,0,0.513888889,0,1,0,0.503968254,0,0,1,0.492063492
Trial #505,negative,0,0,1,0.514851485,0,0,1,0.504950495,0,0,1,0.493069307
Trial #506,positive,1,0,0,0.513833992,1,0,0,0.503952569,1,1,1,0.494071146
Trial #507,negative,0,0,1,0.514792899,0,1,0,0.50295858,0,0,1,0.495069034
Trial #508,positive,1,0,0,0.513779528,1,0,0,0.501968504,1,0,0,0.494094488
Trial #509,positive,1,1,1,0.514734774,1,1,1,0.502946955,1,0,0,0.493123772
Trial #510,positive,1,0,0,0.51372549,1,1,1,0.503921569,1,1,1,0.494117647
Trial #511,negative,0,1,0,0.512720157,0,1,0,0.502935421,0,1,0,0.493150685
Trial #512,negative,0,1,0,0.51171875,0,1,0,0.501953125,0,0,1,0.494140625
Trial #513,negative,0,0,1,0.512670565,0,1,0,0.500974659,0,0,1,0.495126706
Trial #514,negative,0,1,0,0.511673152,0,1,0,0.5,0,1,0,0.494163424
Trial #515,negative,0,0,1,0.512621359,0,1,0,0.499029126,0,0,1,0.495145631
Trial #516,positive,1,0,0,0.511627907,1,1,1,0.5,1,0,0,0.494186047
Trial #517,positive,1,1,1,0.512572534,1,1,1,0.500967118,1,0,0,0.493230174
Trial #518,positive,1,0,0,0.511583012,1,1,1,0.501930502,1,0,0,0.492277992
Trial #519,negative,0,0,1,0.512524085,0,0,1,0.502890173,0,0,1,0.493256262
Trial #520,negative,0,1,0,0.511538462,0,0,1,0.503846154,0,1,0,0.492307692
Trial #521,positive,1,0,0,0.510556622,1,1,1,0.504798465,1,0,0,0.491362764
Trial #522,positive,1,0,0,0.509578544,1,1,1,0.505747126,1,0,0,0.490421456
Trial #523,positive,1,0,0,0.508604207,1,1,1,0.506692161,1,1,1,0.491395794
Trial #524,positive,1,0,0,0.507633588,1,0,0,0.505725191,1,1,1,0.492366412
Trial #525,negative,0,1,0,0.506666667,0,0,1,0.506666667,0,0,1,0.493333333
Trial #526,positive,1,1,1,0.507604563,1,0,0,0.505703422,1,0,0,0.492395437
Trial #527,negative,0,1,0,0.506641366,0,1,0,0.504743833,0,0,1,0.493358634
Trial #528,positive,1,0,0,0.505681818,1,1,1,0.505681818,1,1,1,0.494318182
Trial #529,positive,1,1,1,0.506616257,1,1,1,0.506616257,1,0,0,0.493383743
Trial #530,positive,1,0,0,0.505660377,1,1,1,0.50754717,1,0,0,0.49245283
Trial #531,positive,1,0,0,0.504708098,1,0,0,0.506591337,1,1,1,0.493408663
Trial #532,positive,1,1,1,0.505639098,1,0,0,0.505639098,1,0,0,0.492481203
Trial #533,negative,0,1,0,0.504690432,0,1,0,0.504690432,0,1,0,0.491557223
Trial #534,negative,0,0,1,0.505617978,0,0,1,0.505617978,0,0,1,0.492509363
Trial #535,positive,1,1,1,0.506542056,1,1,1,0.506542056,1,0,0,0.491588785
Trial #536,positive,1,0,0,0.505597015,1,1,1,0.507462687,1,0,0,0.490671642
Trial #537,positive,1,1,1,0.506517691,1,1,1,0.508379888,1,0,0,0.489757914
Trial #538,positive,1,0,0,0.505576208,1,1,1,0.50929368,1,1,1,0.49070632
Trial #539,positive,1,0,0,0.504638219,1,1,1,0.510204082,1,1,1,0.491651206
Trial #540,positive,1,1,1,0.505555556,1,0,0,0.509259259,1,0,0,0.490740741
Trial #541,positive,1,1,1,0.506469501,1,1,1,0.510166359,1,1,1,0.49168207
Trial #542,positive,1,0,0,0.505535055,1,1,1,0.511070111,1,1,1,0.492619926
Trial #543,positive,1,1,1,0.506445672,1,1,1,0.511970534,1,0,0,0.491712707
Trial #544,negative,0,1,0,0.505514706,0,0,1,0.512867647,0,0,1,0.492647059
Trial #545,positive,1,0,0,0.504587156,1,0,0,0.511926606,1,0,0,0.491743119
Trial #546,negative,0,0,1,0.505494505,0,0,1,0.512820513,0,0,1,0.492673993
Trial #547,positive,1,0,0,0.504570384,1,1,1,0.513711152,1,0,0,0.491773309
Trial #548,positive,1,0,0,0.503649635,1,1,1,0.51459854,1,1,1,0.49270073
Trial #549,positive,1,0,0,0.50273224,1,1,1,0.515482696,1,1,1,0.493624772
Trial #550,positive,1,0,0,0.501818182,1,0,0,0.514545455,1,1,1,0.494545455
Trial #551,positive,1,1,1,0.502722323,1,1,1,0.515426497,1,0,0,0.493647913
Trial #552,positive,1,1,1,0.503623188,1,1,1,0.516304348,1,1,1,0.494565217
Trial #553,positive,1,0,0,0.502712477,1,1,1,0.517179024,1,0,0,0.493670886
Trial #554,positive,1,1,1,0.503610108,1,1,1,0.518050542,1,0,0,0.492779783
Trial #555,negative,0,1,0,0.502702703,0,0,1,0.518918919,0,1,0,0.491891892
Trial #556,negative,0,0,1,0.503597122,0,1,0,0.517985612,0,0,1,0.492805755
Trial #557,negative,0,1,0,0.502692998,0,1,0,0.517055655,0,0,1,0.493716338
Trial #558,positive,1,1,1,0.503584229,1,1,1,0.517921147,1,0,0,0.492831541
Trial #559,negative,0,0,1,0.504472272,0,1,0,0.516994633,0,1,0,0.491949911
Trial #560,negative,0,0,1,0.505357143,0,0,1,0.517857143,0,1,0,0.491071429
Trial #561,negative,0,1,0,0.504456328,0,1,0,0.516934046,0,0,1,0.49197861
Trial #562,negative,0,0,1,0.505338078,0,1,0,0.516014235,0,1,0,0.491103203
Trial #563,negative,0,1,0,0.504440497,0,1,0,0.515097691,0,1,0,0.490230906
Trial #564,negative,0,0,1,0.505319149,0,1,0,0.514184397,0,1,0,0.489361702
Trial #565,positive,1,1,1,0.50619469,1,1,1,0.515044248,1,1,1,0.490265487
Trial #566,positive,1,0,0,0.505300353,1,0,0,0.514134276,1,1,1,0.491166078
Trial #567,positive,1,0,0,0.504409171,1,1,1,0.514991182,1,0,0,0.490299824
Trial #568,negative,0,0,1,0.50528169,0,0,1,0.51584507,0,0,1,0.491197183
Trial #569,positive,1,0,0,0.504393673,1,1,1,0.516695958,1,1,1,0.492091388
Trial #570,negative,0,1,0,0.503508772,0,1,0,0.515789474,0,1,0,0.49122807
Trial #571,negative,0,1,0,0.50262697,0,1,0,0.514886165,0,0,1,0.492119089
Trial #572,positive,1,1,1,0.503496503,1,1,1,0.515734266,1,1,1,0.493006993
Trial #573,negative,0,1,0,0.502617801,0,1,0,0.514834206,0,0,1,0.493891798
Trial #574,positive,1,1,1,0.503484321,1,1,1,0.515679443,1,0,0,0.493031359
Trial #575,negative,0,1,0,0.502608696,0,0,1,0.516521739,0,0,1,0.493913044
Trial #576,positive,1,1,1,0.503472222,1,0,0,0.515625,1,1,1,0.494791667
Trial #577,positive,1,1,1,0.504332756,1,1,1,0.516464471,1,1,1,0.495667244
Trial #578,positive,1,0,0,0.503460208,1,1,1,0.517301038,1,1,1,0.496539792
Trial #579,positive,1,0,0,0.502590674,1,1,1,0.518134715,1,1,1,0.497409326
Trial #580,negative,0,0,1,0.503448276,0,1,0,0.517241379,0,1,0,0.496551724
Trial #581,positive,1,0,0,0.502581756,1,1,1,0.518072289,1,1,1,0.497418244
Trial #582,positive,1,1,1,0.503436426,1,0,0,0.517182131,1,1,1,0.498281787
Trial #583,negative,0,0,1,0.504288165,0,1,0,0.516295026,0,0,1,0.499142367
Trial #584,negative,0,0,1,0.505136986,0,0,1,0.517123288,0,1,0,0.498287671
Trial #585,positive,1,1,1,0.505982906,1,0,0,0.516239316,1,1,1,0.499145299
Trial #586,positive,1,1,1,0.506825939,1,0,0,0.515358362,1,0,0,0.498293515
Trial #587,positive,1,1,1,0.507666099,1,1,1,0.516183986,1,1,1,0.499148211
Trial #588,negative,0,1,0,0.506802721,0,1,0,0.515306122,0,0,1,0.5
Trial #589,positive,1,0,0,0.505942275,1,0,0,0.514431239,1,0,0,0.499151104
Trial #590,positive,1,1,1,0.506779661,1,0,0,0.513559322,1,1,1,0.5
Trial #591,positive,1,1,1,0.507614213,1,0,0,0.512690355,1,1,1,0.500846024
Trial #592,positive,1,1,1,0.508445946,1,1,1,0.513513514,1,0,0,0.5
Trial #593,positive,1,0,0,0.507588533,1,0,0,0.512647555,1,0,0,0.49915683
Trial #594,negative,0,0,1,0.508417508,0,0,1,0.513468014,0,0,1,0.5
Trial #595,positive,1,0,0,0.507563025,1,1,1,0.514285714,1,1,1,0.500840336
Trial #596,negative,0,0,1,0.508389262,0,1,0,0.513422819,0,1,0,0.5
Trial #597,positive,1,0,0,0.507537688,1,1,1,0.514237856,1,1,1,0.500837521
Trial #598,positive,1,1,1,0.508361204,1,0,0,0.513377926,1,1,1,0.501672241
Trial #599,positive,1,1,1,0.50918197,1,1,1,0.514190317,1,0,0,0.500834725
Trial #600,positive,1,0,0,0.508333333,1,1,1,0.515,1,1,1,0.501666667
Trial #601,positive,1,1,1,0.509151414,1,1,1,0.515806988,1,0,0,0.500831947
Trial #602,positive,1,0,0,0.508305648,1,1,1,0.516611296,1,1,1,0.50166113
Trial #603,negative,0,1,0,0.507462687,0,1,0,0.515754561,0,1,0,0.500829187
Trial #604,positive,1,0,0,0.506622517,1,0,0,0.514900662,1,0,0,0.5
Trial #605,negative,0,1,0,0.505785124,0,0,1,0.515702479,0,0,1,0.500826446
Trial #606,positive,1,0,0,0.504950495,1,0,0,0.514851485,1,1,1,0.501650165
Trial #607,positive,1,0,0,0.504118616,1,0,0,0.514003295,1,0,0,0.500823723
Trial #608,negative,0,1,0,0.503289474,0,1,0,0.513157895,0,0,1,0.501644737
Trial #609,positive,1,0,0,0.502463054,1,0,0,0.512315271,1,0,0,0.500821018
Trial #610,positive,1,0,0,0.501639344,1,1,1,0.513114754,1,0,0,0.5
Trial #611,positive,1,0,0,0.500818331,1,0,0,0.512274959,1,1,1,0.500818331
Trial #612,positive,1,1,1,0.501633987,1,0,0,0.511437909,1,0,0,0.5
Trial #613,positive,1,0,0,0.500815661,1,1,1,0.51223491,1,1,1,0.500815661
Trial #614,positive,1,0,0,0.5,1,1,1,0.513029316,1,0,0,0.5
Trial #615,positive,1,1,1,0.500813008,1,1,1,0.513821138,1,1,1,0.500813008
Trial #616,positive,1,1,1,0.501623377,1,1,1,0.51461039,1,1,1,0.501623377
Trial #617,negative,0,1,0,0.500810373,0,1,0,0.513776337,0,0,1,0.502431118
Trial #618,negative,0,1,0,0.5,0,0,1,0.514563107,0,1,0,0.501618123
Trial #619,positive,1,0,0,0.499192246,1,0,0,0.513731826,1,0,0,0.500807754
Trial #620,positive,1,1,1,0.5,1,0,0,0.512903226,1,1,1,0.501612903
Trial #621,negative,0,1,0,0.499194847,0,0,1,0.513687601,0,0,1,0.502415459
Trial #622,positive,1,1,1,0.5,1,1,1,0.514469453,1,1,1,0.503215434
Trial #623,negative,0,0,1,0.500802568,0,0,1,0.515248796,0,1,0,0.502407705
Trial #624,positive,1,0,0,0.5,1,1,1,0.516025641,1,0,0,0.501602564
Trial #625,positive,1,1,1,0.5008,1,1,1,0.5168,1,0,0,0.5008
Trial #626,positive,1,0,0,0.5,1,0,0,0.515974441,1,1,1,0.501597444
Trial #627,positive,1,0,0,0.499202552,1,1,1,0.516746412,1,1,1,0.502392345
Trial #628,positive,1,1,1,0.5,1,0,0,0.515923567,1,1,1,0.503184713
Trial #629,positive,1,1,1,0.500794913,1,1,1,0.516693164,1,0,0,0.502384738
Trial #630,negative,0,1,0,0.5,0,1,0,0.515873016,0,0,1,0.503174603
Trial #631,positive,1,0,0,0.499207607,1,0,0,0.515055468,1,1,1,0.503961965
Trial #632,negative,0,0,1,0.5,0,1,0,0.514240506,0,0,1,0.504746835
Trial #633,negative,0,0,1,0.500789889,0,1,0,0.51342812,0,1,0,0.503949447
Trial #634,positive,1,0,0,0.5,1,0,0,0.512618297,1,1,1,0.504731861
Trial #635,negative,0,0,1,0.500787402,0,1,0,0.511811024,0,0,1,0.505511811
Trial #636,positive,1,0,0,0.5,1,1,1,0.512578616,1,0,0,0.504716981
Trial #637,positive,1,1,1,0.500784929,1,1,1,0.513343799,1,0,0,0.503924647
Trial #638,negative,0,0,1,0.501567398,0,0,1,0.514106583,0,0,1,0.504702194
Trial #639,positive,1,1,1,0.502347418,1,1,1,0.51486698,1,0,0,0.503912363
Trial #640,positive,1,1,1,0.503125,1,0,0,0.5140625,1,0,0,0.503125
Trial #641,positive,1,0,0,0.502340094,1,1,1,0.514820593,1,0,0,0.502340094
Trial #642,positive,1,0,0,0.501557632,1,0,0,0.514018692,1,0,0,0.501557632
Trial #643,negative,0,0,1,0.502332815,0,0,1,0.514774495,0,1,0,0.500777605
Trial #644,negative,0,1,0,0.501552795,0,1,0,0.513975155,0,0,1,0.501552795
Trial #645,positive,1,0,0,0.500775194,1,0,0,0.513178295,1,0,0,0.500775194
Trial #646,positive,1,0,0,0.5,1,0,0,0.512383901,1,0,0,0.5
Trial #647,positive,1,0,0,0.499227202,1,0,0,0.511591963,1,1,1,0.500772798
Trial #648,positive,1,1,1,0.5,1,0,0,0.510802469,1,1,1,0.50154321
Trial #649,negative,0,1,0,0.499229584,0,1,0,0.510015408,0,0,1,0.502311248
Trial #650,positive,1,1,1,0.5,1,1,1,0.510769231,1,1,1,0.503076923
Trial #651,negative,0,1,0,0.499231951,0,1,0,0.509984639,0,1,0,0.502304148
Trial #652,positive,1,1,1,0.5,1,1,1,0.510736196,1,1,1,0.503067485
Trial #653,positive,1,1,1,0.500765697,1,1,1,0.511485452,1,1,1,0.503828484
Trial #654,negative,0,1,0,0.5,0,0,1,0.512232416,0,1,0,0.503058104
Trial #655,negative,0,1,0,0.499236641,0,1,0,0.511450382,0,0,1,0.503816794
Trial #656,positive,1,0,0,0.49847561,1,0,0,0.510670732,1,1,1,0.504573171
Trial #657,negative,0,1,0,0.497716895,0,0,1,0.511415525,0,0,1,0.505327245
Trial #658,positive,1,1,1,0.498480243,1,0,0,0.510638298,1,0,0,0.504559271
Trial #659,negative,0,0,1,0.499241275,0,0,1,0.51138088,0,0,1,0.505311077
Trial #660,positive,1,0,0,0.498484848,1,0,0,0.510606061,1,1,1,0.506060606
Trial #661,positive,1,0,0,0.497730711,1,1,1,0.511346445,1,1,1,0.506807867
Trial #662,positive,1,0,0,0.496978852,1,0,0,0.510574018,1,1,1,0.50755287
Trial #663,positive,1,1,1,0.497737557,1,1,1,0.511312217,1,0,0,0.50678733
Trial #664,positive,1,0,0,0.496987952,1,1,1,0.512048193,1,1,1,0.507530121
Trial #665,positive,1,1,1,0.497744361,1,1,1,0.512781955,1,0,0,0.506766917
Trial #666,positive,1,0,0,0.496996997,1,0,0,0.512012012,1,1,1,0.507507508
Trial #667,positive,1,1,1,0.497751124,1,1,1,0.512743628,1,1,1,0.508245877
Trial #668,negative,0,1,0,0.497005988,0,1,0,0.511976048,0,0,1,0.508982036
Trial #669,positive,1,0,0,0.496263079,1,1,1,0.512705531,1,0,0,0.508221226
Trial #670,positive,1,0,0,0.495522388,1,0,0,0.511940299,1,0,0,0.507462687
Trial #671,positive,1,0,0,0.494783905,1,1,1,0.51266766,1,0,0,0.506706408
Trial #672,positive,1,0,0,0.494047619,1,0,0,0.511904762,1,0,0,0.505952381
Trial #673,positive,1,0,0,0.493313522,1,1,1,0.512630015,1,0,0,0.505200594
Trial #674,positive,1,0,0,0.492581602,1,0,0,0.511869436,1,0,0,0.504451039
Trial #675,positive,1,0,0,0.491851852,1,1,1,0.512592593,1,0,0,0.503703704
Trial #676,negative,0,0,1,0.49260355,0,1,0,0.51183432,0,1,0,0.50295858
Trial #677,positive,1,0,0,0.491875923,1,1,1,0.512555391,1,0,0,0.502215657
Trial #678,negative,0,0,1,0.492625369,0,1,0,0.51179941,0,1,0,0.501474926
Trial #679,positive,1,0,0,0.491899853,1,1,1,0.512518409,1,1,1,0.502209131
Trial #680,positive,1,0,0,0.491176471,1,1,1,0.513235294,1,0,0,0.501470588
Trial #681,positive,1,0,0,0.490455213,1,0,0,0.512481645,1,1,1,0.502202643
Trial #682,positive,1,1,1,0.491202346,1,0,0,0.511730205,1,1,1,0.502932551
Trial #683,negative,0,1,0,0.490483163,0,0,1,0.512445095,0,0,1,0.503660322
Trial #684,positive,1,0,0,0.489766082,1,1,1,0.513157895,1,1,1,0.504385965
Trial #685,negative,0,1,0,0.489051095,0,0,1,0.513868613,0,1,0,0.503649635
Trial #686,negative,0,0,1,0.489795918,0,0,1,0.51457726,0,1,0,0.502915452
Trial #687,negative,0,0,1,0.490538574,0,0,1,0.515283843,0,0,1,0.50363901
Trial #688,negative,0,1,0,0.489825581,0,1,0,0.514534884,0,1,0,0.502906977
Trial #689,negative,0,1,0,0.489114659,0,0,1,0.515239478,0,0,1,0.503628447
Trial #690,negative,0,0,1,0.489855072,0,0,1,0.515942029,0,1,0,0.502898551
Trial #691,positive,1,1,1,0.490593343,1,1,1,0.516642547,1,1,1,0.503617945
Trial #692,negative,0,1,0,0.489884393,0,1,0,0.515895954,0,1,0,0.502890173
Trial #693,positive,1,0,0,0.489177489,1,1,1,0.516594517,1,0,0,0.502164502
Trial #694,negative,0,0,1,0.489913545,0,1,0,0.515850144,0,1,0,0.501440922
Trial #695,negative,0,0,1,0.490647482,0,0,1,0.516546763,0,0,1,0.502158273
Trial #696,negative,0,1,0,0.489942529,0,0,1,0.517241379,0,1,0,0.501436782
Trial #697,positive,1,0,0,0.489239598,1,0,0,0.516499283,1,0,0,0.50071736
Trial #698,positive,1,0,0,0.488538682,1,1,1,0.517191977,1,0,0,0.5
Trial #699,positive,1,1,1,0.489270386,1,0,0,0.516452074,1,1,1,0.500715308
Trial #700,negative,0,1,0,0.488571429,0,0,1,0.517142857,0,0,1,0.501428571
Trial #701,positive,1,1,1,0.489300999,1,1,1,0.517831669,1,1,1,0.5021398
Trial #702,positive,1,1,1,0.49002849,1,1,1,0.518518519,1,0,0,0.501424501
Trial #703,positive,1,1,1,0.490753912,1,1,1,0.519203414,1,0,0,0.500711238
Trial #704,positive,1,0,0,0.490056818,1,1,1,0.519886364,1,1,1,0.501420455
Trial #705,positive,1,0,0,0.489361702,1,0,0,0.519148936,1,0,0,0.50070922
Trial #706,positive,1,0,0,0.488668555,1,0,0,0.518413598,1,0,0,0.5
Trial #707,negative,0,0,1,0.489391796,0,0,1,0.519094767,0,1,0,0.499292786
Trial #708,positive,1,1,1,0.490112994,1,1,1,0.519774011,1,0,0,0.498587571
Trial #709,positive,1,1,1,0.490832158,1,0,0,0.519040903,1,0,0,0.497884344
Trial #710,positive,1,1,1,0.491549296,1,1,1,0.51971831,1,1,1,0.498591549
Trial #711,negative,0,0,1,0.492264416,0,1,0,0.518987342,0,0,1,0.499296765
Trial #712,positive,1,0,0,0.491573034,1,0,0,0.518258427,1,0,0,0.498595506
Trial #713,positive,1,1,1,0.492286115,1,0,0,0.517531557,1,0,0,0.497896213
Trial #714,positive,1,1,1,0.492997199,1,0,0,0.516806723,1,0,0,0.49719888
Trial #715,positive,1,1,1,0.493706294,1,0,0,0.516083916,1,1,1,0.497902098
Trial #716,positive,1,0,0,0.49301676,1,0,0,0.515363129,1,1,1,0.498603352
Trial #717,positive,1,0,0,0.492329149,1,1,1,0.516039052,1,1,1,0.49930265
Trial #718,positive,1,1,1,0.493036212,1,0,0,0.515320334,1,1,1,0.5
Trial #719,positive,1,1,1,0.493741307,1,1,1,0.515994437,1,0,0,0.49930459
Trial #720,positive,1,1,1,0.494444444,1,1,1,0.516666667,1,0,0,0.498611111
Trial #721,negative,0,1,0,0.493758669,0,0,1,0.517337032,0,1,0,0.497919556
Trial #722,positive,1,0,0,0.493074792,1,0,0,0.516620499,1,1,1,0.498614958
Trial #723,positive,1,1,1,0.493775934,1,0,0,0.515905947,1,1,1,0.499308437
Trial #724,positive,1,0,0,0.493093923,1,1,1,0.516574586,1,0,0,0.498618785
Trial #725,positive,1,0,0,0.492413793,1,0,0,0.515862069,1,0,0,0.497931035
Trial #726,positive,1,1,1,0.493112948,1,1,1,0.516528926,1,1,1,0.49862259
Trial #727,positive,1,1,1,0.493810179,1,0,0,0.515818432,1,0,0,0.497936726
Trial #728,positive,1,1,1,0.494505495,1,1,1,0.516483517,1,0,0,0.497252747
Trial #729,positive,1,1,1,0.495198903,1,0,0,0.515775034,1,1,1,0.497942387
Trial #730,negative,0,0,1,0.495890411,0,0,1,0.516438356,0,0,1,0.498630137
Trial #731,positive,1,1,1,0.496580027,1,0,0,0.515731874,1,0,0,0.497948016
Trial #732,positive,1,1,1,0.49726776,1,0,0,0.515027322,1,1,1,0.49863388
Trial #733,positive,1,0,0,0.496589359,1,1,1,0.51568895,1,1,1,0.499317872
Trial #734,negative,0,0,1,0.497275204,0,0,1,0.516348774,0,1,0,0.498637602
Trial #735,negative,0,1,0,0.496598639,0,1,0,0.515646259,0,1,0,0.497959184
Trial #736,positive,1,0,0,0.495923913,1,0,0,0.514945652,1,1,1,0.498641304
Trial #737,positive,1,0,0,0.495251018,1,0,0,0.514246947,1,1,1,0.499321574
Trial #738,positive,1,1,1,0.495934959,1,1,1,0.514905149,1,0,0,0.498644986
Trial #739,negative,0,0,1,0.49661705,0,1,0,0.51420839,0,0,1,0.49932341
Trial #740,positive,1,1,1,0.497297297,1,1,1,0.514864865,1,1,1,0.5
Trial #741,positive,1,1,1,0.497975709,1,1,1,0.515519568,1,0,0,0.499325236
Trial #742,negative,0,0,1,0.498652291,0,1,0,0.514824798,0,0,1,0.5
Trial #743,positive,1,0,0,0.497981157,1,0,0,0.514131898,1,0,0,0.499327053
Trial #744,negative,0,1,0,0.497311828,0,1,0,0.51344086,0,0,1,0.5
Trial #745,positive,1,1,1,0.497986577,1,1,1,0.51409396,1,0,0,0.499328859
Trial #746,positive,1,0,0,0.497319035,1,1,1,0.514745308,1,1,1,0.5
Trial #747,positive,1,1,1,0.497991968,1,0,0,0.514056225,1,1,1,0.500669344
Trial #748,positive,1,1,1,0.498663102,1,0,0,0.513368984,1,1,1,0.501336898
Trial #749,positive,1,1,1,0.499332443,1,1,1,0.514018692,1,0,0,0.500667557
Trial #750,negative,0,0,1,0.5,0,0,1,0.514666667,0,0,1,0.501333333
Trial #751,positive,1,0,0,0.499334221,1,0,0,0.513981358,1,1,1,0.501997337
Trial #752,positive,1,0,0,0.498670213,1,1,1,0.51462766,1,1,1,0.502659575
Trial #753,positive,1,1,1,0.499335989,1,1,1,0.515272244,1,1,1,0.503320053
Trial #754,negative,0,0,1,0.5,0,1,0,0.514588859,0,0,1,0.50397878
Trial #755,negative,0,1,0,0.499337748,0,1,0,0.513907285,0,0,1,0.504635762
Trial #756,positive,1,1,1,0.5,1,1,1,0.514550265,1,1,1,0.505291005
Trial #757,negative,0,1,0,0.499339498,0,0,1,0.515191546,0,1,0,0.504623514
Trial #758,positive,1,1,1,0.5,1,0,0,0.514511873,1,1,1,0.505277045
Trial #759,positive,1,0,0,0.499341238,1,1,1,0.515151515,1,1,1,0.505928854
Trial #760,negative,0,0,1,0.5,0,0,1,0.515789474,0,1,0,0.505263158
Trial #761,positive,1,1,1,0.50065703,1,1,1,0.516425756,1,0,0,0.504599212
Trial #762,positive,1,0,0,0.5,1,0,0,0.515748032,1,0,0,0.503937008
Trial #763,negative,0,1,0,0.499344692,0,0,1,0.5163827,0,0,1,0.504587156
Trial #764,positive,1,1,1,0.5,1,1,1,0.517015707,1,0,0,0.503926702
Trial #765,negative,0,0,1,0.500653595,0,1,0,0.516339869,0,1,0,0.503267974
Trial #766,positive,1,0,0,0.5,1,1,1,0.516971279,1,0,0,0.502610966
Trial #767,positive,1,1,1,0.50065189,1,1,1,0.517601043,1,0,0,0.501955671
Trial #768,positive,1,1,1,0.501302083,1,1,1,0.518229167,1,0,0,0.501302083
Trial #769,negative,0,0,1,0.501950585,0,1,0,0.517555267,0,1,0,0.500650195
Trial #770,positive,1,0,0,0.501298701,1,1,1,0.518181818,1,0,0,0.5
Trial #771,positive,1,1,1,0.501945525,1,0,0,0.517509728,1,1,1,0.500648508
Trial #772,negative,0,0,1,0.502590674,0,1,0,0.516839378,0,1,0,0.5
Trial #773,positive,1,1,1,0.503234153,1,1,1,0.517464424,1,1,1,0.500646831
Trial #774,positive,1,1,1,0.503875969,1,1,1,0.518087855,1,0,0,0.5
Trial #775,positive,1,0,0,0.503225806,1,1,1,0.518709677,1,0,0,0.499354839
Trial #776,positive,1,1,1,0.503865979,1,1,1,0.519329897,1,0,0,0.49871134
Trial #777,negative,0,0,1,0.504504505,0,0,1,0.51994852,0,0,1,0.499356499
Trial #778,positive,1,0,0,0.503856041,1,0,0,0.519280206,1,1,1,0.5
Trial #779,negative,0,0,1,0.50449294,0,1,0,0.518613607,0,0,1,0.500641849
Trial #780,positive,1,1,1,0.505128205,1,1,1,0.519230769,1,0,0,0.5
Trial #781,positive,1,1,1,0.505761844,1,0,0,0.518565941,1,0,0,0.499359795
Trial #782,positive,1,1,1,0.506393862,1,0,0,0.517902813,1,0,0,0.498721228
Trial #783,negative,0,1,0,0.505747126,0,1,0,0.517241379,0,0,1,0.49936143
Trial #784,positive,1,1,1,0.506377551,1,1,1,0.517857143,1,0,0,0.49872449
Trial #785,positive,1,0,0,0.505732484,1,0,0,0.517197452,1,1,1,0.499363057
Trial #786,positive,1,1,1,0.506361323,1,1,1,0.517811705,1,0,0,0.498727735
Trial #787,negative,0,0,1,0.506988564,0,0,1,0.518424396,0,0,1,0.499364676
Trial #788,negative,0,1,0,0.506345178,0,0,1,0.519035533,0,1,0,0.498730965
Trial #789,positive,1,0,0,0.505703422,1,0,0,0.518377693,1,1,1,0.499366286
Trial #790,negative,0,1,0,0.505063291,0,1,0,0.517721519,0,1,0,0.498734177
Trial #791,positive,1,0,0,0.504424779,1,1,1,0.518331226,1,0,0,0.498103666
Trial #792,positive,1,0,0,0.503787879,1,0,0,0.517676768,1,1,1,0.498737374
Trial #793,positive,1,1,1,0.504413619,1,1,1,0.518284994,1,1,1,0.499369483
Trial #794,negative,0,1,0,0.503778338,0,0,1,0.518891688,0,0,1,0.5
Trial #795,positive,1,1,1,0.504402516,1,1,1,0.519496855,1,1,1,0.500628931
Trial #796,positive,1,1,1,0.505025126,1,0,0,0.518844221,1,0,0,0.5
Trial #797,negative,0,1,0,0.504391468,0,0,1,0.51944793,0,1,0,0.499372647
Trial #798,positive,1,0,0,0.503759398,1,0,0,0.518796993,1,1,1,0.5
Trial #799,positive,1,1,1,0.504380476,1,1,1,0.519399249,1,1,1,0.500625782
Trial #800,negative,0,0,1,0.505,0,0,1,0.52,0,1,0,0.5
Trial #801,positive,1,1,1,0.505617978,1,1,1,0.520599251,1,1,1,0.50062422
Trial #802,positive,1,0,0,0.504987531,1,1,1,0.521197008,1,1,1,0.501246883
Trial #803,positive,1,1,1,0.505603985,1,1,1,0.521793275,1,0,0,0.500622665
Trial #804,positive,1,1,1,0.506218905,1,1,1,0.52238806,1,1,1,0.501243781
Trial #805,positive,1,0,0,0.505590062,1,0,0,0.52173913,1,0,0,0.500621118
Trial #806,positive,1,1,1,0.506203474,1,0,0,0.521091811,1,0,0,0.5
Trial #807,positive,1,1,1,0.506815366,1,0,0,0.520446097,1,0,0,0.499380421
Trial #808,negative,0,0,1,0.507425743,0,0,1,0.521039604,0,0,1,0.5
Trial #809,negative,0,1,0,0.506798517,0,0,1,0.521631644,0,0,1,0.500618047
Trial #810,positive,1,1,1,0.507407407,1,0,0,0.520987654,1,1,1,0.501234568
Trial #811,negative,0,0,1,0.508014797,0,1,0,0.520345253,0,0,1,0.501849568
Trial #812,negative,0,0,1,0.50862069,0,0,1,0.520935961,0,1,0,0.501231527
Trial #813,positive,1,0,0,0.50799508,1,0,0,0.520295203,1,0,0,0.500615006
Trial #814,positive,1,1,1,0.508599509,1,0,0,0.51965602,1,0,0,0.5
Trial #815,positive,1,0,0,0.50797546,1,1,1,0.520245399,1,0,0,0.499386503
Trial #816,positive,1,1,1,0.508578431,1,0,0,0.519607843,1,0,0,0.49877451
Trial #817,positive,1,1,1,0.509179927,1,1,1,0.520195838,1,1,1,0.499388005
Trial #818,negative,0,0,1,0.509779951,0,1,0,0.519559902,0,0,1,0.5
Trial #819,positive,1,0,0,0.509157509,1,1,1,0.52014652,1,1,1,0.500610501
Trial #820,negative,0,1,0,0.508536585,0,0,1,0.520731707,0,1,0,0.5
Trial #821,negative,0,1,0,0.507917174,0,0,1,0.521315469,0,1,0,0.499390987
Trial #822,positive,1,0,0,0.50729927,1,1,1,0.52189781,1,1,1,0.5
Trial #823,positive,1,0,0,0.506682868,1,1,1,0.522478736,1,0,0,0.499392467
Trial #824,positive,1,0,0,0.506067961,1,0,0,0.52184466,1,0,0,0.498786408
Trial #825,positive,1,1,1,0.506666667,1,0,0,0.521212121,1,1,1,0.499393939
Trial #826,positive,1,1,1,0.507263923,1,1,1,0.521791768,1,1,1,0.5
Trial #827,negative,0,1,0,0.506650544,0,0,1,0.522370012,0,1,0,0.499395405
Trial #828,positive,1,0,0,0.506038647,1,0,0,0.52173913,1,1,1,0.5
Trial #829,positive,1,1,1,0.506634499,1,1,1,0.522316043,1,1,1,0.500603136
Trial #830,positive,1,1,1,0.507228916,1,1,1,0.522891566,1,1,1,0.501204819
Trial #831,negative,0,0,1,0.507821901,0,0,1,0.523465704,0,0,1,0.501805054
Trial #832,negative,0,0,1,0.508413462,0,1,0,0.522836539,0,1,0,0.501201923
Trial #833,positive,1,0,0,0.507803121,1,1,1,0.523409364,1,1,1,0.50180072
Trial #834,positive,1,1,1,0.508393285,1,0,0,0.522781775,1,0,0,0.501199041
Trial #835,positive,1,0,0,0.507784431,1,1,1,0.523353293,1,0,0,0.500598802
Trial #836,positive,1,0,0,0.507177033,1,0,0,0.522727273,1,1,1,0.501196172
Trial #837,negative,0,0,1,0.50776583,0,1,0,0.522102748,0,1,0,0.500597372
Trial #838,positive,1,1,1,0.508353222,1,1,1,0.522673031,1,1,1,0.501193317
Trial #839,positive,1,0,0,0.507747318,1,0,0,0.52205006,1,0,0,0.500595948
Trial #840,positive,1,0,0,0.507142857,1,0,0,0.521428571,1,0,0,0.5
Trial #841,negative,0,0,1,0.507728894,0,0,1,0.521997622,0,0,1,0.50059453
Trial #842,positive,1,1,1,0.508313539,1,1,1,0.522565321,1,1,1,0.501187649
Trial #843,positive,1,0,0,0.507710558,1,1,1,0.523131673,1,1,1,0.501779359
Trial #844,positive,1,1,1,0.508293839,1,0,0,0.522511848,1,1,1,0.502369668
Trial #845,negative,0,1,0,0.507692308,0,0,1,0.523076923,0,0,1,0.50295858
Trial #846,positive,1,0,0,0.507092199,1,1,1,0.523640662,1,0,0,0.502364066
Trial #847,positive,1,1,1,0.507674144,1,0,0,0.523022432,1,1,1,0.502951594
Trial #848,positive,1,1,1,0.508254717,1,1,1,0.523584906,1,0,0,0.502358491
Trial #849,negative,0,0,1,0.508833922,0,0,1,0.524146054,0,1,0,0.501766785
Trial #850,negative,0,0,1,0.509411765,0,0,1,0.524705882,0,1,0,0.501176471
Trial #851,negative,0,0,1,0.509988249,0,0,1,0.525264395,0,0,1,0.501762632
Trial #852,negative,0,0,1,0.51056338,0,0,1,0.525821596,0,1,0,0.501173709
Trial #853,negative,0,0,1,0.511137163,0,1,0,0.525205158,0,1,0,0.500586167
Trial #854,negative,0,1,0,0.510538642,0,1,0,0.524590164,0,0,1,0.50117096
Trial #855,positive,1,1,1,0.511111111,1,0,0,0.523976608,1,1,1,0.501754386
Trial #856,positive,1,0,0,0.510514019,1,1,1,0.52453271,1,1,1,0.502336449
Trial #857,positive,1,0,0,0.50991832,1,1,1,0.525087515,1,0,0,0.501750292
Trial #858,positive,1,1,1,0.51048951,1,0,0,0.524475525,1,0,0,0.501165501
Trial #859,positive,1,1,1,0.511059371,1,0,0,0.523864959,1,0,0,0.500582072
Trial #860,negative,0,0,1,0.511627907,0,0,1,0.524418605,0,1,0,0.5
Trial #861,positive,1,1,1,0.512195122,1,1,1,0.524970964,1,0,0,0.49941928
Trial #862,negative,0,1,0,0.511600928,0,0,1,0.525522042,0,0,1,0.5
Trial #863,negative,0,1,0,0.511008111,0,0,1,0.526071842,0,0,1,0.500579374
Trial #864,positive,1,1,1,0.511574074,1,1,1,0.52662037,1,0,0,0.5
Trial #865,positive,1,0,0,0.510982659,1,1,1,0.52716763,1,1,1,0.500578035
Trial #866,negative,0,1,0,0.51039261,0,1,0,0.526558892,0,1,0,0.5
Trial #867,positive,1,0,0,0.509803922,1,0,0,0.525951557,1,0,0,0.499423299
Trial #868,negative,0,0,1,0.510368664,0,0,1,0.526497696,0,0,1,0.5
Trial #869,negative,0,1,0,0.509781358,0,0,1,0.527042578,0,0,1,0.500575374
Trial #870,positive,1,1,1,0.510344828,1,0,0,0.526436782,1,1,1,0.501149425
Trial #871,negative,0,1,0,0.509758898,0,0,1,0.526980482,0,1,0,0.500574053
Trial #872,positive,1,0,0,0.509174312,1,1,1,0.527522936,1,0,0,0.5
Trial #873,negative,0,0,1,0.509736541,0,0,1,0.528064147,0,1,0,0.499427262
Trial #874,negative,0,0,1,0.510297483,0,1,0,0.527459954,0,0,1,0.5
Trial #875,negative,0,0,1,0.510857143,0,0,1,0.528,0,0,1,0.500571429
Trial #876,positive,1,0,0,0.510273973,1,0,0,0.52739726,1,1,1,0.501141553
Trial #877,positive,1,1,1,0.510832383,1,1,1,0.527936146,1,1,1,0.501710376
Trial #878,positive,1,0,0,0.510250569,1,0,0,0.527334852,1,0,0,0.501138952
Trial #879,positive,1,0,0,0.50967008,1,1,1,0.527872583,1,1,1,0.501706485
Trial #880,positive,1,1,1,0.510227273,1,0,0,0.527272727,1,0,0,0.501136364
Trial #881,negative,0,0,1,0.510783201,0,0,1,0.527809308,0,0,1,0.501702611
Trial #882,positive,1,1,1,0.511337868,1,1,1,0.528344671,1,1,1,0.502267574
Trial #883,negative,0,1,0,0.510758777,0,1,0,0.527746319,0,1,0,0.501698754
Trial #884,positive,1,0,0,0.510180995,1,0,0,0.527149321,1,0,0,0.501131222
Trial #885,positive,1,0,0,0.50960452,1,0,0,0.526553672,1,0,0,0.500564972
Trial #886,positive,1,1,1,0.510158014,1,1,1,0.527088036,1,0,0,0.5
Trial #887,negative,0,1,0,0.509582864,0,1,0,0.526493799,0,1,0,0.499436302
Trial #888,negative,0,0,1,0.510135135,0,0,1,0.527027027,0,1,0,0.498873874
Trial #889,positive,1,1,1,0.510686164,1,1,1,0.527559055,1,1,1,0.49943757
Trial #890,positive,1,1,1,0.511235955,1,0,0,0.526966292,1,0,0,0.498876405
Trial #891,positive,1,0,0,0.510662177,1,0,0,0.52637486,1,1,1,0.499438833
Trial #892,negative,0,0,1,0.511210762,0,1,0,0.525784753,0,1,0,0.498878924
Trial #893,negative,0,0,1,0.511758119,0,1,0,0.525195969,0,0,1,0.49944009
Trial #894,negative,0,0,1,0.512304251,0,0,1,0.525727069,0,0,1,0.5
Trial #895,negative,0,1,0,0.511731844,0,1,0,0.525139665,0,0,1,0.500558659
Trial #896,positive,1,1,1,0.512276786,1,0,0,0.524553571,1,0,0,0.5
Trial #897,positive,1,0,0,0.511705686,1,0,0,0.523968785,1,0,0,0.499442586
Trial #898,positive,1,1,1,0.512249443,1,0,0,0.523385301,1,0,0,0.498886414
Trial #899,negative,0,1,0,0.511679644,0,0,1,0.523915462,0,1,0,0.498331479
Trial #900,positive,1,1,1,0.512222222,1,0,0,0.523333333,1,0,0,0.497777778
Trial #901,negative,0,1,0,0.511653718,0,0,1,0.523862375,0,0,1,0.498335183
Trial #902,negative,0,1,0,0.511086475,0,0,1,0.524390244,0,0,1,0.498891353
Trial #903,positive,1,0,0,0.510520487,1,0,0,0.523809524,1,0,0,0.49833887
Trial #904,negative,0,1,0,0.509955752,0,1,0,0.523230089,0,0,1,0.498893805
Trial #905,positive,1,0,0,0.509392265,1,0,0,0.522651934,1,0,0,0.498342541
Trial #906,positive,1,1,1,0.509933775,1,0,0,0.522075055,1,1,1,0.498896247
Trial #907,positive,1,0,0,0.509371555,1,1,1,0.522601985,1,1,1,0.499448732
Trial #908,positive,1,1,1,0.509911894,1,0,0,0.522026432,1,0,0,0.498898678
Trial #909,positive,1,1,1,0.510451045,1,0,0,0.521452145,1,0,0,0.498349835
Trial #910,positive,1,0,0,0.50989011,1,0,0,0.520879121,1,0,0,0.497802198
Trial #911,positive,1,0,0,0.509330406,1,0,0,0.520307355,1,1,1,0.498353458
Trial #912,positive,1,1,1,0.509868421,1,0,0,0.519736842,1,0,0,0.497807018
Trial #913,negative,0,0,1,0.510405257,0,1,0,0.519167579,0,0,1,0.498357065
Trial #914,positive,1,1,1,0.510940919,1,0,0,0.518599562,1,1,1,0.498905908
Trial #915,positive,1,1,1,0.51147541,1,0,0,0.518032787,1,0,0,0.498360656
Trial #916,positive,1,1,1,0.512008734,1,0,0,0.517467249,1,1,1,0.498908297
Trial #917,negative,0,0,1,0.512540894,0,1,0,0.516902944,0,1,0,0.498364231
Trial #918,positive,1,1,1,0.513071895,1,0,0,0.516339869,1,0,0,0.497821351
Trial #919,positive,1,1,1,0.513601741,1,0,0,0.51577802,1,1,1,0.498367791
Trial #920,positive,1,0,0,0.513043478,1,0,0,0.515217391,1,1,1,0.498913044
Trial #921,positive,1,0,0,0.512486428,1,0,0,0.514657981,1,0,0,0.498371336
Trial #922,negative,0,1,0,0.511930586,0,0,1,0.515184382,0,0,1,0.498915401
Trial #923,positive,1,1,1,0.512459372,1,0,0,0.514626219,1,0,0,0.498374865
Trial #924,negative,0,0,1,0.512987013,0,0,1,0.515151515,0,0,1,0.498917749
Trial #925,positive,1,0,0,0.512432432,1,1,1,0.515675676,1,1,1,0.49945946
Trial #926,negative,0,1,0,0.51187905,0,0,1,0.516198704,0,1,0,0.498920086
Trial #927,negative,0,1,0,0.511326861,0,1,0,0.515641855,0,0,1,0.499460626
Trial #928,negative,0,0,1,0.511853448,0,1,0,0.515086207,0,0,1,0.5
Trial #929,negative,0,1,0,0.511302476,0,1,0,0.514531755,0,0,1,0.500538213
Trial #930,positive,1,1,1,0.511827957,1,1,1,0.515053763,1,1,1,0.501075269
Trial #931,negative,0,1,0,0.511278195,0,1,0,0.514500537,0,0,1,0.501611171
Trial #932,positive,1,1,1,0.511802575,1,1,1,0.515021459,1,1,1,0.502145923
Trial #933,positive,1,0,0,0.511254019,1,1,1,0.515541265,1,1,1,0.502679528
Trial #934,positive,1,0,0,0.510706638,1,0,0,0.514989293,1,0,0,0.502141328
Trial #935,positive,1,0,0,0.510160428,1,1,1,0.515508021,1,0,0,0.501604278
Trial #936,positive,1,1,1,0.510683761,1,0,0,0.514957265,1,1,1,0.502136752
Trial #937,positive,1,0,0,0.510138741,1,1,1,0.51547492,1,1,1,0.50266809
Trial #938,positive,1,1,1,0.510660981,1,1,1,0.515991471,1,1,1,0.503198294
Trial #939,negative,0,0,1,0.511182109,0,1,0,0.51544196,0,1,0,0.502662407
Trial #940,positive,1,0,0,0.510638298,1,0,0,0.514893617,1,0,0,0.50212766
Trial #941,positive,1,0,0,0.510095643,1,1,1,0.515409139,1,1,1,0.502656748
Trial #942,positive,1,1,1,0.510615711,1,1,1,0.515923567,1,1,1,0.503184713
Trial #943,positive,1,1,1,0.511134677,1,0,0,0.515376458,1,1,1,0.503711559
Trial #944,positive,1,1,1,0.511652542,1,0,0,0.514830509,1,1,1,0.504237288
Trial #945,negative,0,0,1,0.512169312,0,0,1,0.515343915,0,1,0,0.503703704
Trial #946,positive,1,0,0,0.511627907,1,1,1,0.515856237,1,1,1,0.50422833
Trial #947,positive,1,0,0,0.511087645,1,0,0,0.51531151,1,1,1,0.504751848
Trial #948,negative,0,0,1,0.511603376,0,0,1,0.515822785,0,1,0,0.504219409
Trial #949,positive,1,1,1,0.512118019,1,0,0,0.515279241,1,1,1,0.504741834
Trial #950,negative,0,0,1,0.512631579,0,0,1,0.515789474,0,0,1,0.505263158
Trial #951,positive,1,0,0,0.512092534,1,1,1,0.516298633,1,1,1,0.505783386
Trial #952,positive,1,1,1,0.512605042,1,0,0,0.515756303,1,0,0,0.505252101
Trial #953,negative,0,1,0,0.512067156,0,1,0,0.51521511,0,0,1,0.505771249
Trial #954,negative,0,0,1,0.512578616,0,0,1,0.51572327,0,1,0,0.50524109
Trial #955,negative,0,1,0,0.512041885,0,1,0,0.515183246,0,0,1,0.505759162
Trial #956,positive,1,0,0,0.511506276,1,0,0,0.514644352,1,1,1,0.506276151
Trial #957,positive,1,0,0,0.510971787,1,1,1,0.515151515,1,1,1,0.506792059
Trial #958,positive,1,1,1,0.511482255,1,0,0,0.514613779,1,1,1,0.507306889
