plane_0374.jp,1488,954,2391,3300,3837,7164,2010,7005,1638,213
plane_0075.jp,10569,9696,2322,1254,561,606,1389,2787,777,39
person_0583.jp,1275,7113,2991,2811,4239,3651,3960,1929,507,1524
person_0216.jp,198,4086,7527,5859,5244,3120,2505,768,306,387
person_0550.jp,4605,5271,3075,3387,5709,5385,1518,591,297,162
plane_0411.jp,129,888,3663,10137,6384,2118,1017,1197,2262,2205
person_0288.jp,2322,4431,1695,1821,1803,3279,4947,5472,3174,1056
person_0332.jp,4686,783,1287,2514,7128,4452,4512,2580,1707,351
person_0001.jp,9681,2310,2670,2868,3183,3807,2670,1434,921,456
person_0559.jp,5493,1017,1521,4290,2352,4809,5568,4461,414,75
person_0480.jp,2817,4032,2952,4458,4458,3540,4338,2379,783,243
person_0607.jp,7743,7653,5268,3741,2457,1641,1050,279,57,111
plane_0613.jp,627,1278,1395,1434,19563,1209,600,1035,1527,1332
plane_0016.jp,8529,3726,2586,1818,2142,1857,1650,2250,2529,2913
plane_0489.jp,2943,2148,696,8343,11952,318,363,609,789,1839
plane_0041.jp,1740,2805,4872,2580,2652,3162,4191,1536,1818,4644
plane_0285.jp,735,2211,2904,2172,1188,903,2430,14988,1374,1095
person_0053.jp,2664,1104,2019,2952,3732,5301,5382,4476,1116,1254
plane_0141.jp,405,1851,1899,1752,1905,15774,5718,423,120,153
plane_0422.jp,372,5016,8700,2556,2181,4947,1095,999,1257,2877
plane_0291.jp,2097,9342,8790,2268,2133,1290,987,948,1161,984
person_0682.jp,3147,2409,4317,3036,4068,3987,2571,1728,1047,3690
person_0226.jp,3594,5037,1128,2010,3945,6138,3066,1644,2172,1266
person_0325.jp,5760,1242,2208,1608,1788,2451,3189,4128,2859,4767
plane_0458.jp,669,1605,2274,2613,2625,5280,9828,2391,816,1899
person_0603.jp,4659,2085,3468,3879,6426,4707,3297,1215,228,36
person_0467.jp,11976,1629,2523,2418,2361,2583,2454,1710,1272,1074
person_0502.jp,2040,3786,4458,3840,2988,2460,2547,3744,2376,1761
person_0100.jp,6573,5484,5118,4050,3708,2817,1584,471,177,18
plane_0390.jp,2301,4272,5607,7209,2628,1074,708,1071,2442,2688
person_0101.jp,10191,2919,2397,2304,3204,4431,2850,828,345,531
plane_0275.jp,2772,1494,1308,1032,783,3993,15933,885,678,1122
person_0435.jp,6417,3912,1905,1956,3228,4749,3918,3132,714,69
person_0220.jp,4389,3348,2526,3981,4947,3684,4215,1848,426,636
person_0019.jp,1473,4122,3780,3987,2499,1854,1341,1413,1167,8364
person_0308.jp,2124,1506,1287,1545,3564,3828,7263,7398,585,900
person_0348.jp,327,3762,7065,7644,6669,3348,777,297,69,42
person_0213.jp,765,4041,3759,3414,4953,3750,2601,2211,2817,1689
plane_0420.jp,1083,7662,7470,2124,3138,1926,2058,1191,1515,1833
plane_0210.jp,495,1425,1719,2016,8682,8175,3024,678,1269,2517
person_0673.jp,5295,1785,2829,2319,2874,2985,3876,3927,2727,1383
plane_0392.jp,1032,3153,6861,9990,933,1455,1794,2064,2655,63
plane_0284.jp,555,5829,2217,1977,1341,2073,2742,9975,3195,96
plane_0091.jp,3786,2364,1959,5151,6381,2844,861,3006,3489,159
person_0601.jp,1497,2970,7629,5712,3108,2787,2409,1128,981,1779
plane_0401.jp,429,2004,2091,18300,732,753,846,873,1518,2454
plane_0506.jp,432,1452,1596,2562,18858,855,687,783,1032,1743
person_0610.jp,13623,3624,2196,2598,2817,2418,1659,864,135,66
person_0364.jp,5631,4737,5106,4569,3870,1659,2148,1230,435,615
plane_0674.jp,429,1086,1404,906,1149,19437,774,741,1071,3003
plane_0312.jp,3576,1233,1041,1668,10044,10035,1221,315,450,417
person_0372.jp,1989,2808,3705,3315,3132,1731,747,879,6885,4809
plane_0570.jp,2394,1371,906,843,1170,19569,693,642,639,1773
person_0398.jp,10443,1611,2277,3555,4257,3579,2316,870,354,738
plane_0277.jp,507,3048,2022,1470,2625,13635,5058,1167,393,75
person_0349.jp,3507,7482,3498,3051,2673,3279,1971,1371,1596,1572
plane_0517.jp,747,3141,1587,1056,699,1128,16620,2736,759,1527
person_0120.jp,5385,6261,4176,3198,2985,4344,2631,615,147,258
person_0078.jp,2538,3585,4977,3780,4155,4590,3747,1680,690,258
plane_0042.jp,813,1023,2367,1506,1770,3669,4797,5262,5466,3327
person_0608.jp,5817,7788,3096,2028,1689,1446,1563,2319,3444,810
plane_0185.jp,4083,1314,708,1179,5529,5097,4338,3789,3096,867
person_0280.jp,3795,5841,6729,3804,3873,2604,1809,1074,339,132
plane_0715.jp,1293,2076,2766,17967,600,309,318,348,900,3423
plane_0160.jp,669,1884,1263,1008,12741,3900,984,1896,2970,2685
person_0261.jp,2622,3819,2817,2421,2121,2544,2301,3138,5181,3036
person_0420.jp,657,1356,2859,5604,5736,3525,4914,4011,702,636
person_0515.jp,1785,4218,3639,10422,3813,2688,1992,1074,309,60
person_0694.jp,6264,3699,4956,5244,5169,2571,798,498,282,519
plane_0088.jp,2763,1275,1974,699,654,558,19434,1638,372,633
person_0538.jp,3228,2406,4155,4764,4485,3486,2946,3267,678,585
person_0611.jp,5253,3138,2583,3891,5310,8601,921,150,78,75
person_0666.jp,3543,1230,2304,2829,2460,2790,3717,4188,6393,546
plane_0232.jp,2892,2667,1239,1059,1095,795,1140,16797,2298,18
plane_0471.jp,381,2037,1620,2079,5976,9249,1116,1296,1602,4644
plane_0514.jp,1371,2061,1110,762,3108,16953,807,1026,897,1905
person_0278.jp,6147,2493,1920,2139,4233,3450,2919,2607,2124,1968
plane_0198.jp,3099,2226,873,1248,15747,3003,663,690,2043,408
person_0367.jp,1740,2085,5877,6789,3069,2241,1380,1617,3915,1287
person_0373.jp,4677,4026,3309,3501,2751,1884,1926,2415,3144,2367
person_0192.jp,2640,2829,3420,3585,4314,5838,3441,1041,621,2271
person_0009.jp,6252,7818,3558,3435,3807,1833,1416,1194,447,240
person_0469.jp,933,1182,1368,5031,6546,2928,3567,4290,2679,1476
person_0060.jp,5169,4587,2547,2544,2862,3063,3561,3186,1893,588
person_0217.jp,564,4368,4485,3159,3213,8256,3360,1164,666,765
plane_0572.jp,1662,4251,2058,597,426,543,19977,432,33,21
plane_0692.jp,495,1053,1599,2310,3333,13869,2199,1761,1563,1818
plane_0090.jp,1482,2394,2916,4698,5016,4350,6261,2424,441,18
person_0473.jp,7068,570,1089,1821,2250,3654,4854,5301,3135,258
person_0396.jp,1296,3198,3231,4005,4761,4539,1077,729,4254,2910
person_0140.jp,4686,2247,1716,2451,2685,3645,3813,3309,5130,318
person_0338.jp,1392,3135,3033,2220,3228,3180,2568,7002,3327,915
plane_0475.jp,711,3027,4179,3597,3834,5754,6108,999,852,939
plane_0051.jp,4257,3855,3147,2469,2283,4473,4338,3036,1878,264
person_0458.jp,633,1062,10908,3144,3741,7776,2376,282,51,27
plane_0039.jp,3126,1572,1398,1104,1500,1647,3069,2754,6330,7500
person_0543.jp,3795,3543,7986,2781,3123,3267,2106,2145,783,471
person_0282.jp,1311,2298,5829,3423,3288,3360,5655,4635,192,9
plane_0434.jp,771,5604,5631,4911,3120,2262,2061,1263,1749,2628
person_0252.jp,3513,3348,5877,4365,2664,2919,3000,2958,1155,201
plane_0591.jp,237,1326,1716,1509,6027,14403,840,957,1317,1668
person_0016.jp,2169,3210,1419,1353,7500,4533,3957,2340,1578,1941
person_0174.jp,5946,3513,1917,2589,3225,4353,5919,1209,993,336
person_0637.jp,6921,4422,4782,3558,2718,2547,2100,2010,738,204
plane_0087.jp,3369,5736,6420,3654,2199,1185,1668,1188,1980,2601
plane_0495.jp,1650,1596,1167,1011,19647,954,774,918,2049,234
person_0715.jp,1020,2850,2037,2310,2745,4344,3438,3039,3045,5172
plane_0227.jp,1095,2901,5394,3435,4356,6555,2088,1416,1125,1635
person_0647.jp,1665,2337,3981,5127,9480,3327,2112,1362,555,54
person_0008.jp,681,1548,2475,4515,6891,4329,2346,516,1917,4782
person_0572.jp,1419,1224,1167,1014,3468,4248,5088,6264,2097,4011
person_0073.jp,87,765,2034,3708,4029,4134,4566,4722,3675,2280
plane_0046.jp,1284,5691,8256,5388,2358,1161,1128,1038,1035,2661
person_0371.jp,2535,342,468,1524,4404,7143,5418,4611,3456,99
plane_0654.jp,675,918,4032,9222,5772,2796,1020,861,1047,3657
plane_0431.jp,660,3477,3609,2964,5502,4293,2907,1005,1362,4221
person_0598.jp,525,834,1500,3060,3519,4740,5616,6210,3852,144
plane_0304.jp,393,1518,1800,2580,6738,13899,828,921,993,330
plane_0721.jp,678,2403,1824,4695,13830,1146,699,801,1155,2769
plane_0724.jp,696,1755,1422,912,1185,18633,1218,1188,1008,1983
person_0675.jp,3531,6138,3069,2661,4692,6288,2535,297,531,258
person_0173.jp,3060,5166,2163,3450,2895,3735,3036,3063,2487,945
plane_0419.jp,876,6792,5664,5049,3312,1350,1380,1713,2727,1137
person_0392.jp,1518,1989,1731,1677,2202,5859,5679,3207,1437,4701
plane_0398.jp,1785,7008,10479,1191,1113,1713,1833,3831,1017,30
plane_0379.jp,2544,6894,5883,4182,3747,1890,2142,2247,423,48
person_0030.jp,1074,4593,3570,2496,2823,3417,4281,3120,2124,2502
person_0023.jp,7932,1935,1689,2118,3546,4344,3882,2424,1308,822
plane_0483.jp,837,13881,3963,1929,2394,1107,960,1002,1698,2229
person_0459.jp,4959,2553,2577,3480,3957,4260,1980,2076,2226,1932
plane_0554.jp,3324,1953,1107,1350,3936,15876,732,786,726,210
plane_0193.jp,1503,627,759,1854,6135,8694,3285,1944,2004,3195
person_0663.jp,4668,4785,3822,5835,3108,2511,2109,2301,819,42
person_0563.jp,1029,2175,2778,4470,5700,4881,3279,2328,2253,1107
person_0377.jp,4230,2640,3975,2142,7848,3744,1554,1014,1134,1719
plane_0315.jp,6153,3495,17784,1731,216,126,135,132,105,123
person_0298.jp,3093,5142,1746,2310,5673,4749,5409,1287,153,438
person_0193.jp,1449,2301,1467,2466,2310,5718,6672,5343,672,1602
plane_0108.jp,1359,1059,1557,1437,765,1032,18900,1905,1170,816
plane_0538.jp,288,1251,2211,1680,1677,14148,3297,2034,1956,1458
person_0687.jp,2949,4689,4596,3399,3483,3255,1887,2364,3009,369
person_0407.jp,216,2304,5676,2916,4926,3450,3012,4128,2946,426
plane_0344.jp,447,4716,4128,6780,4485,3408,2886,1248,465,1437
person_0574.jp,4935,3789,4248,4791,3456,2439,2472,2634,1110,126
person_0256.jp,3759,4437,5763,4911,3438,2868,1722,1365,933,804
person_0447.jp,3438,1608,6318,3549,5334,3270,2157,2232,1722,372
plane_0409.jp,1257,3846,6027,13005,882,948,801,1545,1668,21
person_0215.jp,3381,2019,2733,3015,3507,11169,1569,1227,312,1068
plane_0722.jp,1005,1980,1596,1425,1683,6429,14340,756,495,291
person_0505.jp,3681,2169,1818,2613,4419,4947,3720,5781,318,534
person_0128.jp,6060,1491,2046,5385,1794,2649,3069,4149,2835,522
plane_0375.jp,1758,2220,1851,885,786,7839,6093,6120,918,1530
plane_0004.jp,1728,2280,2622,1992,1680,1578,1758,1521,3912,10929
person_0537.jp,1236,2304,4197,2916,3357,4647,5205,3543,1401,1194
plane_0144.jp,2583,1125,804,1314,1503,1452,1131,14691,3012,2385
plane_0694.jp,3342,3810,2103,2964,4728,2169,2559,5256,1053,2016
person_0381.jp,4932,1473,6339,879,1911,3297,4791,3276,1584,1518
plane_0047.jp,3303,2349,6498,9735,4899,864,777,873,519,183
plane_0402.jp,1980,1824,1275,16893,1365,927,921,1503,2931,381
person_0375.jp,11094,4275,1584,1836,2097,2466,2256,1614,1560,1218
plane_0565.jp,3201,1599,993,693,597,849,16422,3891,1317,438
plane_0020.jp,906,1158,1611,2433,4071,4038,1257,1254,2349,10923
plane_0595.jp,2109,2421,1008,17847,2259,510,540,735,1233,1338
person_0646.jp,5196,4866,5049,3669,2565,2169,2493,2268,1380,345
person_0183.jp,3192,1431,1965,2301,3012,3189,2202,996,1161,10551
plane_0380.jp,801,3498,9186,9402,4554,1395,666,348,90,60
person_0394.jp,3537,4236,2013,2811,3822,4497,6357,2361,261,105
person_0713.jp,11832,3042,1401,1695,1704,2607,3582,2190,1578,369
person_0038.jp,1635,2436,4161,4230,3654,2979,4293,4071,1893,648
person_0413.jp,756,1695,3855,3876,5694,2523,777,2199,4536,4089
plane_0161.jp,252,1836,2898,3828,4011,4797,3546,3504,3633,1695
plane_0443.jp,1935,1923,1371,2445,16983,2223,1401,939,357,423
plane_0316.jp,1203,1893,2340,16467,3735,585,471,495,714,2097
plane_0568.jp,81,585,894,972,19785,906,1266,1977,1266,2268
plane_0712.jp,1452,3042,11379,8301,879,627,660,846,1095,1719
person_0076.jp,9648,4089,1827,3075,2247,1755,2094,2736,2217,312
plane_0368.jp,2361,3435,2082,1950,3312,3381,12396,612,402,69
person_0393.jp,7392,3840,1467,2043,2457,2346,2133,2448,2655,3219
plane_0208.jp,1755,2115,1170,5367,12693,1806,846,1077,1731,1440
plane_0135.jp,933,2547,4920,3297,2280,1440,1407,1761,1836,9579
plane_0036.jp,6288,2463,2322,2484,1641,1077,432,366,2103,10824
person_0037.jp,1401,1560,1317,3735,10386,7203,3408,114,147,729
plane_0450.jp,987,7836,7335,4860,894,873,1188,2727,2079,1221
person_0461.jp,1581,1065,1626,2880,3597,4185,4248,8829,1224,765
plane_0248.jp,318,4656,9756,2118,2307,5115,849,1203,1410,2268
plane_0463.jp,117,345,1107,1929,3477,15087,1686,1149,1398,3705
person_0678.jp,1458,3345,2619,2904,3741,5796,2667,348,360,6762
person_0536.jp,4686,2859,3042,3453,3558,4170,3957,3531,582,162
plane_0058.jp,4410,4257,7044,4437,2466,2394,2076,1677,1014,225
plane_0708.jp,585,2250,3576,5871,5979,8025,1794,1263,402,255
person_0204.jp,1791,3027,3753,3279,4026,3090,2286,4731,1830,2187
person_0305.jp,5244,4125,3537,3666,3624,4323,3429,1308,504,240
plane_0566.jp,1221,1965,972,927,10020,10878,1197,1014,1317,489
plane_0683.jp,2169,1563,1410,1575,1320,1656,2622,4422,9255,4008
person_0093.jp,4524,4266,3132,2592,2727,1998,2079,3264,3342,2076
plane_0239.jp,441,1914,3192,2148,12903,2370,981,1341,1644,3066
person_0361.jp,3564,5586,2604,2247,2769,3225,4440,3474,957,1134
person_0050.jp,5772,3474,3432,2355,2787,3795,3696,3162,1122,405
person_0696.jp,6969,6300,2862,4554,4098,2721,1668,336,240,252
plane_0037.jp,2592,1647,1020,729,987,1953,4005,3363,8586,5118
person_0354.jp,13461,4134,2697,2007,1788,1875,1539,1134,1170,195
plane_0642.jp,204,405,1485,4965,10383,4737,1503,666,879,4773
person_0058.jp,1284,2748,3168,12675,2892,1992,1776,1257,900,1308
plane_0211.jp,2583,3765,1956,1254,1701,3471,5409,7773,2052,36
plane_0406.jp,1191,2559,5835,8130,7566,1113,993,747,1737,129
plane_0542.jp,840,2028,3693,3873,6987,5730,2406,1671,2439,333
person_0517.jp,1236,1383,3036,4269,5172,5616,6513,2142,429,204
person_0337.jp,5946,1872,3252,3450,4560,4098,2235,1962,1713,912
plane_0197.jp,2871,1938,777,1230,4410,13143,903,831,1527,2370
person_0119.jp,4158,2154,2112,2913,7305,6645,3552,1041,75,45
person_0335.jp,2976,1119,1332,3489,5079,3501,3066,2793,5820,825
plane_0388.jp,3522,8154,3831,4161,2682,2514,2856,1629,495,156
person_0084.jp,12195,3858,2196,2643,2427,1599,1647,1764,1635,36
plane_0143.jp,4443,6738,8067,4035,2511,1956,1533,387,81,249
person_0519.jp,7488,2826,1587,3426,7089,4647,558,306,921,1152
person_0066.jp,9705,5313,2580,957,1104,1227,1230,1689,2238,3957
plane_0512.jp,1890,1776,1227,753,1005,8004,8724,4329,852,1440
plane_0534.jp,1983,2928,2370,1557,1257,2589,14637,804,756,1119
plane_0151.jp,600,1236,1530,2712,4218,7608,6081,3258,2127,630
plane_0695.jp,2553,1740,2028,3366,2301,4077,9888,1572,777,1698
plane_0609.jp,459,2097,1428,11970,8895,591,519,714,969,2358
person_0098.jp,2607,3354,1611,1197,1311,1932,2625,4146,7341,3876
plane_0394.jp,288,1590,13431,3849,1473,1740,2817,3633,1149,30
person_0330.jp,6219,1914,4116,4104,2127,3423,3237,2103,1704,1053
plane_0515.jp,1476,2457,1005,654,819,5559,8448,7389,804,1389
person_0250.jp,3603,1851,2235,5559,5055,4869,2289,1314,2217,1008
plane_0612.jp,1542,1887,1485,8391,12408,756,1146,1236,735,414
person_0664.jp,1431,2370,3810,2586,3240,4728,4767,4776,2085,207
plane_0541.jp,123,255,2391,4329,7845,6477,3171,1602,1179,2628
plane_0219.jp,2796,1587,1521,1635,18135,1437,1200,1263,285,141
person_0680.jp,174,651,2400,5658,7926,5835,3291,2478,1326,261
person_0403.jp,8073,4479,3690,2502,2106,2079,2043,2343,1827,858
person_0227.jp,2508,1182,4248,8544,4137,2568,2658,1944,1197,1014
plane_0384.jp,2139,8058,6060,6096,4926,1542,738,228,159,54
plane_0109.jp,2130,2484,2604,3984,4980,2526,3573,4209,2379,1131
person_0291.jp,3189,4023,3093,5271,3936,5055,3564,1338,420,111
plane_0067.jp,1668,7983,4245,2532,4296,1665,1938,2253,1518,1902
person_0630.jp,1422,2109,3198,5004,5883,2715,2379,3573,3225,492
plane_0110.jp,2805,5577,3813,3894,3267,3399,3357,1956,1638,294
plane_0301.jp,678,1794,3888,10686,3213,2160,1176,1209,1848,3348
person_0180.jp,324,705,4320,6792,5211,5280,3822,2628,717,201
person_0096.jp,11712,4272,1824,1344,1773,2442,4008,1974,444,207
person_0438.jp,7764,3276,2328,2688,5217,1866,2424,1680,1068,1689
plane_0145.jp,1074,1434,4044,9675,7452,5379,807,75,51,9
plane_0025.jp,1584,1134,2379,2208,4719,5463,3174,735,579,8025
person_0079.jp,1539,5154,5019,5238,5103,3831,2727,1242,135,12
plane_0396.jp,1104,2523,8994,9555,717,816,1161,1749,3006,375
person_0481.jp,6981,3198,3537,4065,3984,3288,2787,660,747,753
person_0545.jp,4371,5700,3195,2898,2985,2280,1863,1479,1797,3432
plane_0667.jp,597,1449,4461,7812,6774,3546,1164,1161,1518,1518
plane_0491.jp,3555,3009,933,6408,10221,552,684,921,1062,2655
person_0043.jp,3132,2544,3054,3183,4062,7977,3924,1326,309,489
person_0383.jp,1293,3600,2025,1902,3312,5370,8136,2577,747,1038
plane_0382.jp,4278,6177,12591,3858,1536,1077,360,93,15,15
person_0650.jp,5880,1170,1473,2499,3570,4908,4977,4011,1305,207
person_0547.jp,1605,1035,2742,4362,6459,4545,2844,699,492,5217
person_0286.jp,11517,4728,3294,2046,1929,2043,2286,1884,249,24
person_0472.jp,12516,2931,2625,3291,1320,1896,2643,1986,543,249
plane_0157.jp,366,924,1365,2565,4335,6969,7365,3261,1413,1437
person_0493.jp,5292,4746,5421,3303,2628,2268,1758,1092,1104,2388
person_0497.jp,3240,3039,2562,7269,4620,3297,540,642,1464,3327
plane_0137.jp,639,2796,1599,1032,993,1545,2079,636,16458,2223
plane_0365.jp,408,1131,1962,2253,2457,15885,1194,930,789,2991
person_0029.jp,1152,5715,8586,2208,2634,2871,2289,2061,1389,1095
person_0259.jp,6516,3759,2709,1032,2472,5547,4620,1353,690,1302
plane_0596.jp,3183,2910,1029,19002,819,558,465,525,1110,399
person_0161.jp,9864,2772,4617,2802,3141,2319,2085,1491,654,255
person_0490.jp,12750,1683,1431,1800,4020,5409,1581,747,207,372
plane_0709.jp,570,1563,4860,5256,4299,4080,3810,2337,2472,753
person_0665.jp,5781,5460,4980,4947,2637,1584,1887,1563,807,354
plane_0223.jp,2955,1326,600,702,18597,777,963,993,1035,2052
plane_0598.jp,438,2034,2382,13902,6717,981,753,726,1209,858
person_0639.jp,3108,3987,4140,1941,2175,3438,3927,3624,1833,1827
plane_0234.jp,1917,1785,4476,14082,1287,1002,924,1053,1725,1749
plane_0580.jp,1287,1485,2886,6234,3972,7296,1587,975,1254,3024
plane_0245.jp,411,5232,6114,1596,2208,9657,1023,1230,1233,1296
person_0099.jp,1929,2091,5883,3066,3168,4482,5076,3489,747,69
plane_0263.jp,1251,3936,5601,4509,2253,1965,2817,3876,3111,681
plane_0461.jp,1677,1260,2862,1935,2820,2373,5529,8610,1323,1611
plane_0530.jp,1998,2118,1254,1170,1440,1293,12696,6411,387,1233
person_0685.jp,3792,3162,7122,3534,6102,4782,1236,153,84,33
person_0718.jp,3615,9498,1080,1362,3303,3966,2883,1620,1935,738
plane_0092.jp,1491,2130,4479,11841,3069,1185,1395,1482,1479,1449
plane_0662.jp,174,531,2436,8202,7269,4998,2085,1050,984,2271
plane_0576.jp,294,2358,1794,2805,2874,8361,3828,1905,1947,3834
plane_0551.jp,1509,2289,3918,4155,2586,3159,3669,1545,1836,5334
plane_0022.jp,816,657,1170,1542,2091,2826,12117,6372,1353,1056
plane_0010.jp,2487,3057,3393,2808,3222,1032,525,1473,8391,3612
person_0427.jp,4758,2604,1956,2472,3342,3948,3612,1752,759,4797
person_0051.jp,3591,3396,3267,2583,3117,3054,2904,1902,636,5550
plane_0367.jp,273,810,2337,2409,2991,12141,2061,1065,1422,4491
person_0644.jp,6672,3741,3180,2496,3441,4704,3456,975,882,453
plane_0171.jp,1155,2202,3639,2403,1947,1986,13866,729,912,1161
person_0476.jp,9561,1917,2154,1113,1482,2775,2997,4254,3246,501
plane_0358.jp,468,2073,1983,2013,14709,2379,1452,912,945,3066
person_0303.jp,378,777,3213,4362,7365,5604,4602,2100,672,927
plane_0670.jp,456,3339,3873,5523,7365,3273,1815,1005,816,2535
person_0374.jp,2778,4368,1659,1728,3207,3573,3258,2262,4515,2652
person_0221.jp,5493,2748,2430,2961,3102,4800,5346,2322,444,354
plane_0158.jp,1758,1041,1542,5094,4956,6753,5301,1350,1833,372
person_0169.jp,2403,4104,1185,1692,2325,2832,2892,2076,6525,3966
plane_0490.jp,1473,1701,1239,19278,2319,453,423,426,504,2184
person_0514.jp,312,867,3345,4158,4206,3702,5103,3924,3228,1155
plane_0295.jp,1137,1803,1794,4521,15831,1899,621,654,807,933
person_0049.jp,3429,2817,5586,5100,5451,4011,2037,993,360,216
person_0159.jp,4059,3336,4467,3876,4347,3855,3237,1758,825,240
person_0289.jp,7053,5901,2052,1572,2145,2787,3810,3249,783,648
person_0295.jp,4422,3288,1137,7698,1989,2940,2928,3129,1137,1332
plane_0209.jp,2958,1602,669,837,13131,3861,2361,1551,1095,1935
plane_0064.jp,1971,954,2715,5439,5682,5625,3408,1275,1536,1395
plane_0412.jp,162,1491,3114,1935,1371,14412,3381,2118,1599,417
plane_0057.jp,675,1809,2760,3678,2796,5397,5919,2493,1608,2865
person_0345.jp,723,1191,1341,1785,2106,2889,4785,5859,3666,5655
person_0385.jp,1812,2640,9285,5451,3933,2460,1803,1653,696,267
plane_0584.jp,933,867,849,1707,6795,4149,9699,3675,537,789
plane_0150.jp,924,3156,3807,2958,7020,2133,2262,4368,1587,1785
plane_0663.jp,195,2574,2646,9756,9033,3699,1395,450,213,39
plane_0677.jp,693,1125,738,507,570,17985,2856,1410,2055,2061
person_0356.jp,1560,1869,1662,4494,3609,3291,6003,3693,2493,1326
person_0434.jp,2751,1437,2709,4509,5823,6018,4617,1464,477,195
person_0277.jp,2034,2985,3753,3249,3714,3759,3444,3462,2502,1098
plane_0657.jp,81,438,2307,7356,5190,5022,3726,4530,990,360
plane_0241.jp,618,1956,801,3144,7215,10116,1224,852,1389,2685
person_0424.jp,948,1851,1443,2769,6975,6675,5538,2382,705,714
person_0057.jp,14079,3153,2052,1920,2097,2115,2079,1332,1011,162
plane_0341.jp,1335,2937,2583,6867,8241,1494,918,831,840,3954
person_0368.jp,3417,3963,6114,4824,3012,2367,1929,960,822,2592
plane_0015.jp,8361,3831,2595,2250,2052,1893,2112,2178,2295,2433
person_0074.jp,108,282,1179,3768,5661,6774,5991,4026,2007,204
person_0522.jp,600,2475,4629,3270,6408,3285,2508,4281,2364,180
plane_0535.jp,669,4104,2433,876,951,7746,10947,849,639,786
person_0292.jp,6648,5985,2382,2046,1716,1890,2235,2931,2562,1605
plane_0049.jp,5298,1701,1998,2856,4344,4887,4221,1722,1371,1602
plane_0202.jp,459,957,1446,2685,15933,780,750,675,1443,4872
plane_0522.jp,372,1833,2694,1851,8970,2784,4950,5247,1188,111
plane_0084.jp,225,693,1962,5397,6510,6738,5772,2208,348,147
person_0285.jp,12618,2139,1272,1098,975,1212,2187,2622,3999,1878
person_0631.jp,4539,2166,2202,3684,4782,4881,3633,2844,1068,201
plane_0297.jp,531,651,2382,11754,7296,1830,1080,945,1290,2241
person_0254.jp,2283,2565,2595,2637,3276,2778,3219,3132,1353,6162
plane_0521.jp,234,1464,1821,1896,1830,18768,1500,870,771,846
plane_0436.jp,585,6738,8331,4620,4113,1626,1038,945,1314,690
plane_0279.jp,942,2940,1419,915,828,1182,5115,16473,150,36
person_0428.jp,141,789,1143,2196,5970,7005,6270,4470,1686,330
plane_0689.jp,798,2541,4392,2352,2532,2619,2292,636,6768,5070
plane_0487.jp,603,939,1824,7185,4950,5097,5166,2121,1065,1050
person_0072.jp,2310,2979,2787,1722,3030,2742,2814,4341,4884,2391
plane_0536.jp,1977,1530,1161,1068,1545,1644,8364,11631,534,546
person_0709.jp,4428,2163,1410,1938,5877,2943,2952,5583,2286,420
person_0408.jp,720,1005,1605,5373,3870,4503,4680,2427,369,5448
person_0131.jp,4251,7191,4995,2052,2118,2028,2235,2286,2427,417
person_0002.jp,7329,1911,2763,3072,2880,2271,2781,3096,2946,951
plane_0115.jp,759,4947,3963,4392,4638,6480,1602,945,837,1437
person_0362.jp,2355,4053,4770,3513,2916,4170,4128,1758,1224,1113
person_0265.jp,4662,4971,1599,1599,2676,4722,4599,3621,615,936
plane_0289.jp,621,2283,4227,16029,984,792,936,645,828,2655
plane_0290.jp,885,1614,6741,4392,5772,6060,3147,606,438,345
plane_0220.jp,2730,1395,1470,1749,18984,1347,1182,771,210,162
plane_0602.jp,135,609,1425,20184,1674,690,684,906,1527,2166
person_0363.jp,1428,2259,3897,3912,4503,3414,3216,1659,1632,4080
person_0379.jp,9474,1461,963,1650,2028,2967,4452,4371,1503,1131
person_0162.jp,1605,3795,7164,3717,2847,1707,1413,1158,3675,2919
person_0405.jp,1716,1716,3981,3315,3789,3240,2481,3093,3660,3009
person_0360.jp,9840,4953,4314,3501,2772,2148,1563,540,306,63
plane_0006.jp,2601,1704,1296,1002,732,702,825,7023,11097,3018
plane_0607.jp,2799,1956,1320,17865,885,666,744,1251,960,1554
person_0488.jp,10848,1764,1266,1812,2085,1872,3075,2820,2937,1521
person_0535.jp,2934,2361,3786,4059,3915,3603,3375,2379,2943,645
plane_0624.jp,147,1302,2409,4959,14361,843,786,1050,1413,2730
person_0243.jp,1854,2922,3627,5223,5220,3591,3684,2001,1002,876
person_0585.jp,1713,4425,2982,2742,3087,3942,3177,3162,1353,3417
person_0196.jp,1455,2646,3717,2970,2001,11688,1650,906,912,2055
person_0039.jp,5925,3573,5550,3000,2829,3117,1779,1164,1674,1389
plane_0066.jp,1380,1482,4539,2334,1257,1281,1692,5634,9240,1161
plane_0105.jp,993,1401,2271,7545,6732,6129,2010,1650,873,396
person_0387.jp,4044,1608,1518,1908,3927,5622,4416,2505,2175,2277
plane_0518.jp,2187,2385,1170,738,12774,6381,1815,945,507,1098
plane_0272.jp,1062,3768,2862,2007,3297,3600,4224,4104,1851,3225
plane_0184.jp,4008,1491,5829,1698,1170,4317,6153,2838,1998,498
plane_0448.jp,204,741,1062,5820,14673,1053,921,1155,1212,3159
plane_0671.jp,1875,3732,6672,5322,3627,1956,990,1140,1917,2769
plane_0217.jp,2772,1875,1821,1455,15279,4515,855,810,291,327
plane_0182.jp,8775,2097,1161,1428,4854,4170,3393,1431,1284,1407
plane_0660.jp,60,126,369,3201,9354,6396,3075,1560,1293,4566
plane_0435.jp,495,7008,4443,6942,4197,1707,1416,1476,1482,834
person_0596.jp,1101,1416,2844,4053,4860,4833,4851,4614,978,450
person_0642.jp,1221,1884,2406,2598,4050,4554,4794,4176,1656,2661
person_0000.jp,1533,1737,4329,4578,3222,3747,3744,4941,1737,432
plane_0230.jp,2877,1449,891,1371,1071,981,1116,2757,16854,633
person_0627.jp,1323,3228,3561,2655,9474,2313,2358,2784,1452,852
plane_0664.jp,1617,1728,3204,7839,6801,2802,1860,1332,1929,888
person_0094.jp,2181,3066,1185,1755,4509,4908,1725,2232,1041,7398
plane_0465.jp,345,828,1035,1950,2466,10170,7218,1998,1320,2670
plane_0068.jp,2787,4737,3258,2325,4320,3036,2223,1710,1929,3675
person_0578.jp,1134,3729,4896,5961,1722,3312,1827,1110,3144,3165
plane_0626.jp,573,1611,2163,8433,12537,621,687,669,864,1842
plane_0466.jp,837,1992,1131,819,813,19962,843,516,651,2436
person_0104.jp,6933,4308,2775,5304,2826,1911,1476,1575,2094,798
person_0523.jp,840,999,7212,5967,1410,1584,3303,4455,3645,585
plane_0180.jp,1596,2382,3303,3105,4113,6387,2523,1158,2364,3069
plane_0327.jp,906,2334,5004,1788,1758,8256,2676,1038,1458,4782
person_0177.jp,1491,2535,6438,2115,6369,6942,2559,273,396,882
plane_0334.jp,882,2682,2046,1290,858,18468,1296,294,564,1620
plane_0126.jp,324,2142,3915,7818,4371,3099,3768,2076,1059,1428
plane_0011.jp,1350,1623,1872,2793,2163,6366,7485,2004,1143,3201
plane_0095.jp,693,6804,11034,1899,921,1086,1332,2889,3009,333
plane_0502.jp,336,1659,2433,1497,17736,690,666,891,1302,2790
person_0442.jp,2031,2382,7737,3414,3597,4164,2469,2229,1698,279
person_0444.jp,2796,2550,8922,6456,2703,1392,1419,1596,1419,747
plane_0621.jp,474,1098,5190,5238,6297,3054,4167,1806,741,1935
plane_0177.jp,10659,3198,3948,5952,4368,816,429,342,249,39
plane_0500.jp,2334,1815,1437,873,18519,813,777,936,882,1614
plane_0072.jp,2769,4128,4350,3396,5247,1638,1569,2400,4305,198
person_0621.jp,2820,2379,3402,3309,3153,4593,6243,3492,243,366
plane_0167.jp,468,1458,2523,3693,3678,3150,4563,3753,5781,933
person_0346.jp,1761,1854,3081,2844,5703,6063,4287,2916,705,786
plane_0335.jp,339,1116,1329,1344,2397,16242,3480,1200,951,1602
person_0521.jp,12219,1218,4182,5568,1638,1458,1449,717,576,975
person_0477.jp,1776,4677,6630,4770,3357,2979,2502,1800,771,738
person_0153.jp,10221,3372,1677,1086,1740,1908,2664,3285,2868,1179
person_0222.jp,1959,9723,3897,3048,4308,3810,2019,747,276,213
person_0313.jp,2436,3021,3144,3051,3018,8064,3051,3006,690,519
person_0082.jp,576,3381,6171,3087,5427,8424,1815,147,312,660
person_0605.jp,6714,5130,4533,1269,1791,2523,3678,3177,984,201
plane_0562.jp,1506,1713,1035,19962,1017,1308,1170,1458,735,96
plane_0055.jp,528,1317,2418,1188,1143,957,1227,7149,11598,2475
person_0107.jp,1224,3105,2922,2826,3486,3033,3825,3300,2724,3555
plane_0008.jp,2211,2463,6921,4476,4302,2838,1773,1209,1512,2295
plane_0720.jp,1986,2259,1287,825,768,3078,7050,9291,3087,369
person_0301.jp,1017,4416,3342,1752,2631,2874,5658,3924,1431,2955
plane_0170.jp,1275,2208,2319,3051,1749,12813,2742,1587,1170,1086
person_0634.jp,1542,1704,2787,2916,3972,2979,1086,378,330,12306
plane_0083.jp,849,2169,2655,3408,7218,7263,4050,921,1110,357
person_0703.jp,108,1227,1953,1566,3111,3420,3513,2025,477,12600
person_0409.jp,1044,1935,3111,6192,8178,3894,2256,2001,1287,102
person_0658.jp,5631,1176,2343,2478,1683,2145,3705,5886,3429,1524
plane_0473.jp,1269,1392,879,1557,5238,14082,1026,1011,753,2793
person_0013.jp,5865,3783,3717,3897,2601,3330,2583,1995,1731,498
person_0686.jp,2178,9453,3012,2466,2142,1995,1989,2295,2322,2148
person_0341.jp,7503,2859,2178,1881,2145,2790,3312,3897,2727,708
plane_0187.jp,6384,945,552,468,471,525,690,4764,10134,5067
plane_0027.jp,3672,1452,1158,1098,990,1821,13662,4695,471,981
plane_0076.jp,10350,8382,3066,3051,1608,1356,1461,426,0,300
person_0042.jp,549,3042,3831,4080,3912,2565,2958,2721,2202,4140
person_0240.jp,1260,1740,1689,5586,6930,5922,3537,1668,1359,309
plane_0445.jp,2244,1503,1632,2283,17358,819,675,915,2535,36
person_0562.jp,210,2076,1800,3084,5010,6702,5772,3009,1605,732
person_0318.jp,8895,3474,3831,2403,2538,1695,1503,2577,2154,930
plane_0086.jp,1410,1161,3573,6864,7407,5538,2385,768,699,195
person_0238.jp,3936,2421,3711,4122,6165,4512,2658,969,480,1026
person_0400.jp,1596,2040,3978,5181,8046,4602,3003,996,312,246
plane_0305.jp,897,6501,6066,5463,2850,2640,2583,1344,1359,297
person_0323.jp,1500,3036,3948,4116,5295,4704,4443,1677,561,720
person_0584.jp,561,885,2175,4095,5256,6366,4815,4020,1515,312
plane_0166.jp,144,1509,1620,2262,2337,8502,9024,2655,1005,942
plane_0679.jp,1296,5376,9249,4977,2871,2217,1860,1701,399,54
plane_0268.jp,5226,1026,678,573,657,15684,1323,1233,1701,1899
plane_0212.jp,2343,1332,717,495,2220,3693,4482,9972,1302,3444
person_0589.jp,480,2517,3534,2610,2994,3945,4425,4395,3126,1974
person_0219.jp,4290,2910,1857,3024,4053,4854,2616,579,2841,2976
plane_0116.jp,3396,10155,4191,5160,1257,777,834,1074,1338,1818
plane_0288.jp,345,951,1287,17412,1026,966,801,1002,1512,4698
person_0580.jp,294,930,1788,3114,3006,2178,4125,2364,3624,8577
person_0558.jp,2790,5157,3039,4056,6102,3966,2769,1968,60,93
plane_0258.jp,762,1377,2529,21579,813,657,609,534,471,669
plane_0632.jp,1419,1521,1344,6885,13812,720,966,981,1503,849
plane_0099.jp,927,2814,5148,4629,5070,5106,2838,1467,1353,648
person_0089.jp,4779,2934,4302,5400,4434,2181,1770,1374,1344,1482
plane_0616.jp,642,4251,2463,1779,18522,507,444,333,363,696
plane_0387.jp,942,2958,13878,6942,2307,2022,687,147,66,51
person_0022.jp,5424,2037,1980,2526,3066,1929,717,759,759,10803
person_0181.jp,2079,5937,2460,3048,4239,4428,3561,2079,927,1242
plane_0499.jp,2055,1818,945,867,19002,1044,963,1029,750,1527
person_0380.jp,2412,3822,4362,3306,3729,4515,3618,1767,1350,1119
person_0509.jp,537,5952,4290,6546,3597,2544,1653,1758,1245,1878
plane_0056.jp,102,453,1062,3837,6147,9582,2322,1824,2355,2316
plane_0601.jp,498,2166,1605,17229,2838,894,744,756,666,2604
person_0389.jp,7938,1746,1887,2505,3090,2784,2379,4494,2757,420
person_0329.jp,6045,2001,2604,3399,6183,5019,3780,672,198,99
person_0382.jp,462,1623,3120,2787,3159,4395,4191,4458,3993,1812
person_0530.jp,2907,5649,2433,2979,3918,5226,5559,858,342,129
person_0604.jp,615,2007,4416,6294,5937,3102,2460,1602,1848,1719
plane_0462.jp,549,1851,1287,1605,5844,11460,1125,1260,1122,3897
plane_0100.jp,1893,1605,1542,1047,1047,1458,1089,7635,10140,2544
plane_0128.jp,408,1575,1758,1230,1380,1419,18903,1359,1308,660
plane_0481.jp,339,2130,4701,4839,2544,1854,3792,6735,2361,705
person_0302.jp,1953,864,1464,4044,5265,9630,3183,1002,1056,1539
plane_0583.jp,762,1008,2271,4032,3279,6717,8166,852,876,2037
plane_0174.jp,1365,1350,1440,834,1026,1302,3774,16629,1878,402
plane_0469.jp,1167,1617,1152,1332,2454,15357,906,1101,1083,3831
plane_0582.jp,1632,2148,2007,20616,825,516,438,369,1101,348
plane_0257.jp,219,1560,2913,9498,12900,519,486,372,522,1011
person_0568.jp,348,1290,1884,2268,3873,5064,5520,3837,3033,2883
person_0645.jp,6189,2691,2451,1884,3909,6075,1686,1674,2748,693
plane_0078.jp,3519,2835,3963,6867,4986,2874,2844,654,1158,300
plane_0355.jp,63,639,1548,2547,4032,15831,1521,1026,1479,1314
person_0189.jp,585,456,474,2145,3291,3552,4890,10167,3207,1233
person_0172.jp,3306,7044,1668,5715,6870,3456,945,285,492,219
plane_0206.jp,786,1437,1605,1803,12612,6885,1023,747,1326,1776
plane_0658.jp,45,1428,5205,9576,5514,2136,1212,1104,1146,2634
plane_0659.jp,846,1284,2613,6375,6261,3750,3075,1122,1146,3528
person_0207.jp,11808,306,909,1989,3330,4950,2643,1824,1053,1188
person_0064.jp,4044,5208,4146,2601,3255,3987,4134,1674,747,204
person_0527.jp,1248,2019,3483,6045,6201,5775,2922,1173,423,711
person_0411.jp,2769,4737,3069,2646,3576,3612,3267,2475,2061,1788
person_0464.jp,10590,1689,999,1428,2754,3558,4941,3531,435,75
person_0209.jp,441,669,1476,4245,5727,7296,4866,1089,1158,3033
plane_0625.jp,165,2256,2727,1296,18171,810,786,933,885,1971
plane_0085.jp,1401,5343,7902,6045,2739,2796,2007,1146,453,168
person_0237.jp,3942,2631,4644,5133,6342,3477,1656,1233,759,183
plane_0544.jp,117,1287,1866,3777,8376,3054,1932,2829,1884,4878
plane_0339.jp,1104,2289,4974,5676,6315,5265,1308,618,447,2004
person_0615.jp,2445,573,522,1314,3000,3519,3891,3744,4614,6378
plane_0485.jp,744,2502,3504,4575,5850,2202,2298,3219,2307,2799
plane_0527.jp,135,657,2949,2661,1902,3552,3846,5040,4899,4359
plane_0124.jp,1413,1353,1773,2520,4539,4368,5997,2778,1476,3783
person_0628.jp,495,1212,3213,5193,6330,4863,3456,2727,1908,603
plane_0342.jp,162,1275,1326,2955,8244,9993,1314,960,969,2802
person_0412.jp,3060,2862,1893,2187,3954,4278,4005,2457,4584,720
person_0316.jp,1539,6234,9618,5991,3126,1926,948,309,138,171
person_0494.jp,3294,5961,8427,7215,3186,876,360,519,135,27
person_0723.jp,3237,5469,7464,2787,1680,2088,2115,2037,2286,837
person_0044.jp,10824,2613,1926,2301,3675,4080,3012,609,240,720
plane_0439.jp,1836,927,1005,3471,16350,1173,966,930,1767,1575
person_0423.jp,894,4218,5838,4425,3843,3111,2592,2091,1881,1107
plane_0059.jp,1806,4188,3549,5688,3870,3726,1929,1824,1368,2052
plane_0498.jp,1464,2874,1206,930,17502,2034,795,750,930,1515
person_0116.jp,5718,2445,1557,1698,1929,2910,4359,4170,4230,984
plane_0371.jp,486,1335,1887,2313,1932,14877,1296,783,1137,3954
plane_0564.jp,3240,1527,714,612,15513,3993,921,1086,1719,675
person_0200.jp,1410,2196,3771,3417,3879,2982,4437,2502,1233,4173
plane_0363.jp,369,1128,1812,2718,3753,13947,1287,795,1188,3003
plane_0693.jp,489,1272,2013,1734,2046,13989,4725,2685,510,537
person_0077.jp,627,1320,2919,5163,6498,5826,2445,2139,1560,1503
plane_0244.jp,321,7566,9522,1626,1722,2091,1311,1173,1356,3312
plane_0148.jp,2100,5643,7281,5034,4644,2274,1059,930,891,144
person_0512.jp,5316,4200,3639,3324,2613,2367,2361,2514,1797,1869
plane_0589.jp,513,2325,2286,8475,9819,2319,651,864,1116,1632
plane_0648.jp,2316,2568,3531,2448,7059,5574,4155,1347,657,345
plane_0096.jp,3390,10665,5901,4392,2430,2058,777,288,66,33
plane_0494.jp,2976,2148,1263,1167,5682,13935,357,267,405,1800
plane_0192.jp,1668,558,714,846,1731,8937,14445,795,90,216
plane_0413.jp,495,4245,6477,3804,3210,9006,1878,648,186,51
person_0695.jp,4995,3186,2280,2490,2685,3588,3894,999,825,5058
person_0124.jp,9192,3750,2220,3291,3255,3258,2652,1398,381,603
plane_0168.jp,342,870,2772,4146,6468,7473,4521,1662,1089,657
plane_0012.jp,3096,2232,1020,939,1368,4539,7620,5613,3021,552
person_0317.jp,669,2397,3072,2832,3426,4611,5409,4431,2700,453
person_0474.jp,7059,8625,2310,717,771,1236,1884,3582,3735,81
plane_0204.jp,603,2535,2577,4329,4995,10803,1935,1548,549,126
plane_0700.jp,864,2541,3144,2226,1893,1230,1992,15516,255,339
plane_0081.jp,4605,4656,4656,4500,3633,3690,1356,966,963,975
person_0636.jp,5784,3288,3624,3240,3276,2556,2139,2451,2763,879
plane_0418.jp,1683,2349,3093,6459,3795,9390,1296,576,810,549
person_0460.jp,1197,3150,2637,3303,4026,5874,5523,3411,627,252
person_0194.jp,5880,2319,2469,5478,7167,3174,1053,444,300,1716
plane_0675.jp,954,1512,1170,789,840,19026,864,669,828,3348
person_0139.jp,327,1233,4494,3363,4611,5382,4197,3117,2256,1020
plane_0189.jp,1056,324,984,2517,3642,5082,3048,2445,8535,2367
person_0129.jp,2742,756,1077,2046,3018,7854,7071,2091,1017,2328
plane_0218.jp,3933,984,990,957,19575,1401,939,867,279,75
plane_0073.jp,7635,3969,4080,2583,1266,1395,1611,2034,4359,1068
person_0573.jp,1782,1359,1764,4473,6288,3774,2328,1302,2562,4368
person_0279.jp,2505,7392,2103,897,3297,3174,3975,3351,2301,1005
person_0231.jp,7350,4125,3195,3336,2583,3426,3939,1353,429,264
plane_0178.jp,1383,2448,3189,3321,4818,7488,1437,1134,2067,2715
plane_0324.jp,588,1788,1179,1887,5646,5238,4086,2502,2682,4404
plane_0103.jp,1116,10902,4341,4785,2772,1944,1224,1020,1782,114
plane_0228.jp,522,3111,5181,2670,3546,5277,5208,2316,1062,1107
plane_0685.jp,1287,1968,1836,1287,2241,4917,5043,10866,516,39
person_0701.jp,177,1029,2199,5718,7254,6576,3252,2076,1206,513
plane_0001.jp,4152,1308,2358,1548,969,975,678,1638,6423,9951
person_0157.jp,234,816,2310,3669,3771,4404,4185,3087,1710,5814
person_0083.jp,7458,3687,2133,2076,3000,4206,3441,2292,1311,396
plane_0005.jp,1569,3636,5679,6660,4563,2037,1527,1062,861,2406
person_0358.jp,2259,4878,5811,5850,5817,2862,897,213,108,1305
person_0188.jp,1938,2181,2346,2715,4644,7434,4020,1821,1905,996
plane_0300.jp,2670,4971,3924,5424,4545,3216,1410,909,756,2175
person_0245.jp,1803,1764,8979,3660,2793,3879,4092,2325,621,84
plane_0292.jp,1569,5331,7383,4272,3738,1980,1326,1791,1560,1050
person_0492.jp,6174,4191,3054,2529,2103,2577,2814,3327,2046,1185
person_0369.jp,1986,9591,3159,3738,1923,2001,2838,2619,1347,798
person_0710.jp,4284,2898,1335,1368,2094,2544,2643,3789,8334,711
person_0175.jp,2430,3807,3564,2685,3222,3729,5172,2241,2526,624
person_0491.jp,3087,5925,1887,1185,1104,1518,1992,3354,5961,3987
person_0333.jp,13236,2574,2067,2856,3516,2292,1947,867,318,327
person_0267.jp,6315,3402,2532,4137,5256,3387,1290,2382,780,519
person_0272.jp,3360,5007,2367,3000,3513,6708,3291,1137,660,957
person_0504.jp,1062,1731,1614,3027,6129,7044,6180,2511,447,255
plane_0676.jp,2391,1692,1527,702,771,5469,16647,651,126,24
person_0520.jp,726,2268,1626,3630,5814,6306,4341,2085,1311,1893
plane_0003.jp,3138,2619,4113,2058,888,987,1047,2604,7881,4665
plane_0061.jp,4326,2076,2559,1662,732,528,540,1143,14025,2409
person_0600.jp,864,3768,2250,1857,3426,3987,2757,2445,1497,7149
plane_0635.jp,5907,1923,1488,1290,15330,498,384,414,624,2142
person_0132.jp,2883,2685,4764,4155,2667,3891,1875,6114,864,102
plane_0357.jp,252,1308,3219,3423,5535,10617,1890,1887,1005,864
person_0141.jp,3237,2277,2796,3699,6942,2664,2994,2535,2232,624
person_0457.jp,930,1419,1800,6264,4878,3747,3930,4020,2535,477
person_0528.jp,6729,1722,2553,3180,5472,3804,4230,789,390,1131
person_0293.jp,1161,1545,1179,1569,3168,4455,5448,7626,3027,822
plane_0467.jp,318,819,3144,6768,5049,4797,3858,1371,1329,2547
plane_0414.jp,2430,2220,1512,1389,17193,2301,786,1056,849,264
person_0625.jp,2016,1179,2490,3546,4599,5067,3594,2754,1965,2790
plane_0630.jp,2841,1785,801,7443,11964,696,843,996,981,1650
person_0211.jp,6336,2838,2886,2319,3786,4587,3753,3051,189,255
person_0388.jp,9846,1632,1218,1473,2688,4584,4224,2379,1173,783
plane_0520.jp,2154,2811,1251,2211,17355,1158,762,711,477,1110
plane_0127.jp,1287,2604,1194,906,951,18360,1839,747,1596,516
plane_0252.jp,4038,3273,4134,1587,4677,7551,1167,963,1302,1308
plane_0269.jp,885,3474,6900,7278,2124,1431,2352,2358,2058,1140
plane_0391.jp,1182,2565,7944,4986,3096,6201,1227,1302,1194,303
plane_0242.jp,2889,3684,7308,3102,1266,4653,6495,366,147,90
plane_0035.jp,2970,1311,1257,993,1698,1851,1818,618,531,16953
plane_0026.jp,963,1833,1599,1071,1248,2220,1593,5034,13572,867
person_0609.jp,4029,2937,1974,1842,2262,3948,5451,4521,2448,588
person_0103.jp,1695,1494,1983,4596,5412,4035,3498,2244,2562,2481
plane_0531.jp,450,1842,1998,2115,1788,15462,3582,735,693,1335
plane_0669.jp,879,5412,8463,2952,4251,1788,936,1092,1170,3057
person_0121.jp,5331,7371,3411,2793,3117,3618,2274,1275,414,396
person_0588.jp,1455,3594,4401,1941,2010,2271,4083,6258,2886,1101
person_0436.jp,4317,6111,5073,5583,2496,2265,2583,1422,57,93
plane_0112.jp,4629,4965,2775,2655,2490,2241,1482,4116,3933,714
person_0567.jp,1542,3075,2823,3135,4137,4239,6063,3372,1080,534
plane_0452.jp,816,858,8133,7227,3939,2280,2481,1866,849,1551
person_0471.jp,3255,2043,2376,3270,2769,2379,2937,5085,4566,1320
person_0429.jp,8844,5982,3138,1488,1308,1110,1500,1890,2643,2097
person_0667.jp,795,3729,3294,3870,3537,4566,4047,2382,2457,1323
plane_0261.jp,1092,3984,8691,8580,3072,990,900,1851,657,183
plane_0221.jp,3639,876,801,1014,16761,4902,1308,399,234,66
person_0068.jp,12162,4980,3072,1482,1746,1722,2964,1464,123,285
plane_0140.jp,660,2931,2916,2145,1254,1503,13836,4410,222,123
person_0560.jp,7761,3390,1647,1806,1998,2622,4629,2580,417,3150
person_0063.jp,816,8610,3366,3714,3237,4038,3744,1332,495,648
plane_0526.jp,1875,1803,1185,633,933,1077,6483,9738,4737,1536
person_0010.jp,3528,3432,3288,2631,4023,3312,1911,921,1182,5772
plane_0146.jp,1605,1302,3000,8562,9033,4515,1362,351,210,60
person_0555.jp,372,9522,5943,3474,3075,2394,1548,1137,927,1608
person_0340.jp,507,1251,3690,6675,7647,4908,3021,447,237,1617
plane_0726.jp,1482,2199,1332,1098,969,17601,1782,768,978,1791
plane_0033.jp,4752,3036,3069,4083,2271,2085,942,369,528,8865
person_0668.jp,10923,2505,1452,1788,2334,6039,3231,1044,402,282
plane_0225.jp,411,2466,2793,4617,6021,4356,6126,942,1008,1260
person_0088.jp,3492,5184,4080,3240,2733,3741,3840,2358,543,789
person_0499.jp,2895,1536,1017,3345,3978,6246,6759,3477,222,525
person_0234.jp,4575,4323,4332,3768,2340,2829,3048,2406,951,1428
plane_0397.jp,774,7038,9510,1143,1323,1968,2223,4611,1392,18
plane_0264.jp,2547,2532,4515,5631,6417,2742,1083,816,1767,1950
person_0017.jp,5055,3213,5328,3738,2769,1791,1275,3075,2292,1464
person_0722.jp,3711,4983,10482,4650,1542,1233,1137,801,510,951
plane_0191.jp,2556,693,732,1617,16662,3120,1713,1722,1134,51
plane_0169.jp,5577,5157,5058,2661,2841,4011,2706,894,651,444
plane_0510.jp,174,576,1755,2040,4794,16962,942,732,783,1242
plane_0719.jp,2784,1365,600,2511,9945,6300,2013,993,1119,2370
person_0556.jp,1596,1419,2922,6060,4965,5478,3924,453,192,2991
plane_0235.jp,1236,3741,6837,10365,1455,966,1173,969,1029,2229
plane_0649.jp,1374,1536,1812,3807,8721,5532,4245,927,858,1188
person_0263.jp,2064,3279,4359,4437,4506,3081,2787,1833,1911,1743
person_0143.jp,369,624,966,2922,3279,2565,9585,2016,1506,6168
plane_0432.jp,624,1458,9288,4200,3879,3942,963,1026,1272,3348
person_0297.jp,3408,7014,957,1872,3195,4485,4851,2592,1563,63
person_0071.jp,4902,3141,5271,4536,1770,2106,2736,3852,1485,201
plane_0309.jp,2541,2871,1596,1383,19194,525,486,468,396,540
plane_0259.jp,2202,2316,2004,5397,14457,1704,408,573,342,597
person_0018.jp,5769,4641,3168,2814,3051,4632,4104,1500,246,75
plane_0153.jp,429,1569,1929,2088,5172,7698,3144,4392,3096,483
person_0258.jp,4143,3030,5313,9138,5370,1164,249,297,690,606
person_0185.jp,3768,3342,1530,1662,2121,3864,6213,3375,3240,885
person_0416.jp,4335,4077,5274,4983,3414,2061,1434,1689,1881,852
plane_0255.jp,2325,4095,1560,624,7800,8907,645,735,927,2382
person_0111.jp,141,483,2649,5442,6585,3327,3342,3837,2874,1320
plane_0546.jp,1950,2901,2430,4140,3597,5505,3498,1020,987,3972
plane_0611.jp,168,1317,2223,11970,8604,639,783,1086,1218,1992
person_0055.jp,6081,1350,1563,1983,4464,4998,3033,891,1251,4386
person_0681.jp,1509,1542,561,1059,3120,6444,3948,2418,9180,219
plane_0356.jp,60,378,1197,2739,5808,14253,1746,1278,1158,1383
plane_0321.jp,1662,1566,1893,5010,7677,4323,3978,2454,642,795
person_0575.jp,3870,6585,3666,4035,5034,2913,1635,1377,807,78
person_0529.jp,4017,5109,7143,4473,2508,2427,2106,1098,450,669
plane_0065.jp,282,624,3420,13896,3213,2166,1791,1746,1710,1152
plane_0610.jp,363,1671,2430,16737,3168,609,684,804,891,2643
plane_0606.jp,477,1569,1053,21930,771,543,504,438,807,1908
plane_0251.jp,201,2778,10962,4638,1476,1668,2055,1155,1551,3516
plane_0265.jp,1653,3879,6444,8724,2694,999,1107,1620,1830,1050
person_0171.jp,3840,8640,1968,1290,1695,2589,3927,4641,1173,237
person_0115.jp,294,1149,6120,7047,5226,5691,2847,804,198,624
plane_0372.jp,564,5346,2847,1581,675,600,402,396,7650,9939
plane_0618.jp,819,4554,3162,2430,2388,2871,3021,6471,4026,258
plane_0638.jp,894,1626,2034,2757,17700,867,633,780,900,1809
plane_0138.jp,5943,4107,4278,3246,4152,5319,2808,111,27,9
plane_0573.jp,390,1158,1383,1704,2169,1500,20406,393,426,471
plane_0200.jp,354,1593,5316,6060,5340,3399,1938,1812,2496,1692
plane_0574.jp,450,1542,1020,2097,2301,912,19776,537,561,804
person_0410.jp,9375,4389,2493,2865,1878,2109,2673,2304,1263,651
person_0451.jp,204,1278,2679,4992,6357,3921,2631,3096,2286,2556
person_0324.jp,8250,2553,4176,2337,2352,3444,3873,1485,336,1194
person_0127.jp,2052,3375,4719,2469,2922,3132,4044,3684,1092,2511
plane_0605.jp,2601,2640,984,17532,600,654,939,1548,1287,1215
plane_0102.jp,5574,6243,2586,2244,2655,2601,2154,3039,2820,84
plane_0698.jp,1575,3429,5526,3273,5202,3663,3093,1887,2238,114
person_0432.jp,3972,3075,3225,3909,6729,4659,2799,1386,204,42
person_0638.jp,4752,5016,4335,4374,2535,1986,2895,2718,1218,171
person_0561.jp,465,1050,1827,3069,5367,7392,5214,2463,2820,333
plane_0262.jp,1179,1905,2436,2844,6816,6651,2598,1707,1458,2406
plane_0493.jp,2466,3675,921,762,16761,627,591,642,972,2583
person_0439.jp,2781,2049,3138,3156,3213,9753,2952,2274,498,186
person_0629.jp,4539,1800,1356,2427,4626,5361,3057,1458,432,4944
person_0470.jp,4449,4002,4260,3324,2562,2877,3747,3315,1332,132
person_0247.jp,231,381,1017,2034,2454,3075,3612,6060,5721,5415
person_0691.jp,9069,3573,2004,2289,3474,4347,2058,1221,825,1140
person_0698.jp,2901,2148,1887,1836,2475,4182,4386,5838,3360,987
person_0205.jp,8031,2481,3255,4119,3870,3537,2928,1524,138,117
plane_0007.jp,4395,2517,1449,1167,1494,1920,3549,3774,8397,1338
plane_0071.jp,555,1611,3432,7350,6624,2844,2511,1641,2247,1185
plane_0704.jp,258,981,1371,2955,7011,6330,8211,1140,1308,435
person_0501.jp,1206,2409,1923,1890,3807,5391,4269,8202,870,33
plane_0340.jp,867,1413,1548,4185,8472,8325,1248,1014,729,2199
plane_0416.jp,1224,3381,1587,9489,10674,537,549,738,1029,792
person_0347.jp,1428,1056,1833,2688,3483,4236,5340,5256,3777,903
plane_0424.jp,273,3906,9183,3114,3651,4476,1857,1227,1752,561
plane_0018.jp,4770,4806,1704,975,1041,894,10890,1500,1065,2355
plane_0034.jp,4752,1398,1893,1932,1248,2133,3033,2172,1737,9702
plane_0133.jp,903,3135,11970,6120,1629,639,963,2889,1707,45
person_0606.jp,4413,2175,1761,2001,5346,4485,1947,3336,1164,3372
plane_0360.jp,39,468,2205,3249,4941,11472,1563,753,1311,3999
person_0294.jp,3447,2934,2643,8808,3243,3009,2472,2661,744,39
plane_0579.jp,1218,1767,2445,1182,831,645,702,20442,366,402
person_0198.jp,705,1356,1026,1236,8688,5043,4938,1740,609,4659
plane_0680.jp,2013,1281,591,900,1767,3639,6321,11256,1881,351
person_0566.jp,255,1218,1668,2619,4503,5457,5865,3657,2613,2145
person_0253.jp,6294,4299,1191,1401,3561,5247,5403,1659,339,606
person_0336.jp,5127,2466,3723,5214,4524,2550,1941,2115,1800,540
person_0269.jp,2544,3963,3006,3588,4488,3969,2319,1197,1242,3684
plane_0691.jp,267,1251,5286,4674,3342,4338,3747,4665,1509,921
plane_0665.jp,792,1926,2991,4857,6546,8859,2298,1152,486,93
person_0274.jp,3759,2886,3282,3411,2550,11181,2037,357,273,264
person_0498.jp,1641,1695,5229,7593,2805,3039,3966,2856,402,774
plane_0152.jp,1584,6870,6261,3822,3564,2823,1788,1143,1542,603
person_0669.jp,10716,1401,996,1212,1833,1944,2175,4749,4833,141
plane_0190.jp,3795,657,180,744,747,2394,4101,2799,7452,7131
person_0422.jp,3510,4512,3120,2145,2013,2592,2685,4881,4119,423
plane_0615.jp,57,585,1389,2904,8715,13899,1368,975,75,33
person_0500.jp,3351,4659,1392,4665,6564,5256,2916,600,465,132
plane_0470.jp,573,1062,2118,3393,10062,5619,708,942,1446,4077
plane_0136.jp,1638,2649,10947,4800,3756,5700,363,111,21,15
plane_0114.jp,261,1278,2049,7329,6492,6159,3075,2736,417,204
person_0287.jp,1509,5760,3789,3414,3645,1866,2436,3513,3039,1029
person_0618.jp,7668,3441,2571,2316,1758,2496,2289,2547,3294,1620
plane_0044.jp,4050,1332,1731,3363,5361,4512,3690,2088,1626,2247
plane_0303.jp,5235,6531,7785,5580,1686,717,678,972,639,177
person_0065.jp,11295,4923,2163,2190,3135,3702,2172,288,90,42
person_0176.jp,7425,4458,2433,3927,3798,1815,1437,2454,1920,333
plane_0364.jp,222,1623,1734,1323,1476,14427,3183,1644,1161,3207
person_0391.jp,11547,2301,2457,2385,1635,1515,1188,1806,2799,2367
plane_0330.jp,375,672,972,3360,11442,2976,3021,4008,1287,1887
person_0544.jp,468,6267,8439,2118,1479,1329,2268,2916,2766,1950
person_0510.jp,1578,4857,3387,6093,4914,3666,2469,1077,864,1095
plane_0697.jp,2430,1344,4254,6066,5031,2982,1653,1389,1842,3009
plane_0451.jp,792,1014,4314,9813,3492,2211,2133,2874,1086,2271
plane_0681.jp,972,1719,1380,1449,3777,5499,8586,3504,1566,1548
plane_0121.jp,1626,5151,7665,4977,3567,2322,1638,972,1344,738
person_0635.jp,48,117,417,1776,3600,5493,4557,13353,561,78
person_0712.jp,3909,1821,3156,6804,5439,2613,1596,1479,2454,729
person_0479.jp,648,1020,2394,4254,5232,9144,3372,1308,1173,1455
person_0370.jp,4980,6480,4596,5964,4113,2025,996,465,291,90
plane_0123.jp,1389,2433,2682,1536,1041,924,2757,16005,744,489
person_0191.jp,90,663,2418,4386,4122,4887,1860,2478,1707,7389
plane_0524.jp,1773,2661,1278,978,3540,13755,2949,897,993,1176
plane_0556.jp,1173,2979,1755,1545,7833,11682,879,609,483,1062
plane_0369.jp,159,621,1290,2058,3531,8454,11532,1122,678,555
person_0342.jp,3450,1014,1938,4656,5760,7389,2676,1791,876,450
plane_0622.jp,273,1689,1881,3354,17256,840,813,1050,1128,1716
plane_0479.jp,450,2772,2676,15111,5631,396,276,315,696,1677
person_0661.jp,3945,5577,4764,1779,1890,2307,4752,3354,906,726
person_0300.jp,9990,2124,1584,1440,2454,4224,5205,2646,243,90
plane_0426.jp,1194,1140,9048,3981,3099,5535,1650,1230,1656,1467
person_0425.jp,5664,1791,3108,2601,3276,4419,3915,3234,570,1422
plane_0346.jp,1791,3270,1827,2487,1845,804,777,1611,5397,10191
plane_0306.jp,129,1485,2412,1593,1224,20253,1497,645,642,120
person_0651.jp,528,3117,4056,2358,2106,4413,6480,4947,1536,459
plane_0299.jp,1125,4416,5718,6678,7152,1287,705,444,399,2076
plane_0540.jp,471,2094,2214,1710,1944,17112,969,846,855,1785
person_0525.jp,7905,2265,4242,4431,3420,3888,2115,981,171,582
plane_0249.jp,492,2337,10416,6522,1641,1710,2172,1056,1032,2622
plane_0688.jp,162,537,1803,2991,2688,4929,2457,12834,891,708
plane_0317.jp,660,3636,1926,9906,8682,747,828,774,840,2001
plane_0399.jp,792,1227,20694,921,747,879,1311,2508,894,27
plane_0528.jp,177,825,3078,2067,1995,15771,3114,669,1035,1269
person_0433.jp,2697,5970,1704,1560,1650,2946,3810,9393,198,72
person_0404.jp,1737,1251,2598,2553,3021,3255,3051,4755,3813,3966
plane_0453.jp,939,2994,8553,3786,8625,1494,1707,1323,411,168
plane_0031.jp,2547,888,1044,1092,1230,846,1215,2328,11514,7296
plane_0196.jp,3072,1746,915,993,5349,11973,2706,834,1404,1008
person_0711.jp,2106,3561,2493,2628,2739,1986,2859,3387,3594,4647
person_0012.jp,1074,3486,4671,3285,2670,2994,4536,4779,1590,915
person_0485.jp,9480,2769,1905,2601,3009,3768,2013,2070,1863,522
plane_0549.jp,1902,1830,1317,1266,1647,7722,9525,906,861,3024
person_0105.jp,5826,5865,5643,3291,1920,1479,1677,1806,1938,555
person_0421.jp,957,735,1866,5289,4938,9168,3822,2547,642,36
plane_0699.jp,198,4128,10761,4599,924,606,957,1221,1485,5121
plane_0336.jp,693,8319,3888,2517,3063,4110,4314,672,558,1866
plane_0614.jp,1140,1323,2199,2271,17343,2373,903,714,633,1101
person_0353.jp,3552,4041,6273,3318,1785,2163,2727,3225,1593,1323
person_0102.jp,4776,3756,4365,3183,2667,2733,2001,1809,3432,1278
person_0579.jp,63,873,3603,6036,5361,2574,1614,1962,7653,261
person_0465.jp,4956,8553,3606,2070,2145,2400,2979,2526,726,39
plane_0017.jp,2775,2577,3093,2091,1233,843,1236,4197,8436,3519
plane_0599.jp,1536,4257,2346,2787,17805,909,180,81,60,39
person_0003.jp,2694,3903,5508,5298,4248,3306,2490,1410,813,330
plane_0243.jp,1314,5019,3888,3033,5832,4359,1188,1362,1908,2097
plane_0486.jp,309,1830,3195,3471,3369,9564,2520,2715,1740,1287
plane_0600.jp,555,1731,1968,14631,3972,3153,513,363,630,2484
person_0014.jp,309,2613,3063,8631,5739,6615,2856,159,6,9
person_0643.jp,3387,2454,2577,2343,4608,3996,3597,4626,1710,702
person_0594.jp,606,1707,4320,2694,4425,4233,3804,2976,1809,3426
person_0108.jp,5301,1485,1464,2097,2664,3573,6462,5109,1419,426
plane_0287.jp,453,1407,2502,17790,1827,1263,1482,2079,600,597
person_0496.jp,5763,2691,4062,4974,6261,1782,819,1251,1305,1092
person_0075.jp,1830,1821,3858,4566,5430,6540,4032,1131,486,306
person_0233.jp,3021,1992,1146,3387,4110,5064,6939,2700,645,996
plane_0120.jp,1041,3609,6258,5397,5049,2286,2124,1554,1638,1044
plane_0519.jp,330,900,1365,4812,17448,753,567,939,999,1887
person_0623.jp,6447,2763,4332,2562,5001,4638,2139,318,300,1500
plane_0188.jp,8841,582,432,312,369,2433,2124,3744,4467,6696
person_0326.jp,3444,4245,3717,4035,5967,3666,3375,1170,264,117
person_0456.jp,546,2523,4290,7170,4680,3543,3444,3156,441,207
person_0659.jp,6321,1677,1527,2472,2922,3390,3117,5910,267,2397
plane_0623.jp,489,4035,2406,1965,17667,744,414,507,711,1062
plane_0053.jp,1578,1719,1752,3171,7170,6648,4404,2133,1149,276
person_0236.jp,4557,3753,6690,3750,5970,2622,606,432,729,891
person_0069.jp,7491,2076,2949,3702,3726,3054,3756,2580,315,351
plane_0513.jp,219,777,1065,1941,17580,3024,960,972,1404,2058
plane_0293.jp,1098,9093,9276,4665,2583,1035,546,414,510,780
plane_0254.jp,402,5619,10245,3444,2562,4788,930,825,750,435
plane_0325.jp,750,1599,1476,1485,3492,6624,2199,2790,7953,1632
plane_0278.jp,1233,2889,1695,966,5055,12972,3006,1113,876,195
plane_0080.jp,3870,5067,9069,5139,879,459,522,1005,2433,1557
plane_0496.jp,1677,1728,1926,1428,19206,759,753,1302,1101,120
plane_0214.jp,300,2664,2649,1764,1692,5355,2877,5943,4017,2739
plane_0619.jp,1875,3732,4596,3993,2940,3447,5166,3582,585,84
plane_0446.jp,693,1572,2652,16266,951,1080,1431,2199,1569,1587
person_0045.jp,1782,2178,13776,2733,2583,2091,1356,1428,1287,786
person_0339.jp,4554,3348,1398,3351,4683,4476,4065,1629,453,2043
plane_0134.jp,339,2388,4218,4518,3738,2958,2043,8499,1023,276
plane_0477.jp,306,1386,3519,12876,2595,2151,1761,1437,1578,2391
person_0026.jp,2061,3018,1980,2109,1971,3225,5829,6180,2964,663
person_0414.jp,1380,2178,1878,2460,3768,5241,7836,4038,993,228
plane_0060.jp,5100,867,1173,1518,1197,1413,7551,8367,1206,1608
person_0031.jp,6522,4968,2079,1626,1362,1404,1806,1959,1851,6423
person_0081.jp,309,1710,4980,5343,9846,5655,972,504,90,591
plane_0532.jp,180,603,1341,2064,2790,4563,16866,675,474,444
person_0117.jp,1083,2316,2952,2760,2607,2559,2379,2796,10101,447
plane_0129.jp,858,996,840,1773,2031,6633,13308,2538,942,81
person_0705.jp,1128,1800,4392,1749,2826,4014,3810,2436,7179,666
person_0268.jp,14523,2256,2154,1782,1629,1560,2184,2145,1281,486
person_0378.jp,402,1401,1785,2913,3663,4383,3276,10590,1524,63
person_0151.jp,318,1227,2727,6912,4380,2988,4308,4563,1947,630
plane_0021.jp,129,318,1320,3147,4668,1716,1413,1134,819,15336
person_0418.jp,2244,3021,2514,3045,4665,5700,5172,1659,1005,975
person_0679.jp,3051,1932,2523,6159,4461,3459,3432,2991,1497,495
plane_0350.jp,723,2175,2214,2457,3915,5070,2139,4731,5166,1410
plane_0557.jp,1161,2673,2529,2121,17298,870,918,1059,879,492
plane_0454.jp,204,738,1413,2754,6786,3618,8235,4089,813,1350
person_0212.jp,5619,4704,5349,2823,2739,2541,1935,2307,1374,609
person_0557.jp,5721,1149,2070,3261,4089,3936,4431,3117,1563,663
plane_0142.jp,1770,1650,4479,8697,3708,2616,2739,2895,1404,42
plane_0474.jp,183,1344,3294,5262,11193,840,1065,1107,1467,4245
plane_0457.jp,1902,8145,4821,3834,2658,2055,810,1050,846,3879
person_0554.jp,213,4239,5187,6912,5406,3621,2172,1359,543,348
plane_0400.jp,1344,5298,12102,1290,1782,1377,1374,3132,2283,18
person_0025.jp,13977,3567,2091,2292,2508,2502,1740,777,411,135
person_0011.jp,513,4746,11274,3336,2331,2607,2136,1788,861,408
plane_0385.jp,1521,2562,4797,6855,8397,2727,864,1023,813,441
person_0532.jp,657,621,4581,5313,5556,3774,4431,2157,606,2304
plane_0118.jp,852,2547,7431,5253,3714,3369,2703,1518,1518,1095
plane_0547.jp,4548,2922,2568,1584,1554,6888,9693,153,45,45
person_0281.jp,6366,3339,3216,2454,2628,4467,3816,2130,1125,459
plane_0421.jp,5457,3039,5478,3618,2883,2508,1380,2004,2616,1017
person_0671.jp,1587,2481,4887,7347,6468,2130,2139,1188,606,1167
plane_0509.jp,2049,1686,1023,777,2886,17643,927,900,702,1407
person_0717.jp,1503,3663,2190,2994,3693,3570,7284,2403,1983,717
plane_0320.jp,1221,3762,7785,4536,3303,1947,1257,1530,1323,3336
person_0311.jp,2979,4692,4851,3051,2805,2751,3360,2568,1620,1323
person_0446.jp,741,1908,6753,5859,4230,5115,4350,669,162,213
person_0015.jp,4953,3573,3636,2982,3192,3204,4374,1887,1419,780
plane_0620.jp,414,1842,3330,7269,8889,2466,1278,2025,1638,849
plane_0253.jp,1257,2997,7146,1830,1422,11259,795,753,759,1782
plane_0062.jp,723,5244,3672,4863,3345,3378,945,1569,3225,3036
person_0443.jp,1605,4317,5268,5817,3447,2466,2385,2595,1674,426
person_0327.jp,1968,3870,7545,3330,1932,2850,3780,3210,1200,315
person_0170.jp,4353,846,1128,1533,2877,3162,2844,1983,9591,1683
plane_0224.jp,1128,1623,2640,5037,7032,3384,6363,1149,1113,531
person_0399.jp,2988,4089,1752,3075,3336,3846,2895,1590,5520,909
plane_0718.jp,2121,1716,1359,2442,8562,5133,2538,2622,993,2514
plane_0175.jp,1191,1317,2139,1548,942,678,813,900,3909,16563
person_0626.jp,5472,4134,3015,2655,5187,3723,2664,1104,1164,882
person_0549.jp,6186,5652,3486,2118,1923,2472,1971,2493,2523,1176
plane_0433.jp,876,4758,5649,4995,4104,1542,1413,1233,2055,3375
person_0218.jp,4632,4566,5250,2937,2778,3240,1986,1248,2346,1017
person_0149.jp,6612,3552,1824,1062,1515,2784,7989,2529,273,1860
person_0201.jp,315,1275,3180,4152,2616,3186,1365,756,4068,9087
person_0366.jp,5049,3618,4704,3132,3486,3240,4776,549,336,1110
plane_0131.jp,1539,3075,4185,4056,3312,2223,2643,5391,3531,45
person_0430.jp,13299,2730,1434,1053,1131,1518,1806,2253,2667,2109
plane_0430.jp,771,3165,3003,3855,7020,3630,2235,963,1332,4026
plane_0229.jp,249,990,2511,3453,5937,6420,7590,600,708,1542
plane_0302.jp,1851,8829,7659,4254,1338,708,846,1065,2271,1179
person_0020.jp,7074,4857,5721,3495,1581,972,2481,900,2007,912
plane_0650.jp,717,3489,3060,3468,8100,5052,3975,1029,750,360
person_0276.jp,738,2790,2979,3204,5412,9705,2505,891,813,963
plane_0296.jp,7680,4842,6210,6300,2079,888,429,426,645,501
person_0312.jp,2592,3672,9708,939,1197,2226,3330,3846,2160,330
plane_0442.jp,1941,1599,1362,5433,13626,588,771,2025,2556,99
person_0384.jp,2031,879,1374,3309,7260,9789,3189,1524,540,105
plane_0559.jp,813,3690,1476,1476,7155,14139,768,294,150,39
person_0331.jp,3756,1089,1482,2637,5058,4680,4068,2532,2511,2187
person_0270.jp,5928,2997,2082,2349,3543,3120,2277,3315,2259,2130
plane_0555.jp,1071,3297,2214,993,1269,16902,1641,843,816,954
plane_0395.jp,2058,10278,7425,1473,1503,2361,3177,1647,72,6
person_0508.jp,564,726,1626,3879,3444,3924,5607,2649,1581,6000
person_0130.jp,723,2034,3264,7287,6111,4680,3720,1755,378,48
person_0123.jp,1977,2424,2751,5001,6612,3255,2913,2115,1950,1002
person_0706.jp,1317,1830,1461,1716,2484,3501,4056,6795,6765,75
person_0343.jp,2103,1500,1434,3783,7413,8616,3069,1218,618,246
person_0137.jp,672,864,5781,4662,4140,3054,2697,2604,2001,3525
plane_0560.jp,3150,1818,963,4035,15693,1107,684,624,555,1371
plane_0516.jp,1998,1629,1749,867,600,7812,9546,3666,816,1317
person_0397.jp,2553,2691,2703,4530,5520,3672,2313,2229,1773,2016
plane_0672.jp,204,933,4368,1899,14214,897,1029,1578,2550,2328
plane_0497.jp,2352,2199,1140,1065,16872,1353,804,1092,1008,2115
plane_0525.jp,843,1581,1119,885,1023,3666,14712,3777,981,1413
plane_0415.jp,1005,2337,3393,5778,15687,489,492,564,225,30
plane_0543.jp,408,1086,2706,4497,5322,5208,2931,2118,1953,3771
plane_0634.jp,303,3069,1380,10296,12219,603,546,642,462,480
person_0135.jp,4398,1944,2154,5004,5718,3390,3771,2508,891,222
person_0419.jp,222,1275,1722,1983,4146,7866,5829,1530,1134,4293
person_0028.jp,2421,2940,3006,4755,4290,3501,4302,3240,1023,522
person_0266.jp,4980,2352,3564,4056,6201,4335,2088,1389,888,147
plane_0707.jp,840,1707,2628,3420,6570,6363,3402,3777,1179,114
person_0569.jp,2247,4113,4314,3819,3573,5358,6273,156,69,78
plane_0266.jp,1473,2802,5850,5889,4083,3171,1599,2448,2163,522
plane_0352.jp,276,957,1863,2490,3732,12849,1671,1011,1332,3819
person_0187.jp,6144,3897,1404,1368,1323,1209,1404,2175,4875,6201
plane_0639.jp,3699,1149,927,3963,18120,594,486,327,399,336
plane_0165.jp,909,1965,1608,1488,3330,9819,7098,1812,1749,222
plane_0703.jp,474,1863,2481,3393,4173,7596,6792,1434,978,816
plane_0107.jp,645,2457,1578,1392,1371,1416,1587,12498,6966,90
plane_0456.jp,873,1710,2757,1374,1629,1542,1683,5721,8226,4485
person_0463.jp,762,3039,3615,3180,3276,4269,6438,3507,789,1125
person_0080.jp,1911,2253,5550,3657,5487,3027,1071,834,834,5376
person_0506.jp,12957,3849,1155,1419,2334,3276,2136,1086,348,1440
plane_0130.jp,420,807,591,1353,2835,1206,2517,15423,3531,1317
person_0417.jp,4395,2070,2400,4446,4851,8085,2208,1161,342,42
plane_0646.jp,1164,1917,2064,4494,12345,960,840,1059,1530,3627
person_0590.jp,4443,2334,3855,3408,4746,3612,2643,1344,948,2667
person_0136.jp,225,1728,1119,924,1680,1842,3087,3045,3552,12798
person_0166.jp,1032,6546,3657,3921,3804,3333,2727,2589,2058,333
person_0091.jp,1269,3522,3453,2400,5679,3729,1635,915,942,6456
plane_0651.jp,1254,3927,4737,4875,5274,3054,990,963,1359,3567
person_0587.jp,3189,2043,3915,4167,4200,3600,3033,3615,2133,105
plane_0353.jp,210,1428,2898,6468,9096,2319,1647,582,873,4479
person_0059.jp,2076,1980,1686,3444,3726,5373,5769,5187,405,354
plane_0508.jp,297,621,2985,1299,1116,20436,864,705,780,897
person_0178.jp,1929,759,1413,2994,4620,7104,4221,3279,3294,387
person_0160.jp,3291,6045,5928,5739,5115,2547,618,378,87,252
plane_0696.jp,3612,3903,2097,2235,3123,5913,2790,1929,1689,2709
person_0095.jp,378,2463,5757,5178,2625,3288,4671,4356,657,627
person_0641.jp,1065,1956,8136,6498,4917,3429,1806,1155,636,402
person_0576.jp,4572,7386,2748,3273,3405,3189,2406,2082,774,165
plane_0089.jp,4620,2040,2901,3543,4860,3900,4683,2814,582,57
plane_0147.jp,3453,3396,4875,4491,4911,3960,2439,843,1599,33
person_0507.jp,2718,5697,3903,4065,4095,3291,3825,1581,519,306
person_0495.jp,1998,1359,1992,3972,5724,4584,5763,3048,774,786
plane_0172.jp,330,1806,1959,2841,2043,1797,1545,1659,13185,2835
plane_0529.jp,276,1836,1224,2358,11073,6864,2676,1500,1020,1173
plane_0298.jp,717,1428,3432,7881,6324,4893,3933,681,414,297
person_0689.jp,2664,1428,1593,2088,12141,2058,3138,2922,999,969
person_0350.jp,6834,2199,1674,1137,1821,4305,4848,1920,993,4269
plane_0637.jp,777,879,2556,1599,8223,11382,651,660,894,2379
person_0359.jp,2820,1638,2850,3945,3828,3345,5232,2703,792,2847
plane_0428.jp,165,411,8298,6921,5682,618,915,1632,2829,2529
plane_0322.jp,198,714,2094,2724,3210,3204,6723,3432,4005,3696
plane_0668.jp,855,8445,6066,3177,4071,1494,1341,1503,2667,381
plane_0154.jp,942,2592,2010,1530,1380,3324,9321,7014,1302,585
person_0726.jp,10200,3000,3216,4272,3660,2646,744,924,1053,285
person_0453.jp,2829,3765,4041,3357,5094,5061,2856,2088,723,186
plane_0205.jp,834,3309,2370,12759,3996,1062,1281,894,954,2541
person_0334.jp,6708,3228,3411,3723,4023,3291,2412,2457,729,18
plane_0585.jp,681,4410,1443,1434,17343,1533,939,744,594,879
plane_0345.jp,1083,2082,1884,4059,4248,4995,5691,2331,1065,2562
plane_0472.jp,1488,1215,2268,1959,15954,888,888,945,1239,3156
plane_0319.jp,657,4821,6072,6024,4542,627,930,1227,1470,3630
plane_0250.jp,66,384,2868,3084,7653,10866,804,867,1251,2157
plane_0558.jp,558,2535,2265,1860,6264,14022,585,546,447,918
person_0720.jp,2841,1197,2259,3537,5040,4938,3459,3699,1119,1911
plane_0267.jp,606,3327,10641,6555,2022,1233,1191,1413,1692,1320
person_0027.jp,2043,2715,2706,3225,6348,2094,7752,1440,1095,582
plane_0256.jp,456,1461,2382,2055,8625,10212,837,939,915,2118
person_0662.jp,8310,4968,3264,3123,2061,1944,2154,2550,1299,327
person_0452.jp,1866,5055,6066,4761,3600,3465,2712,1035,654,786
person_0223.jp,2994,5070,6819,3180,2859,4578,1752,1134,657,957
person_0005.jp,258,1206,2895,3906,7050,4875,2871,3366,3333,240
person_0624.jp,972,5907,3369,2574,5097,6648,3156,675,999,603
person_0134.jp,2397,2643,5943,6837,4605,3426,2607,528,345,669
plane_0117.jp,1044,3144,5781,4062,4668,2538,3030,2085,2688,960
plane_0417.jp,2517,1629,1155,2391,17406,1185,972,1290,1215,240
plane_0717.jp,2250,1596,906,13344,3318,1242,3114,1605,771,1854
person_0365.jp,9399,3690,2250,2091,2052,3255,4002,1995,393,873
plane_0104.jp,1611,4602,2946,1557,903,1242,15027,1650,438,24
plane_0349.jp,156,303,1545,2706,6426,9663,2145,2505,3417,1134
plane_0507.jp,480,1380,1923,1791,19371,1179,828,912,822,1314
person_0126.jp,5322,1377,1083,2046,4461,5496,3204,1599,2460,2952
plane_0318.jp,255,1626,1701,14505,5493,831,684,780,1326,2799
person_0052.jp,2598,1308,2049,3600,5121,2442,5271,4476,1803,1332
person_0357.jp,4512,2085,4149,4290,5175,4485,3789,1197,282,36
person_0445.jp,2730,3579,3804,3120,2421,3591,5160,5064,330,201
plane_0482.jp,1926,2598,5028,6642,6930,1860,1008,747,1080,2181
plane_0201.jp,546,3078,1032,942,6912,12696,1611,1110,822,1251
person_0087.jp,7095,4878,2697,1920,2040,2268,2436,2484,2238,1944
plane_0501.jp,2070,1983,1416,852,13377,5781,711,774,1023,2013
plane_0588.jp,264,1887,2148,2973,5007,6135,7359,981,1377,1869
person_0142.jp,2295,2847,4440,3285,3303,3441,3093,3306,2073,1917
plane_0594.jp,912,1671,1545,14157,5616,945,651,915,1029,2559
person_0482.jp,1566,2124,3093,4740,4104,4935,4797,3147,1323,171
person_0541.jp,528,2904,4332,5544,6912,5076,3492,1125,24,63
plane_0370.jp,663,3234,3444,2970,4152,3765,9933,855,507,477
plane_0329.jp,1056,1359,9312,5082,1101,4407,1803,906,1230,3744
person_0431.jp,69,252,1242,6684,3768,3180,2883,2397,9219,306
plane_0666.jp,1134,4815,6741,9312,1623,1224,1032,1362,2649,108
plane_0714.jp,4245,2058,2484,7290,12960,480,228,156,63,36
plane_0079.jp,4047,3774,1581,1740,3273,5592,3873,3651,1548,921
plane_0423.jp,1983,4446,3330,3258,2853,4767,4353,1755,2703,552
person_0199.jp,4302,5427,5847,4194,4473,2982,846,474,531,924
plane_0048.jp,7167,1617,1023,657,1524,4857,2658,918,1365,8214
person_0595.jp,2046,3621,2463,2826,2892,3855,4629,2835,1533,3300
person_0653.jp,7071,927,933,1653,2802,4362,6705,4887,525,135
plane_0286.jp,261,750,2481,2187,2214,15729,1464,2268,2388,258
person_0085.jp,7734,3477,2157,1704,2394,4422,3222,1458,1512,1920
person_0182.jp,9033,3255,3162,1638,1734,2868,4017,2310,621,1362
person_0203.jp,7308,7011,4593,2922,2586,1983,1845,1266,408,78
person_0503.jp,15924,4668,1908,1572,2496,2085,864,198,51,234
person_0462.jp,8232,1497,1590,3906,6519,5274,1920,258,393,411
person_0251.jp,4767,1566,2316,5544,6804,5757,2289,411,402,144
plane_0437.jp,843,1686,2628,6966,8991,5460,2625,438,285,78
plane_0125.jp,306,1248,1272,2184,4692,7137,4014,5703,2766,678
plane_0038.jp,8994,1785,2733,2412,1917,1884,1869,3561,2238,2607
plane_0074.jp,4881,1290,1344,1392,843,1296,5046,9498,3552,858
person_0440.jp,3273,3060,4506,3546,3531,2736,3846,3690,837,975
plane_0604.jp,300,2691,1365,20841,1191,591,519,729,780,993
person_0296.jp,2214,5097,2580,1857,5193,5214,3714,2433,1413,285
person_0041.jp,3681,10497,3039,2340,2220,2052,2337,1935,843,1056
person_0552.jp,7953,4401,7107,2886,3168,2838,1278,291,60,18
plane_0111.jp,1227,3147,9195,4407,4008,2361,2319,1266,867,1203
person_0352.jp,8175,1947,1893,3012,4143,4440,4620,1617,135,18
plane_0207.jp,609,1980,2109,1161,10647,7002,2397,1104,732,2259
person_0355.jp,2400,3594,4053,5808,4281,4461,2760,1353,891,399
person_0244.jp,4932,8115,6417,4152,3849,2001,201,105,114,114
plane_0362.jp,372,1740,2973,3444,3579,10227,1368,885,1542,3870
plane_0069.jp,219,645,1470,3417,6183,4344,3462,3588,6540,132
person_0677.jp,2280,2064,1710,3969,5655,6606,4341,2421,837,117
person_0155.jp,786,3633,1512,3585,4266,3138,6822,3852,2004,402
plane_0013.jp,1470,1278,1149,1521,1323,4968,11532,1713,1974,3072
plane_0328.jp,1293,2835,2274,1473,3150,11745,876,1107,1470,3777
plane_0050.jp,1092,2553,2472,2547,2739,2568,3723,10878,1323,105
plane_0539.jp,1158,939,2157,6681,10641,3825,1914,2244,357,84
plane_0119.jp,1632,3729,5520,4299,3417,4143,2244,2283,2622,111
plane_0098.jp,1644,4998,5034,5367,3450,3291,2781,930,939,1566
person_0214.jp,684,2913,3093,3657,7374,4614,2091,1854,2094,1626
person_0534.jp,642,1875,4557,4176,5697,3762,3663,1752,1719,2157
plane_0311.jp,987,4185,2283,1548,12159,1890,1278,2610,2757,303
person_0210.jp,2697,6213,2289,1620,3546,4350,4944,2724,1167,450
plane_0581.jp,1386,3321,2970,2145,2292,3921,4008,3801,2418,3738
person_0540.jp,11421,1104,2223,4245,3285,1998,1323,1737,1209,1455
person_0614.jp,4908,5418,1572,1758,3084,2493,3093,3693,2931,1050
plane_0009.jp,4476,1977,1920,1617,1347,1944,3171,1545,7845,4158
plane_0687.jp,408,1278,1830,2055,6918,11208,2193,1668,1233,1209
person_0036.jp,4131,6150,6663,3567,3858,3162,1017,288,333,831
person_0310.jp,7056,2361,2157,2361,3678,5391,2652,960,1635,1749
person_0190.jp,525,2319,4449,2721,3765,3963,2421,1347,2664,5826
person_0299.jp,5400,4986,3615,2934,2169,3015,2880,2178,1770,1053
person_0449.jp,2220,8367,2916,4836,3723,2661,2550,1221,573,933
person_0518.jp,3921,2529,4314,3558,3144,5112,3069,1815,1047,1491
person_0704.jp,1704,2790,3591,3672,2835,3117,7620,2748,1701,222
person_0271.jp,8325,3246,4062,5565,4179,2520,603,177,498,825
plane_0378.jp,384,1656,5637,9807,4488,2547,2220,924,471,1866
plane_0215.jp,60,129,477,2559,7944,2760,5937,4932,1962,3240
person_0489.jp,2832,3384,2049,1773,1866,2073,3558,4842,1686,5937
person_0683.jp,5367,1200,1428,2685,3660,6957,4992,2124,726,861
person_0426.jp,2574,1158,1707,2916,3306,3216,3771,6552,3411,1389
plane_0702.jp,1029,1329,2421,2346,3390,7488,8022,1209,2214,552
plane_0492.jp,3273,3096,900,1152,16059,651,711,1020,939,2199
plane_0468.jp,618,1947,1173,2613,4611,10851,999,1017,1143,5028
person_0239.jp,1899,4884,6354,3504,3018,2214,2352,1608,1587,2580
person_0406.jp,7515,2706,2547,3987,3657,2712,2184,2622,1755,315
person_0454.jp,1098,2709,7542,4734,3144,6129,2106,1254,933,351
plane_0238.jp,1335,7005,5775,5007,3936,1800,807,597,705,3033
plane_0246.jp,204,2436,11325,5370,1548,1290,5271,987,663,906
person_0533.jp,4533,3033,2484,3864,2919,2544,2538,3432,3270,1383
plane_0347.jp,198,1164,3207,7683,10701,2649,2814,1236,198,150
person_0054.jp,2493,1776,1761,2757,5085,4059,2232,1722,2094,6021
plane_0139.jp,1929,3507,14205,4281,1731,2808,918,462,141,18
plane_0408.jp,750,3033,3723,16176,1335,1113,1242,1296,1233,99
person_0511.jp,3495,3384,3408,5655,5418,2835,750,480,3033,1542
plane_0294.jp,441,2682,9531,6861,2724,2112,3603,705,669,672
plane_0593.jp,663,2550,1713,2715,11340,5718,2025,669,891,1716
person_0306.jp,2952,4041,4464,4152,3582,3315,2364,4089,390,651
person_0242.jp,7962,2391,2277,3384,4083,2430,1587,1917,2280,1689
plane_0113.jp,918,1794,1791,1653,1593,1407,1041,1269,1557,16977
plane_0488.jp,2106,2070,1317,20046,921,423,351,384,519,1863
person_0133.jp,2466,3177,3948,6723,3981,1953,1164,636,576,5376
person_0716.jp,1920,1836,1233,3456,6177,4161,2943,2106,5532,636
person_0138.jp,5478,2349,2967,1194,2217,3690,5025,2610,1065,3405
person_0542.jp,1125,2283,7038,8274,4893,2103,1635,900,624,1125
person_0229.jp,3579,1824,2664,2622,4371,3498,4419,4683,1686,654
plane_0019.jp,4674,3006,2139,1191,735,357,360,504,8244,8790
person_0125.jp,7005,2067,4539,3096,3138,4194,3870,1185,345,561
plane_0283.jp,1713,5670,4809,2829,522,387,525,4683,7623,1239
person_0235.jp,4506,1500,1851,3363,5331,5598,3690,1962,1389,810
plane_0706.jp,1479,3666,3537,3894,6033,3204,2403,2190,2448,1146
person_0156.jp,624,2598,2019,2028,2970,4062,10659,3828,1080,132
plane_0070.jp,381,657,1443,2244,4161,6381,5811,2778,5910,234
plane_0307.jp,1782,4140,2301,1575,16779,1608,921,651,225,18
person_0619.jp,2046,3402,2643,2106,2043,2061,4188,6177,4092,1242
person_0144.jp,2406,1170,2106,4260,5202,4290,3120,2526,3450,1470
person_0106.jp,9051,6402,2406,2457,1191,1626,2292,2619,1590,366
plane_0403.jp,2499,2799,15036,1485,2391,867,777,1008,1908,1230
person_0654.jp,2526,4881,2880,4437,3684,3654,3474,2367,1326,771
plane_0644.jp,369,1311,4287,15303,2322,3900,1026,732,462,288
person_0307.jp,7632,7287,3069,1608,1716,1794,2580,3111,1047,156
person_0228.jp,2220,5658,3516,1851,3585,4296,3174,2370,1587,1743
person_0448.jp,2751,3642,5025,5214,4695,2574,1347,2133,2376,243
plane_0533.jp,192,1647,2880,2022,735,903,17625,2589,642,765
person_0612.jp,11991,4047,3282,3552,5532,1443,81,42,18,12
person_0616.jp,3777,3975,3045,3432,2916,2556,3135,4056,2757,351
plane_0640.jp,339,1341,2904,8925,7323,3294,1227,822,894,2931
plane_0274.jp,3351,2904,1332,546,924,1356,1200,5457,11901,1029
plane_0545.jp,2190,2439,2352,1707,13122,2757,867,717,801,3048
person_0719.jp,18111,4059,2238,1269,1473,1239,717,363,315,216
person_0513.jp,2709,2163,2982,4272,6237,4119,3531,2310,1038,639
plane_0608.jp,216,996,1716,20778,897,705,717,981,1233,1761
person_0725.jp,1917,4116,10440,4356,3054,2388,1545,696,486,1002
plane_0629.jp,2175,1335,1404,7626,11970,573,648,900,1029,2340
person_0255.jp,2061,2508,5262,8748,3906,4188,2286,690,6,345
person_0351.jp,1959,897,2778,3396,3321,4503,2469,1032,594,9051
person_0684.jp,159,639,2577,6687,7362,4458,1710,3372,1716,1320
plane_0383.jp,750,4983,6066,8013,2886,5583,261,267,639,552
plane_0710.jp,1422,2139,1179,2937,6198,8721,5394,1779,189,42
plane_0077.jp,4263,10914,5721,2919,1587,1260,846,618,804,1068
plane_0093.jp,4590,3510,5082,5616,5454,1893,1350,999,903,603
person_0021.jp,5388,7881,4206,2949,3369,2322,1056,978,1200,651
person_0564.jp,1182,3054,2373,2217,2589,2985,4860,3984,2766,3990
plane_0653.jp,270,1995,3927,14730,1056,1203,2103,1695,1572,1449
person_0309.jp,2178,2235,3417,4227,3660,2727,1701,1233,876,7746
plane_0504.jp,477,270,432,1245,2118,20214,561,708,870,3105
plane_0222.jp,1914,1776,1650,1422,19824,1215,1158,621,339,81
plane_0603.jp,378,1440,1938,20457,1119,834,672,636,624,1902
plane_0313.jp,459,1398,2466,1863,1215,18561,1917,771,795,555
plane_0155.jp,1107,1245,4395,5271,7494,6270,2190,1488,492,48
plane_0014.jp,2685,1518,1029,816,2058,8136,6621,4110,2100,927
plane_0282.jp,1905,7854,8235,3891,1851,2466,2709,876,168,45
person_0145.jp,1827,3249,4086,3471,4302,2571,2334,3000,4044,1116
plane_0647.jp,366,1167,3108,10464,6513,2718,690,540,942,3492
person_0004.jp,126,4194,2964,10260,3576,2127,2445,1989,1947,372
person_0152.jp,3774,1116,1470,1377,2322,4236,5817,1386,669,7833
person_0146.jp,4836,3756,2688,5376,5535,2172,2475,1854,753,555
plane_0425.jp,1524,2256,4236,4488,8022,2100,1149,1497,3123,1605
plane_0023.jp,2772,1977,2751,2013,2253,2988,2394,1410,3381,8061
person_0652.jp,4551,5181,1815,1434,1647,3570,3990,4584,2514,714
person_0319.jp,5940,4443,3927,6237,2856,3096,2259,948,147,147
plane_0101.jp,1404,1857,1734,1413,2523,16989,1806,1425,678,171
plane_0444.jp,1200,972,1539,10293,8343,810,1017,1767,2952,1107
plane_0645.jp,357,1254,2763,10143,6162,3180,618,564,1080,3879
person_0283.jp,6372,4848,1578,2196,4227,6384,3315,408,207,465
person_0315.jp,1035,2007,2568,6366,7428,2844,1989,2301,2601,861
person_0699.jp,10680,3630,1416,1332,1833,2781,4824,2628,528,348
plane_0571.jp,1572,813,1086,954,1200,20457,654,594,927,1743
person_0206.jp,4284,2154,2514,2589,4602,4383,3627,1695,2262,1890
plane_0179.jp,1596,2655,3972,5007,4974,3933,1008,1035,5748,72
person_0328.jp,4209,1938,2109,3330,4278,3225,3051,3153,3381,1326
plane_0578.jp,1647,489,714,3141,2448,474,558,19587,504,438
plane_0567.jp,2178,1446,1086,627,573,19413,897,855,1899,1026
plane_0203.jp,525,2628,3942,10299,4254,1452,1116,1344,2805,1635
plane_0029.jp,3021,2676,4614,2139,2601,4641,3318,2958,1515,2517
person_0273.jp,435,2085,3267,4365,5970,5826,3933,2079,1122,918
person_0241.jp,1878,3021,2283,2442,3237,3339,3918,4044,3009,2829
person_0118.jp,240,1083,2409,4071,7524,5259,3483,3750,1596,585
person_0487.jp,5205,3072,1422,1989,4386,4098,3816,2460,2583,969
plane_0381.jp,2706,5298,6726,6705,2853,1386,1194,2121,936,75
person_0539.jp,516,693,1362,4053,6993,5400,3033,2388,2058,3504
plane_0260.jp,807,1893,3372,2511,1131,6876,5604,3567,3450,789
plane_0503.jp,1329,1665,1413,849,17376,3129,948,840,888,1563
person_0040.jp,2886,2517,3522,4647,8289,3672,2925,900,192,450
plane_0366.jp,120,516,1356,1836,2916,7407,12342,1215,1005,1287
plane_0028.jp,2583,1665,2091,3597,4737,3267,3054,6699,1863,444
plane_0455.jp,447,1218,3786,4278,3456,3297,2484,5382,2706,2946
plane_0405.jp,186,5019,11979,7449,1458,1098,702,894,672,543
person_0551.jp,6012,3609,2061,2730,5904,5388,1053,267,324,2652
person_0714.jp,14373,2268,1335,1071,1494,1689,1749,1812,2154,2055
plane_0716.jp,3675,2526,2616,1476,2007,16893,504,138,129,36
plane_0404.jp,1026,3702,16011,1818,717,972,1098,1380,2205,1071
plane_0684.jp,2343,1470,1902,1233,1389,1554,3573,5853,4434,6249
plane_0122.jp,2340,4134,6630,4173,3840,2994,1047,816,2751,1275
plane_0643.jp,267,2052,6765,7665,4113,1962,1437,1686,2082,1971
person_0617.jp,2010,4095,1623,2379,3015,4581,4656,5253,1839,549
person_0648.jp,2424,3183,2847,1584,1683,2859,5022,5700,4320,378
plane_0537.jp,3252,3183,2811,3885,5889,4863,2940,1149,1404,624
plane_0326.jp,921,1497,1905,10494,3894,1743,4134,1059,1413,2940
plane_0553.jp,54,756,1470,987,747,846,759,1533,20664,2184
person_0264.jp,4659,5775,6396,1863,1461,1827,2256,2457,2601,705
plane_0173.jp,207,1440,2868,4290,2259,2157,5448,7737,3255,339
person_0154.jp,5709,1080,2583,3774,1530,2661,3591,5487,3105,480
person_0376.jp,13491,2040,2307,2259,3060,3549,2100,495,252,447
person_0225.jp,4122,3729,1587,2721,7536,7176,1161,327,351,1290
person_0208.jp,957,1194,1626,1125,1725,4716,5547,3312,360,9438
plane_0438.jp,273,1755,5448,10176,6693,2835,2097,432,111,180
plane_0063.jp,2019,666,954,888,666,615,852,1668,2178,19494
person_0034.jp,3534,1905,1914,1413,2769,3636,3900,2598,5589,2742
person_0441.jp,3108,4635,4419,4902,3408,2667,3171,2430,579,681
person_0484.jp,9429,2499,1053,1188,1281,1677,2004,2643,1884,6342
person_0692.jp,7164,3180,3717,3174,1947,3828,1929,705,2421,1935
plane_0410.jp,1518,1728,3789,2106,15972,1554,1299,1605,345,84
plane_0164.jp,1203,1881,5784,7413,4725,3111,2001,1263,1314,1305
plane_0511.jp,969,1773,1458,1152,1719,19764,798,795,645,927
plane_0389.jp,2913,3702,4761,5094,5202,2613,2175,3054,435,51
person_0633.jp,1134,2178,3207,2151,2910,6000,3843,3939,3336,1302
person_0475.jp,4644,801,891,1062,2121,2619,4944,5157,1797,5964
person_0516.jp,1305,2067,4974,6846,4794,4212,2631,1416,858,897
plane_0447.jp,348,819,1536,7176,12399,990,1014,1317,2307,2094
person_0401.jp,5856,3864,3300,2517,2586,1467,1524,1275,732,6879
person_0092.jp,4941,4146,3951,4422,3390,2028,2163,2178,1821,960
person_0708.jp,1374,2406,2217,1773,2055,3078,2709,2298,306,11784
plane_0586.jp,348,1356,1641,2187,16998,2289,909,924,1200,2148
plane_0478.jp,327,2184,1182,939,894,1203,1038,15252,6561,420
person_0114.jp,7884,2832,3384,3237,2064,2610,3390,2706,1341,552
person_0195.jp,6486,2214,3096,3444,6114,5700,1467,894,270,315
person_0284.jp,3663,4731,2436,2799,4731,4497,2406,1380,624,2733
person_0531.jp,3339,4128,5001,4731,6486,2769,1713,648,405,780
person_0224.jp,1743,3879,2058,4719,4908,5049,3303,1629,522,2190
plane_0690.jp,648,2394,2418,2319,1917,10338,3219,1308,1863,3576
person_0322.jp,2838,2232,2382,1032,1347,2298,5532,4128,1635,6576
person_0593.jp,4071,2994,5544,4092,2763,2889,2892,1347,681,2727
plane_0331.jp,201,1128,948,1599,1866,2265,4272,9003,7959,759
plane_0314.jp,2778,2931,1983,17214,585,564,777,1119,1569,480
person_0592.jp,4077,2352,2748,3825,3819,2871,3069,3108,1635,2496
plane_0213.jp,2271,3087,2361,1701,1212,13230,2433,3564,84,57
plane_0480.jp,294,2124,3498,1617,828,7173,13287,876,246,57
person_0086.jp,1497,5634,3186,2241,3639,5625,5082,927,375,1794
plane_0449.jp,315,912,2604,3522,16074,993,924,924,1404,2328
plane_0701.jp,12342,5415,3870,2778,1566,1014,891,903,546,675
plane_0159.jp,558,2154,1995,9456,7680,1176,1548,1785,3042,606
person_0257.jp,2550,5841,2805,1455,1569,2721,4299,6600,1383,777
person_0321.jp,5883,1986,2289,2775,3900,3900,4893,2451,1269,654
plane_0359.jp,297,945,1392,1554,6885,7182,4467,2640,2079,2559
plane_0429.jp,492,1257,4374,4422,8118,2910,1740,1818,2178,2691
person_0657.jp,1920,1728,1605,1287,2040,3117,4818,9183,4086,216
person_0688.jp,7203,1863,3735,3636,6246,2733,2286,321,969,1008
plane_0333.jp,711,1902,705,954,9771,8778,849,885,1047,4398
plane_0711.jp,315,1068,3105,4782,10878,4254,1188,1194,1290,1926
person_0290.jp,2328,4026,2319,2253,2928,3123,2652,6489,2562,1320
plane_0226.jp,1071,3390,4899,5049,4644,3798,2508,975,1404,2262
plane_0590.jp,1065,3102,1707,1659,2034,17400,1155,633,657,588
plane_0156.jp,651,1785,1533,2610,6699,7200,3867,3240,1338,1077
person_0632.jp,1551,3114,4611,4590,4833,4569,2052,2106,1068,1506
plane_0176.jp,4299,1461,735,687,702,2520,2772,6471,8535,1818
plane_0233.jp,669,2523,6585,6105,7383,1038,1743,1419,2319,216
person_0656.jp,1212,801,1464,2844,5082,4809,5055,4026,1467,3240
plane_0054.jp,957,2217,1785,1368,933,975,1257,4815,9087,6606
plane_0097.jp,6741,9255,5340,3477,2181,1047,561,684,660,54
plane_0149.jp,708,1533,4485,10101,10071,2103,582,207,129,81
person_0548.jp,9519,4653,2439,2013,2127,2058,2706,2580,1488,417
person_0230.jp,3771,4104,1752,2979,4767,4905,4362,2370,600,390
person_0112.jp,1962,3504,3888,4296,4287,2553,1785,3360,2247,2118
person_0577.jp,2394,2931,4203,4986,4779,5436,2142,1860,1197,72
person_0248.jp,6138,5085,6003,3813,2208,1806,1572,1368,1146,861
plane_0563.jp,1212,1932,1122,2019,18786,777,825,1455,1317,555
person_0097.jp,4467,5406,2025,2736,2229,1890,3222,4608,2772,645
plane_0270.jp,2010,5097,8808,6108,2289,1443,1335,1389,1005,516
plane_0276.jp,1176,2001,2205,1530,1095,6381,13227,600,648,1137
person_0304.jp,1581,1836,7548,1614,2265,3195,2928,3078,2133,3822
plane_0597.jp,669,2715,2133,18954,759,450,345,573,885,2517
person_0048.jp,3822,570,3147,5259,5232,4716,3903,2610,636,105
plane_0030.jp,2643,2253,3369,1677,2523,681,705,1644,6432,8073
person_0660.jp,8667,2574,3027,3564,3351,3315,2313,1968,987,234
person_0006.jp,2526,1371,4044,4920,4317,4659,4986,1995,903,279
person_0640.jp,4548,3504,4992,1878,1653,1992,2976,3036,4815,606
person_0046.jp,912,3048,1950,2811,2196,3426,2487,2403,798,9969
plane_0441.jp,1539,1050,1713,16974,1128,816,882,1467,2160,2271
plane_0231.jp,684,3090,2196,1707,1224,1155,1584,9624,8667,69
plane_0332.jp,1485,1935,816,972,1164,4290,14472,1722,1290,1854
plane_0577.jp,510,1809,2034,3852,7446,3255,5328,1398,1041,3327
plane_0427.jp,255,582,7722,7890,5499,1863,630,942,1401,3216
person_0581.jp,3900,4104,4731,3942,4221,4062,2808,2073,81,78
person_0090.jp,3972,1383,1212,2196,3483,5772,2973,507,381,8121
plane_0281.jp,3033,5559,7470,5760,3984,1836,810,453,453,642
plane_0484.jp,1422,1209,1365,6462,4965,6915,3273,1803,825,1761
plane_0377.jp,876,11277,8148,1983,1116,1803,1806,1083,1347,561
person_0565.jp,1416,2703,1332,1419,3864,6384,4641,3939,3471,831
person_0184.jp,4932,5169,3450,1272,1548,2199,3210,2988,1041,4191
person_0260.jp,1524,6213,5727,3447,3135,3585,4131,1734,417,87
plane_0236.jp,525,2508,2472,1542,15357,1071,849,882,1323,3471
person_0024.jp,2376,3894,4254,5841,4401,2166,2649,3609,471,339
plane_0351.jp,123,1299,2169,3879,11907,4770,1797,1179,1290,1587
person_0597.jp,2292,3579,2847,2631,2928,3915,4857,3627,888,2436
person_0032.jp,1665,2982,2919,3129,9105,3462,3633,2022,471,612
plane_0592.jp,588,2928,1182,7884,4338,6558,2310,513,1284,2415
plane_0186.jp,2538,2418,4281,5535,3810,5079,2730,1980,1419,210
person_0468.jp,5775,7713,5205,2349,2559,3186,2769,162,144,138
person_0047.jp,54,7692,1692,1944,3111,3717,4563,3918,2169,1140
plane_0240.jp,1584,3735,2862,14754,897,705,861,1209,1452,1941
plane_0280.jp,2106,2784,2343,3684,4434,2811,6627,5004,192,15
person_0690.jp,11826,2361,1935,1746,1542,1791,1944,2394,2691,1770
plane_0393.jp,1707,6237,11631,1854,807,1227,1782,2694,2022,39
plane_0628.jp,225,1281,2085,4839,16773,696,843,948,981,1329
plane_0627.jp,543,3297,2142,1224,17685,753,771,765,756,2064
plane_0661.jp,297,2046,4551,8979,4509,1866,1380,1443,1803,3126
person_0197.jp,3471,4659,6816,5166,4461,2625,597,288,696,1221
person_0526.jp,2316,1533,3042,6357,7170,3969,3381,657,390,1185
plane_0587.jp,417,2652,2658,1896,13725,4383,2253,1137,507,372
person_0613.jp,11463,3999,2775,2145,2283,2475,3264,1347,150,99
person_0147.jp,1665,1458,4608,3537,3312,3180,2775,7401,2025,39
person_0571.jp,774,993,2196,3972,4617,6564,6594,2778,1086,426
plane_0476.jp,1029,1983,1542,15321,2223,882,858,987,1917,3258
person_0122.jp,1740,1632,3789,3420,4182,8313,2571,2628,1461,264
person_0390.jp,2880,1479,1005,1653,3129,3768,3483,3417,2823,6363
person_0232.jp,3300,2919,2199,2985,4422,4776,7308,1779,300,12
plane_0163.jp,294,1695,2478,2754,5298,10548,5487,927,411,108
plane_0361.jp,282,846,2325,2619,4425,12576,3666,1632,870,759
plane_0617.jp,1506,3486,4479,4650,6891,3750,3237,1686,198,117
person_0478.jp,384,2937,4569,3933,3315,3795,4431,2940,1212,2484
person_0168.jp,243,831,1422,2067,5892,5484,5856,3720,4044,441
plane_0655.jp,141,558,2583,7698,5202,5373,2097,1101,1092,4155
person_0164.jp,1224,1986,3192,3345,3513,3354,7740,4530,939,177
person_0179.jp,471,1449,11145,4080,4602,2760,2235,1947,624,687
person_0158.jp,708,957,1194,2010,3030,5097,6438,5514,3150,1902
person_0697.jp,2715,2886,2934,5751,5871,4581,1485,396,951,2430
person_0483.jp,9141,3711,5193,5616,3003,531,165,219,288,2133
plane_0310.jp,2346,1434,2190,1677,2475,18213,693,330,372,270
plane_0656.jp,2103,1395,1563,6483,9654,3531,1125,507,741,2898
plane_0723.jp,837,3045,1044,1293,933,1557,18918,1440,600,333
plane_0024.jp,2184,1701,1587,2877,3252,3615,3888,2292,1518,7086
plane_0376.jp,594,10458,7350,2202,2289,1152,1110,2352,1710,783
plane_0094.jp,1269,3552,6894,6408,5823,3147,1416,1257,165,69
person_0570.jp,3816,2778,2832,3219,3492,4359,2301,855,1068,5280
plane_0633.jp,357,1248,6405,14976,1335,1158,1050,1062,1404,1005
plane_0000.jp,1878,867,1371,1431,4044,4260,2586,1887,8061,3615
plane_0386.jp,1644,6630,4887,4503,4020,1956,1917,1884,2214,345
plane_0686.jp,1527,1788,1629,1890,3630,6840,10848,1143,333,372
person_0599.jp,2901,3099,2706,4029,5064,3171,3423,1518,1371,2718
plane_0373.jp,4719,4605,1431,714,549,540,567,12342,4440,93
person_0067.jp,2292,7653,5328,2565,4374,4734,1941,531,330,252
person_0275.jp,5130,3213,2769,2955,2562,2736,1755,3120,5409,351
plane_0308.jp,4872,2046,1224,1509,7755,10452,651,534,486,471
plane_0338.jp,1419,2061,1755,2838,4875,6549,6957,960,480,2106
plane_0550.jp,291,915,2877,6078,7068,3345,2385,2022,1899,3120
plane_0561.jp,3312,2259,1068,1191,12147,6786,741,690,675,1131
person_0724.jp,2073,1770,3972,4467,3258,3012,2250,2004,2787,4407
person_0707.jp,8079,3672,3003,3243,2382,3213,2976,2703,150,579
plane_0631.jp,366,1722,1962,3207,16227,810,774,1032,1290,2610
plane_0575.jp,1479,2919,3120,3657,4860,3405,1632,3033,2133,3762
person_0702.jp,4401,3051,3189,4992,3420,2256,3198,1932,588,2973
plane_0045.jp,5940,3642,3594,4323,2136,2937,3984,2217,1101,126
plane_0052.jp,363,909,1998,2661,5886,8256,5802,1815,1839,471
person_0524.jp,3606,3000,4005,5292,2289,2100,2325,2100,2163,3120
plane_0082.jp,1575,2313,4794,6630,3759,4626,1827,1431,2574,471
person_0070.jp,2322,5754,3009,2157,2373,3366,3888,4662,1545,924
person_0061.jp,3753,3573,2613,993,1128,2070,3477,4209,3543,4641
person_0202.jp,10518,2061,3393,3189,2526,2991,2760,1638,741,183
plane_0273.jp,543,2415,3753,6270,7107,2985,2277,1455,1032,2163
plane_0132.jp,2457,3537,2778,3189,4491,1992,2580,6684,1578,714
person_0415.jp,6576,4503,2928,3567,4227,4584,2292,972,273,78
person_0113.jp,2547,5178,2490,2232,2139,6336,6360,1767,825,126
person_0150.jp,666,1320,2010,1125,1524,10869,6003,4974,1149,360
plane_0460.jp,594,1425,3066,3456,1818,1923,987,9276,4290,3165
person_0721.jp,2730,5811,3087,5346,4077,2049,2253,1722,1257,1668
person_0553.jp,1494,1551,2136,10485,5655,4995,2550,492,213,429
plane_0032.jp,4041,6129,10356,5382,2358,801,309,138,156,330
person_0386.jp,2058,1404,1173,1260,3150,6315,7143,4170,2340,987
person_0674.jp,2496,2343,2847,3636,6015,7674,3192,1518,240,39
person_0249.jp,2367,2979,3897,3738,4374,4239,4413,2940,516,537
person_0035.jp,4947,4401,3882,3099,2970,2679,2946,2919,1530,627
plane_0181.jp,543,2544,5061,5685,5910,6330,2076,1320,360,171
plane_0040.jp,4905,4164,2763,2835,1923,2361,1992,2205,2199,4653
plane_0002.jp,3003,1302,1887,2340,6708,10740,3201,660,132,27
plane_0216.jp,1491,2139,2886,3822,12003,2682,1383,1224,1062,1308
person_0693.jp,1377,3816,3696,2727,4080,5220,2517,1278,4311,978
plane_0162.jp,2598,2976,1344,846,846,834,1167,17586,1716,87
person_0110.jp,3039,5199,4254,3279,3756,3063,2757,2631,1647,375
person_0163.jp,4272,4074,4608,4995,3678,3525,2775,1626,354,93
person_0620.jp,3096,2058,3426,4413,4242,3918,3060,1296,3879,612
plane_0237.jp,1164,1965,1404,795,15666,2121,1323,1260,1350,2952
person_0167.jp,192,855,4641,4425,5169,4119,6030,483,765,3321
person_0655.jp,3882,3834,5241,3276,1590,2097,2628,3747,2871,834
plane_0464.jp,198,636,678,1149,2568,12675,6294,1323,1167,3312
person_0186.jp,291,1476,1842,1689,2607,4737,5784,2313,3675,5586
person_0056.jp,3537,981,4023,4041,3882,3099,3438,3609,1611,1779
plane_0183.jp,2520,1905,1482,3540,4338,3183,3153,4035,3597,2247
person_0033.jp,5331,2853,2118,1914,1953,2697,2976,7176,2451,531
plane_0043.jp,2880,2052,1830,2379,4854,2193,2073,1419,1578,8742
plane_0552.jp,321,1521,1911,1176,1182,6606,10140,1245,1548,4350
plane_0713.jp,519,2010,3135,17709,819,600,729,867,918,2694
person_0165.jp,10839,3264,3387,3516,3909,2607,1167,408,150,753
person_0546.jp,5376,4308,5340,2934,2661,1863,2103,2520,2133,762
plane_0459.jp,1842,2037,5700,7791,3138,3804,789,633,1134,3132
plane_0725.jp,3723,1833,906,708,3264,14913,1077,1113,1743,720
plane_0354.jp,168,1362,1557,1986,13494,2868,1689,1245,1788,3843
plane_0705.jp,1005,3270,4596,4902,4101,6090,3186,1383,1167,300
plane_0348.jp,105,600,1968,2838,8703,5967,1851,4161,2763,1044
plane_0343.jp,375,1038,1209,3252,6261,10938,2607,582,978,2760
plane_0548.jp,42,576,798,666,876,17838,3255,807,1314,3828
plane_0652.jp,2343,3696,2931,5394,11379,3516,525,171,24,21
plane_0337.jp,465,2097,1353,1893,3198,13221,6810,585,279,99
person_0649.jp,483,2016,3729,4791,5346,5634,5181,2232,411,177
plane_0678.jp,1392,723,567,588,699,2187,18171,1161,894,3618
plane_0323.jp,1074,2583,960,936,831,1164,6015,9723,3063,3651
person_0062.jp,1479,2661,2553,3255,2919,2613,3180,8160,2964,216
plane_0195.jp,3057,2637,810,1221,1869,5556,6768,5748,801,1533
plane_0505.jp,759,516,1872,2325,19701,528,567,486,804,2442
person_0314.jp,5874,4122,5289,2460,1935,2457,2844,2508,1869,642
person_0622.jp,1242,2124,4617,4518,3852,2889,3660,3261,2094,1743
plane_0569.jp,1488,2709,3729,3189,5853,4974,3147,921,1392,2598
plane_0271.jp,2142,3585,4521,4476,3036,2979,3666,1764,1455,2376
person_0402.jp,1200,1839,9480,5322,2658,2157,2367,1944,870,2163
plane_0199.jp,3486,2385,663,993,2526,14556,1587,816,1611,1377
person_0486.jp,7446,4167,2487,3714,4683,3981,1959,1137,360,66
person_0320.jp,240,855,4212,6555,5541,3951,2928,2154,1371,2193
person_0450.jp,4491,3537,3297,3519,2940,2682,2730,3753,2520,531
plane_0194.jp,573,420,10443,11484,1578,1413,1008,1665,1029,387
person_0700.jp,2301,1080,1791,4395,3879,2547,1854,1440,2025,8688
person_0670.jp,11715,2307,1389,2388,3681,4833,1617,516,378,1176
person_0602.jp,4506,417,2604,5730,2082,3579,5823,4035,747,477
plane_0636.jp,1569,1614,936,1092,13884,6294,750,777,870,2214
plane_0247.jp,1188,6996,3303,6684,5187,1155,1626,1209,1527,1125
person_0455.jp,7338,3117,4827,5241,3723,1995,1545,1050,933,231
plane_0407.jp,816,3273,4548,11742,2139,1227,1950,1341,2199,765
plane_0106.jp,1218,3294,2214,1647,1065,1296,2109,5067,5040,7050
person_0007.jp,144,927,2271,3057,4023,5004,4440,2196,1080,6858
person_0148.jp,4548,2124,1437,2103,5526,4029,3594,1713,1803,3123
person_0582.jp,7587,2952,1551,1584,2322,4353,5694,2355,240,1362
person_0586.jp,135,690,1860,4008,3366,4074,5496,4380,3300,2691
person_0591.jp,7335,2382,2394,3837,3822,5031,2820,1425,555,399
person_0672.jp,10233,1608,1713,2472,5277,4806,714,927,1338,912
person_0437.jp,7569,7422,3201,1083,1029,1191,2247,3657,2310,291
person_0676.jp,990,4569,6930,14754,912,141,249,552,744,159
person_0246.jp,6333,2748,1935,3984,7296,4896,1581,216,288,723
person_0109.jp,3051,1209,1830,2259,3273,3063,3903,3966,2142,5304
person_0466.jp,2637,2772,2742,3237,2865,3603,4293,4110,3444,297
person_0395.jp,1734,2565,3378,3234,3603,3627,3402,4050,2403,2004
plane_0440.jp,186,372,1269,17091,2871,624,498,504,780,5805
plane_0523.jp,2433,1251,1320,969,16992,2904,717,666,1062,1686
plane_0641.jp,774,1248,1776,3585,4842,5574,6315,1575,1293,3018
person_0344.jp,780,3402,2358,2298,3306,6039,5835,3174,1386,1422
plane_0682.jp,2091,2751,1752,1710,3807,7659,6399,3654,156,21
person_0262.jp,8460,2157,3651,2373,2514,2436,2595,2721,2070,1023
plane_0673.jp,1491,1221,726,711,19542,855,837,714,780,3123
